device,driverversion,duration (ms),frames,fps
NVIDIA GeForce RTX 4060 Laptop GPU,2475065344,30000.8115,31575,1052.4715

frame,ms
0,0.7867
1,1.3086
2,1.0519
3,0.8732
4,1.0553
5,1.3511
6,0.6664
7,1.0153
8,1.3689
9,0.8244
10,0.8656
11,1.2130
12,0.7882
13,0.7706
14,0.9116
15,1.2338
16,1.2068
17,1.1904
18,0.8644
19,1.0744
20,1.0110
21,1.2469
22,1.1384
23,1.1283
24,0.9126
25,1.0700
26,1.3031
27,0.5528
28,1.2119
29,0.9133
30,0.9136
31,1.0114
32,1.3632
33,0.6477
34,0.9181
35,1.3003
36,1.0774
37,0.7979
38,0.8777
39,1.0251
40,0.8626
41,0.9104
42,2.0610
43,0.4281
44,0.8256
45,0.7700
46,1.2208
47,0.7367
48,0.8097
49,0.9116
50,1.3384
51,1.2297
52,1.0570
53,1.2463
54,0.7000
55,0.8596
56,1.3287
57,1.0341
58,0.9556
59,0.8609
60,0.9845
61,0.8368
62,1.0529
63,1.5253
64,1.0869
65,1.1339
66,1.0333
67,0.9164
68,0.7779
69,1.2856
70,0.8753
71,0.9524
72,1.3899
73,0.7598
74,0.8437
75,0.9780
76,1.2695
77,0.8744
78,0.8377
79,1.0019
80,1.2525
81,0.7373
82,0.8896
83,1.2750
84,1.3123
85,0.9641
86,1.0725
87,1.6689
88,0.2973
89,0.8796
90,1.2315
91,0.9278
92,0.8890
93,0.9899
94,1.0995
95,0.8929
96,1.3008
97,0.8596
98,0.9269
99,0.9049
100,0.9366
101,0.9486
102,0.9675
103,1.4803
104,1.4836
105,1.0394
106,0.8699
107,1.0888
108,0.8282
109,0.8332
110,1.2937
111,0.9173
112,1.0027
113,0.9997
114,1.1408
115,0.8827
116,0.7800
117,1.3598
118,1.2804
119,0.8682
120,1.1286
121,0.9089
122,0.9795
123,1.4434
124,0.7990
125,0.7985
126,0.9644
127,0.9182
128,0.9405
129,0.9343
130,1.2860
131,0.9025
132,0.9322
133,1.4600
134,0.6549
135,0.7007
136,0.8572
137,1.2816
138,1.3243
139,1.0570
140,0.8415
141,0.9465
142,0.8736
143,1.1389
144,1.4002
145,1.0377
146,1.0591
147,0.8805
148,1.2648
149,0.8732
150,0.7733
151,1.3801
152,1.0524
153,1.1645
154,0.9079
155,0.8166
156,0.8898
157,1.3788
158,0.9016
159,0.9149
160,0.9424
161,0.9247
162,0.9614
163,1.0283
164,1.5029
165,1.1314
166,0.9471
167,0.7861
168,1.2681
169,0.5972
170,0.9324
171,1.2089
172,1.0959
173,0.9878
174,0.9550
175,1.0103
176,0.9168
177,0.8393
178,1.2096
179,1.5416
180,0.6717
181,0.8966
182,1.0318
183,0.9377
184,1.3322
185,1.3074
186,0.9990
187,0.9854
188,1.1592
189,0.7599
190,0.8893
191,1.4180
192,0.9372
193,1.1257
194,0.8545
195,1.0159
196,0.8597
197,0.8970
198,1.2616
199,0.8950
200,1.0484
201,0.9701
202,1.3044
203,0.5445
204,0.8488
205,1.6289
206,0.9674
207,1.0379
208,0.9275
209,0.8958
210,0.8697
211,1.2782
212,1.4911
213,0.8045
214,0.9156
215,1.0598
216,0.9871
217,0.9015
218,1.5094
219,0.7736
220,0.8419
221,1.2308
222,0.8693
223,0.6707
224,1.4141
225,1.5676
226,0.9450
227,1.1690
228,1.2172
229,0.8587
230,0.8706
231,1.3849
232,0.8692
233,0.9049
234,1.0360
235,1.0832
236,0.7150
237,0.9922
238,1.4523
239,1.8246
240,0.1371
241,0.7283
242,0.9402
243,1.0691
244,1.4196
245,1.3605
246,0.8487
247,0.8909
248,0.9770
249,0.9210
250,0.9299
251,0.9944
252,1.2039
253,0.8940
254,1.1611
255,0.6794
256,0.8984
257,0.9486
258,1.7291
259,0.7391
260,1.1028
261,0.8650
262,1.1233
263,0.9241
264,1.0916
265,1.4315
266,1.0706
267,1.0441
268,0.8706
269,1.1074
270,0.7401
271,1.2599
272,1.4037
273,0.9111
274,1.0399
275,1.0354
276,0.8921
277,0.9017
278,0.9048
279,1.4705
280,0.8854
281,0.7992
282,0.9726
283,0.8568
284,1.4391
285,0.7346
286,0.8696
287,1.1130
288,1.0214
289,1.1006
290,0.8271
291,0.8463
292,1.2949
293,0.8862
294,0.9613
295,0.9144
296,0.9899
297,0.9077
298,0.8406
299,1.5432
300,1.0184
301,1.2999
302,0.8144
303,0.9054
304,0.9673
305,1.0555
306,1.5831
307,0.9831
308,1.0718
309,1.0823
310,0.7692
311,0.9019
312,1.2738
313,1.3025
314,0.9418
315,0.9174
316,1.0404
317,0.8903
318,0.9127
319,1.3290
320,0.8345
321,0.9032
322,1.2261
323,0.7721
324,0.8595
325,0.8474
326,1.3129
327,1.2372
328,0.8942
329,0.9187
330,1.4703
331,0.5539
332,1.1149
333,1.0891
334,1.0358
335,0.9024
336,0.9186
337,1.1517
338,0.7860
339,0.9836
340,1.1737
341,1.2111
342,0.9797
343,1.2309
344,0.8091
345,1.2964
346,1.2947
347,1.1276
348,0.8745
349,0.8930
350,0.8759
351,0.9888
352,1.3751
353,1.2882
354,0.8977
355,0.8571
356,0.9985
357,1.0032
358,0.8877
359,1.3068
360,0.9603
361,1.1174
362,0.8440
363,0.7777
364,1.0592
365,1.2525
366,1.0218
367,0.9873
368,0.9053
369,1.1316
370,0.9402
371,0.7991
372,1.4139
373,1.0642
374,0.8499
375,1.7422
376,0.1204
377,1.0050
378,0.9221
379,1.3591
380,0.7926
381,0.9786
382,1.0898
383,0.9042
384,0.8808
385,1.0705
386,1.3491
387,1.0930
388,1.2180
389,1.0649
390,1.0339
391,0.9711
392,1.1925
393,1.2794
394,0.9116
395,1.0482
396,0.9461
397,0.9033
398,0.9728
399,1.2005
400,1.0244
401,0.8925
402,1.0433
403,1.0448
404,0.8721
405,1.2388
406,1.1969
407,0.8627
408,0.9060
409,1.0074
410,0.9585
411,0.9781
412,0.9480
413,1.3228
414,0.9345
415,1.1297
416,0.9148
417,0.9687
418,1.1258
419,0.6699
420,1.9562
421,0.9496
422,0.7869
423,0.8843
424,0.8992
425,1.0965
426,1.3400
427,1.1716
428,1.0268
429,1.0193
430,1.3421
431,0.6643
432,0.9222
433,1.3950
434,0.9123
435,1.0628
436,0.9562
437,0.9922
438,0.7400
439,0.8936
440,1.4491
441,0.9067
442,0.9335
443,1.0241
444,1.0975
445,0.8220
446,0.8542
447,1.2985
448,0.9119
449,1.0238
450,1.3189
451,0.7532
452,0.9624
453,1.1613
454,1.1145
455,0.8726
456,0.8180
457,0.9154
458,1.0521
459,0.9875
460,1.2285
461,0.9019
462,0.9207
463,0.8873
464,1.2013
465,0.7970
466,1.0548
467,1.0563
468,1.5066
469,1.0608
470,0.9721
471,1.3321
472,1.1010
473,1.0604
474,0.8640
475,0.8127
476,0.8853
477,1.0229
478,1.1813
479,0.7609
480,0.8949
481,1.4366
482,0.8290
483,0.8945
484,0.9249
485,1.0725
486,0.7575
487,0.8448
488,1.3334
489,1.1725
490,1.1393
491,0.9577
492,0.9572
493,1.1241
494,1.2423
495,0.8754
496,1.2513
497,0.6706
498,0.9363
499,0.8557
500,0.9779
501,1.1442
502,1.3397
503,0.9512
504,0.8824
505,0.9353
506,0.9913
507,1.3844
508,1.1562
509,1.1539
510,0.9889
511,1.0248
512,1.3865
513,0.5314
514,0.8647
515,1.2534
516,0.8887
517,1.0321
518,1.1828
519,0.7901
520,1.0285
521,1.3331
522,0.9343
523,0.9088
524,0.8882
525,0.8784
526,1.6946
527,0.2920
528,0.8427
529,1.3649
530,1.1949
531,0.8303
532,1.0853
533,0.9722
534,0.8903
535,1.3265
536,0.9954
537,1.0370
538,1.0210
539,1.1391
540,0.7119
541,0.9163
542,1.8840
543,0.7490
544,1.4428
545,0.6882
546,0.8234
547,0.8481
548,1.2275
549,1.3103
550,1.0126
551,1.1491
552,1.7173
553,0.4996
554,1.3266
555,0.9765
556,1.0079
557,1.0653
558,1.0486
559,0.8566
560,0.9617
561,1.3145
562,1.0480
563,1.0049
564,1.0240
565,0.9831
566,0.8632
567,0.9257
568,1.2470
569,1.3146
570,1.0899
571,1.4931
572,0.4627
573,0.8709
574,1.2147
575,1.1282
576,1.1174
577,0.8638
578,0.9990
579,0.9759
580,1.0050
581,1.2962
582,0.9191
583,1.0114
584,1.1106
585,1.1335
586,0.7625
587,1.5561
588,1.2234
589,1.1405
590,0.9156
591,0.9341
592,0.8845
593,0.8545
594,1.2399
595,1.2393
596,0.8245
597,0.8937
598,0.9550
599,1.0204
600,0.9030
601,1.2651
602,0.8280
603,1.2902
604,0.9909
605,0.9420
606,1.0456
607,1.3499
608,1.1398
609,0.9350
610,0.9252
611,0.8794
612,0.9500
613,0.9715
614,1.2529
615,0.8903
616,0.9307
617,1.5247
618,0.4081
619,0.9296
620,0.9867
621,1.1864
622,1.3332
623,0.8526
624,0.8934
625,0.8947
626,0.9587
627,1.1075
628,1.4823
629,1.0395
630,1.0352
631,1.0165
632,0.9597
633,0.9056
634,1.4214
635,1.2674
636,0.8772
637,1.0090
638,1.0924
639,0.8430
640,0.9361
641,1.2107
642,1.1584
643,1.0207
644,0.9925
645,1.1813
646,0.7861
647,1.3372
648,0.9105
649,0.9393
650,0.9266
651,0.8352
652,1.0750
653,0.7634
654,0.8951
655,1.2733
656,1.2674
657,0.9793
658,1.0097
659,0.9343
660,0.8809
661,1.2629
662,1.5467
663,0.3764
664,1.1318
665,0.8722
666,0.8558
667,1.0221
668,1.3869
669,1.3932
670,1.1074
671,0.8421
672,1.0900
673,0.8431
674,1.2938
675,0.9045
676,1.1201
677,0.8698
678,0.8425
679,0.9684
680,0.9409
681,0.8368
682,1.2280
683,0.9585
684,1.0218
685,0.9862
686,1.3270
687,0.6499
688,0.8466
689,1.4419
690,1.0324
691,1.0435
692,1.3580
693,0.5991
694,0.8357
695,1.3822
696,0.8564
697,0.8476
698,1.0224
699,1.0442
700,0.9939
701,0.9383
702,0.8643
703,1.2397
704,1.2670
705,1.1999
706,1.0509
707,1.4742
708,0.4720
709,1.4790
710,0.8354
711,1.1567
712,0.8990
713,0.9258
714,1.0357
715,1.2087
716,1.3217
717,0.8678
718,1.1504
719,0.7311
720,1.0979
721,0.9200
722,1.5010
723,0.7123
724,1.2039
725,0.8857
726,1.1104
727,0.7921
728,0.7932
729,1.2382
730,1.3256
731,0.9995
732,0.9649
733,0.9163
734,0.9659
735,1.3914
736,0.9025
737,1.0077
738,0.9045
739,0.8348
740,0.9138
741,1.0609
742,1.3033
743,0.8136
744,1.0088
745,0.9514
746,0.8918
747,0.8287
748,1.0883
749,1.5870
750,1.0485
751,0.9080
752,0.9158
753,1.2530
754,0.8488
755,0.8776
756,1.2460
757,1.1188
758,0.7782
759,1.1250
760,0.9042
761,0.9323
762,0.9064
763,1.2681
764,1.2864
765,1.0424
766,1.0445
767,0.9909
768,1.8000
769,0.3788
770,0.8417
771,1.0657
772,1.0153
773,1.1787
774,0.8654
775,0.8468
776,1.2814
777,1.2805
778,1.0385
779,0.9210
780,1.0847
781,0.8599
782,0.8687
783,1.3518
784,0.9609
785,0.8282
786,0.9771
787,0.9333
788,0.9376
789,1.5006
790,1.0033
791,1.2133
792,1.2165
793,1.1393
794,0.8492
795,1.2223
796,0.9386
797,0.9537
798,1.0372
799,0.9254
800,1.0682
801,0.8794
802,1.0428
803,1.1430
804,0.8507
805,0.9177
806,0.9361
807,1.0543
808,0.8672
809,0.8793
810,1.2328
811,1.2766
812,1.0733
813,1.2613
814,0.6420
815,0.9235
816,0.9492
817,1.4645
818,0.7899
819,0.8632
820,0.9415
821,0.9249
822,1.1256
823,1.1856
824,0.7707
825,1.3077
826,0.9607
827,0.8653
828,1.8937
829,0.5829
830,0.9388
831,1.1597
832,1.1006
833,0.8644
834,1.2809
835,0.5987
836,0.9116
837,1.2110
838,1.1008
839,0.9208
840,1.1678
841,0.9719
842,0.8863
843,1.0163
844,1.3933
845,0.7674
846,0.9421
847,0.8046
848,0.8299
849,1.0299
850,1.0348
851,1.3217
852,1.0990
853,0.8689
854,1.0244
855,0.9368
856,0.8682
857,1.2919
858,0.8675
859,1.6031
860,0.7579
861,0.9202
862,0.5943
863,0.8489
864,1.2380
865,1.2717
866,1.0626
867,1.1187
868,1.0467
869,0.8305
870,1.3271
871,1.5506
872,0.9641
873,1.1167
874,1.0805
875,0.8226
876,0.8317
877,1.2745
878,1.0104
879,1.0129
880,0.9999
881,1.1639
882,0.8139
883,0.8821
884,1.2346
885,0.8956
886,1.0438
887,0.9389
888,1.3798
889,0.5307
890,0.9691
891,1.2253
892,1.2129
893,1.0720
894,0.9506
895,0.9234
896,1.0221
897,1.3513
898,0.9492
899,1.1463
900,0.8770
901,1.0970
902,1.7794
903,0.5317
904,0.9631
905,1.0122
906,0.8841
907,0.9279
908,1.3093
909,0.6014
910,1.3976
911,1.3846
912,1.0316
913,1.0088
914,1.2672
915,0.7071
916,0.9458
917,1.4655
918,0.8420
919,1.0938
920,0.9573
921,0.9098
922,1.1008
923,1.2237
924,1.2955
925,1.0612
926,0.9762
927,1.2945
928,0.6896
929,1.2446
930,0.9829
931,0.9835
932,1.0231
933,0.9600
934,1.1622
935,0.6649
936,1.0660
937,1.3232
938,1.1129
939,0.9218
940,1.0057
941,0.8965
942,1.0461
943,1.2162
944,1.0578
945,1.0169
946,1.0006
947,0.9309
948,0.9687
949,1.3754
950,1.5882
951,1.0370
952,0.9255
953,1.0473
954,0.9651
955,1.3764
956,0.8493
957,1.0018
958,1.0918
959,1.0158
960,1.0685
961,0.8059
962,1.2790
963,1.0296
964,0.9160
965,1.0655
966,0.9039
967,1.0246
968,0.8462
969,1.3711
970,0.8592
971,0.8841
972,1.0061
973,0.9498
974,1.0955
975,0.8886
976,0.8862
977,1.3345
978,1.3177
979,0.8885
980,0.9962
981,0.9396
982,0.9681
983,1.1815
984,1.1278
985,1.1014
986,0.8987
987,0.9730
988,0.9188
989,1.0583
990,1.4734
991,1.3203
992,1.1797
993,1.0101
994,0.9654
995,0.8545
996,1.3731
997,0.8612
998,0.9179
999,0.8412
1000,1.2927
1001,0.7862
1002,0.8718
1003,1.4236
1004,1.2451
1005,0.8574
1006,1.0139
1007,0.9969
1008,0.8431
1009,1.2340
1010,0.9377
1011,0.8987
1012,0.9013
1013,0.9466
1014,1.1360
1015,0.7377
1016,0.8823
1017,1.3072
1018,1.4955
1019,0.7583
1020,0.9147
1021,1.1662
1022,0.7352
1023,0.8263
1024,1.3990
1025,0.9783
1026,0.8275
1027,0.9459
1028,0.9717
1029,0.9076
1030,1.1342
1031,1.4797
1032,1.0487
1033,1.1604
1034,1.0506
1035,0.7549
1036,0.8814
1037,1.3318
1038,0.9334
1039,0.9805
1040,0.8054
1041,1.0613
1042,0.7473
1043,0.9183
1044,1.2953
1045,1.0833
1046,0.8827
1047,1.0028
1048,1.2208
1049,0.7375
1050,0.9210
1051,1.4294
1052,1.5091
1053,0.4010
1054,0.9627
1055,0.9282
1056,0.8201
1057,0.8670
1058,1.4274
1059,0.8380
1060,0.8813
1061,1.0053
1062,0.9725
1063,1.0110
1064,0.8150
1065,1.3432
1066,0.9157
1067,0.9949
1068,1.3370
1069,0.7269
1070,0.8906
1071,1.3259
1072,1.0719
1073,1.1488
1074,1.0707
1075,1.1210
1076,0.9672
1077,0.8660
1078,1.2632
1079,1.2844
1080,0.9790
1081,1.0010
1082,1.6137
1083,0.3110
1084,1.0121
1085,1.4184
1086,0.8389
1087,0.9109
1088,0.9702
1089,0.9542
1090,0.9322
1091,1.3247
1092,1.1238
1093,0.8462
1094,0.8596
1095,0.9898
1096,0.9418
1097,1.0360
1098,1.6647
1099,0.9422
1100,0.8738
1101,0.9954
1102,1.1888
1103,0.6361
1104,1.2866
1105,1.0222
1106,0.9404
1107,0.9869
1108,1.3511
1109,0.9345
1110,0.9914
1111,1.0027
1112,1.3837
1113,0.7744
1114,1.2753
1115,1.2751
1116,0.6741
1117,1.0925
1118,1.3565
1119,0.9052
1120,1.0184
1121,1.0564
1122,1.0275
1123,0.8934
1124,1.0151
1125,1.3503
1126,0.8719
1127,1.0845
1128,0.8294
1129,1.2263
1130,0.6353
1131,0.9195
1132,1.4213
1133,1.1806
1134,0.8263
1135,0.9744
1136,0.9165
1137,0.8979
1138,1.4496
1139,0.8972
1140,1.0154
1141,0.8458
1142,1.6327
1143,0.5634
1144,0.6087
1145,1.3394
1146,0.9528
1147,1.0345
1148,0.8742
1149,1.0710
1150,0.8671
1151,0.9659
1152,1.3713
1153,1.4093
1154,1.0589
1155,1.0076
1156,0.8487
1157,0.7888
1158,1.3105
1159,0.9924
1160,0.9387
1161,1.0252
1162,1.0425
1163,1.2108
1164,0.8666
1165,0.7888
1166,1.2696
1167,1.3741
1168,0.7953
1169,1.1363
1170,0.8064
1171,0.9125
1172,1.8487
1173,0.7754
1174,0.5883
1175,0.9827
1176,0.9537
1177,0.8391
1178,1.3592
1179,1.1760
1180,0.9996
1181,0.8567
1182,1.0596
1183,0.9337
1184,1.1193
1185,1.2921
1186,1.0006
1187,0.8617
1188,1.0285
1189,0.9609
1190,1.0296
1191,0.8694
1192,1.7185
1193,1.0015
1194,1.0449
1195,1.0129
1196,0.8738
1197,0.9905
1198,1.2567
1199,1.0169
1200,0.8651
1201,1.0686
1202,1.3199
1203,0.7814
1204,0.7281
1205,1.2749
1206,1.0912
1207,0.9600
1208,1.0935
1209,0.9495
1210,0.8306
1211,0.9274
1212,1.3799
1213,1.4978
1214,0.4005
1215,1.0505
1216,1.2760
1217,0.9075
1218,1.3857
1219,0.6622
1220,0.8637
1221,0.8864
1222,1.0214
1223,1.3633
1224,0.7672
1225,1.1695
1226,1.1909
1227,1.1582
1228,0.8903
1229,0.9874
1230,0.9739
1231,0.9080
1232,1.4115
1233,1.1653
1234,1.2181
1235,0.8833
1236,1.4395
1237,0.4888
1238,1.2519
1239,0.9706
1240,0.9305
1241,0.9021
1242,0.9726
1243,1.1749
1244,0.7213
1245,0.8883
1246,1.2846
1247,1.7995
1248,0.4252
1249,1.0236
1250,0.7773
1251,1.2217
1252,0.9752
1253,1.0211
1254,0.8336
1255,0.8656
1256,0.9809
1257,0.9396
1258,0.9711
1259,1.3605
1260,0.9519
1261,0.8959
1262,1.0484
1263,0.9908
1264,0.7703
1265,1.0430
1266,1.2527
1267,1.0242
1268,0.8788
1269,0.8178
1270,1.0596
1271,0.9952
1272,0.9308
1273,1.2476
1274,0.9662
1275,1.0655
1276,0.8082
1277,0.9006
1278,1.0274
1279,0.8337
1280,1.3664
1281,0.8899
1282,0.9925
1283,0.8675
1284,0.9781
1285,0.8997
1286,0.9309
1287,1.3975
1288,1.2288
1289,0.9445
1290,0.9271
1291,0.9604
1292,0.9141
1293,0.9191
1294,1.3893
1295,0.9343
1296,0.8538
1297,0.9338
1298,0.8849
1299,1.0393
1300,0.8467
1301,1.3187
1302,0.9347
1303,0.8842
1304,0.9940
1305,0.9436
1306,1.0340
1307,0.9780
1308,1.4526
1309,1.4048
1310,1.0658
1311,0.8317
1312,1.0679
1313,0.8963
1314,1.2031
1315,0.9067
1316,1.0325
1317,0.9602
1318,0.8544
1319,0.9156
1320,0.9534
1321,1.5894
1322,0.9269
1323,0.9192
1324,0.9335
1325,1.1295
1326,0.8946
1327,1.1042
1328,0.7517
1329,1.3112
1330,0.8137
1331,0.9253
1332,0.9271
1333,0.9489
1334,0.8915
1335,1.2768
1336,1.0681
1337,0.9004
1338,0.8695
1339,0.8984
1340,1.7731
1341,0.3219
1342,0.9831
1343,1.0205
1344,1.0797
1345,1.2336
1346,1.2311
1347,0.7452
1348,1.1786
1349,0.9008
1350,0.9525
1351,0.9583
1352,0.8733
1353,1.0887
1354,0.9731
1355,0.9313
1356,0.9718
1357,1.5084
1358,0.9583
1359,1.1844
1360,0.8271
1361,0.9485
1362,1.2119
1363,0.9364
1364,0.8966
1365,1.0925
1366,0.8596
1367,0.8632
1368,0.9585
1369,1.3090
1370,0.9488
1371,1.1405
1372,0.8447
1373,0.7876
1374,1.0086
1375,0.8743
1376,1.2668
1377,1.0805
1378,0.8347
1379,0.9087
1380,0.9370
1381,1.1353
1382,1.2559
1383,1.1840
1384,1.0934
1385,1.1148
1386,1.6915
1387,0.5675
1388,0.6035
1389,1.0967
1390,1.1195
1391,1.3047
1392,0.8923
1393,0.9454
1394,1.0453
1395,0.7927
1396,1.2429
1397,0.9490
1398,0.9397
1399,0.9594
1400,0.8837
1401,0.9445
1402,0.9564
1403,1.4288
1404,0.8142
1405,0.8846
1406,0.9516
1407,0.9183
1408,0.9718
1409,0.9603
1410,1.1875
1411,1.3025
1412,0.9456
1413,0.9723
1414,0.9190
1415,1.4143
1416,0.5549
1417,1.3330
1418,0.8093
1419,0.8833
1420,0.9763
1421,0.8900
1422,0.9651
1423,0.9634
1424,0.9797
1425,1.3797
1426,1.1015
1427,1.1532
1428,1.1065
1429,0.8514
1430,0.9619
1431,1.1791
1432,1.0248
1433,0.8637
1434,0.9785
1435,1.0932
1436,0.8676
1437,0.8143
1438,1.2509
1439,1.2592
1440,0.9281
1441,0.9694
1442,1.1224
1443,0.7666
1444,1.2598
1445,1.0574
1446,0.8455
1447,0.9298
1448,1.0757
1449,0.6719
1450,1.3693
1451,0.8964
1452,0.9560
1453,0.8920
1454,1.0083
1455,0.9808
1456,0.9489
1457,1.0790
1458,0.8013
1459,1.4514
1460,0.8725
1461,0.8708
1462,0.9968
1463,1.1720
1464,1.2826
1465,1.0597
1466,1.0204
1467,0.9225
1468,0.8640
1469,1.0282
1470,0.8406
1471,0.9495
1472,1.2896
1473,0.9949
1474,1.0745
1475,0.8787
1476,0.9250
1477,0.8998
1478,1.0314
1479,1.2226
1480,1.3557
1481,0.6096
1482,0.7932
1483,1.2189
1484,0.9597
1485,1.0111
1486,1.1724
1487,0.8860
1488,1.0240
1489,0.8902
1490,0.9898
1491,0.8293
1492,0.9651
1493,1.2511
1494,1.1206
1495,1.4214
1496,0.6720
1497,0.8250
1498,1.0258
1499,1.1714
1500,1.1243
1501,1.1808
1502,1.0100
1503,0.9945
1504,0.9470
1505,1.0030
1506,1.1438
1507,1.2467
1508,0.9229
1509,1.0266
1510,0.6798
1511,0.9494
1512,1.5014
1513,0.9656
1514,0.9550
1515,0.8156
1516,1.2294
1517,0.8551
1518,0.5340
1519,0.9971
1520,1.3976
1521,0.8680
1522,0.9653
1523,0.8699
1524,1.0683
1525,0.8868
1526,1.2442
1527,0.9547
1528,0.9282
1529,0.9620
1530,0.9882
1531,1.1543
1532,0.6950
1533,0.9168
1534,1.1503
1535,0.9647
1536,0.9579
1537,1.2213
1538,1.2128
1539,0.8196
1540,1.3699
1541,1.2738
1542,0.9122
1543,1.0143
1544,0.8923
1545,0.8319
1546,0.9611
1547,1.2894
1548,0.9694
1549,0.8710
1550,0.9831
1551,0.9722
1552,0.9992
1553,0.9384
1554,1.3357
1555,1.4589
1556,0.7006
1557,0.9288
1558,0.9450
1559,0.9841
1560,0.8380
1561,1.2759
1562,0.9257
1563,0.9317
1564,1.1342
1565,0.9692
1566,1.0197
1567,0.8645
1568,1.2438
1569,0.9366
1570,0.9106
1571,0.9394
1572,1.3410
1573,0.5459
1574,1.0914
1575,1.2824
1576,1.2520
1577,1.0918
1578,0.9391
1579,0.9498
1580,1.2036
1581,1.0689
1582,1.0200
1583,0.9079
1584,1.0068
1585,0.7731
1586,1.0139
1587,1.5839
1588,0.4538
1589,1.1226
1590,1.2114
1591,0.9179
1592,1.0554
1593,0.9451
1594,0.8526
1595,1.2414
1596,0.9028
1597,0.9322
1598,0.8454
1599,0.8840
1600,1.0462
1601,0.9049
1602,1.2964
1603,1.3231
1604,0.8787
1605,0.9614
1606,1.2503
1607,0.7241
1608,0.8236
1609,1.2432
1610,0.9351
1611,0.8887
1612,1.3742
1613,0.8808
1614,0.9385
1615,0.9197
1616,1.2464
1617,1.0860
1618,0.8509
1619,0.8592
1620,1.0805
1621,0.8063
1622,1.0245
1623,1.3125
1624,1.1986
1625,1.0535
1626,0.9285
1627,0.9466
1628,0.8961
1629,0.9192
1630,1.2227
1631,1.0986
1632,1.5717
1633,0.3464
1634,0.8456
1635,0.8866
1636,1.2953
1637,0.9176
1638,0.9482
1639,0.9358
1640,0.9441
1641,0.9913
1642,0.9588
1643,0.8786
1644,1.3343
1645,1.2273
1646,0.9101
1647,1.2919
1648,1.1073
1649,1.1758
1650,0.9162
1651,1.0935
1652,0.8754
1653,0.8530
1654,0.9476
1655,0.9630
1656,0.9623
1657,1.1913
1658,1.3256
1659,0.9063
1660,0.9129
1661,1.0369
1662,0.8293
1663,1.5414
1664,0.7884
1665,0.8335
1666,0.9802
1667,0.8726
1668,0.9261
1669,0.9451
1670,1.2703
1671,1.1208
1672,0.8001
1673,0.8776
1674,0.9067
1675,0.9649
1676,0.9357
1677,0.8991
1678,1.3837
1679,1.2113
1680,0.7796
1681,0.9397
1682,0.8829
1683,1.1227
1684,1.1716
1685,1.1347
1686,0.9867
1687,0.8692
1688,1.0129
1689,0.8517
1690,0.9694
1691,0.9309
1692,1.4614
1693,0.8721
1694,1.1731
1695,0.7127
1696,0.8717
1697,0.8803
1698,1.3095
1699,0.8674
1700,1.0083
1701,0.9477
1702,0.9328
1703,0.9322
1704,0.9256
1705,1.2769
1706,1.4221
1707,0.8792
1708,0.8495
1709,1.6832
1710,0.8286
1711,0.8549
1712,0.4350
1713,1.3563
1714,0.9316
1715,0.9142
1716,1.0001
1717,1.0554
1718,0.8141
1719,1.1949
1720,1.2953
1721,1.1988
1722,1.1406
1723,0.9737
1724,0.8922
1725,1.2476
1726,1.0328
1727,0.9399
1728,1.0017
1729,1.0446
1730,0.9856
1731,0.7772
1732,1.2538
1733,1.1211
1734,0.8736
1735,1.0190
1736,1.1214
1737,0.8233
1738,0.8303
1739,1.2962
1740,1.4878
1741,1.0103
1742,0.8197
1743,1.0038
1744,1.2403
1745,0.8327
1746,1.0650
1747,1.1178
1748,0.8265
1749,1.1164
1750,0.7356
1751,0.9458
1752,1.2767
1753,1.3413
1754,0.8737
1755,1.0511
1756,1.1167
1757,0.6894
1758,0.9041
1759,1.2311
1760,1.0225
1761,1.0549
1762,1.2328
1763,0.8725
1764,1.0260
1765,0.9103
1766,1.3938
1767,0.8836
1768,1.2414
1769,0.7272
1770,0.9076
1771,0.9008
1772,1.2783
1773,0.9713
1774,0.9046
1775,1.0028
1776,0.9721
1777,1.1684
1778,0.7860
1779,1.3779
1780,0.9967
1781,1.0117
1782,0.8806
1783,0.8755
1784,0.8431
1785,0.8004
1786,1.4269
1787,0.9606
1788,0.9465
1789,0.9094
1790,0.8416
1791,0.9140
1792,0.8711
1793,1.1653
1794,0.9831
1795,0.9315
1796,0.8920
1797,0.9681
1798,1.0781
1799,1.0893
1800,1.0140
1801,1.1466
1802,0.7994
1803,0.9520
1804,1.4849
1805,0.7707
1806,1.0149
1807,1.2213
1808,1.2623
1809,1.0863
1810,0.8460
1811,1.1042
1812,0.9127
1813,1.0770
1814,0.9804
1815,0.9000
1816,0.9199
1817,0.9477
1818,1.1260
1819,0.7974
1820,1.2395
1821,0.9839
1822,1.1498
1823,1.1844
1824,0.9430
1825,0.9482
1826,0.9231
1827,1.2895
1828,0.9754
1829,0.9853
1830,0.7921
1831,0.9433
1832,1.5445
1833,0.4172
1834,1.4427
1835,0.8406
1836,1.2182
1837,0.8975
1838,1.0418
1839,0.8736
1840,0.8820
1841,1.2061
1842,1.0915
1843,1.0739
1844,0.9991
1845,1.3456
1846,0.9390
1847,1.6632
1848,0.5750
1849,1.2732
1850,0.9312
1851,1.0330
1852,0.8350
1853,0.9405
1854,1.2356
1855,0.9698
1856,1.0426
1857,0.8980
1858,0.9803
1859,0.7847
1860,0.9389
1861,1.1547
1862,1.1885
1863,0.9652
1864,0.9108
1865,0.9692
1866,0.8768
1867,1.0396
1868,1.2998
1869,1.0007
1870,0.8577
1871,1.0197
1872,0.9788
1873,0.8955
1874,0.9102
1875,1.5944
1876,1.0508
1877,1.0052
1878,1.0123
1879,0.9562
1880,0.8844
1881,1.1905
1882,0.9909
1883,1.0154
1884,0.9388
1885,1.0972
1886,1.2789
1887,0.9651
1888,1.2988
1889,0.9235
1890,0.9110
1891,0.9761
1892,1.6677
1893,0.9459
1894,0.5279
1895,1.0988
1896,1.0488
1897,0.9537
1898,0.7171
1899,1.1724
1900,0.7949
1901,0.9078
1902,1.2443
1903,1.0875
1904,0.9805
1905,0.8873
1906,1.1104
1907,0.8846
1908,0.8386
1909,1.4021
1910,1.2696
1911,0.8548
1912,0.9382
1913,0.9020
1914,1.0664
1915,0.8600
1916,1.3897
1917,0.9029
1918,1.3223
1919,0.5576
1920,1.0076
1921,0.9945
1922,0.9047
1923,1.4883
1924,1.1359
1925,0.9174
1926,0.9608
1927,0.9003
1928,1.2806
1929,0.9173
1930,1.0376
1931,0.9427
1932,1.1797
1933,0.8977
1934,0.9192
1935,1.4527
1936,0.9275
1937,0.9712
1938,1.1520
1939,0.8204
1940,0.8624
1941,0.9547
1942,1.0027
1943,1.4287
1944,0.8520
1945,0.9299
1946,0.9948
1947,0.8724
1948,0.8503
1949,1.3702
1950,0.9502
1951,0.9193
1952,1.0698
1953,1.2490
1954,0.5252
1955,1.0456
1956,1.2639
1957,0.8333
1958,0.9847
1959,0.8566
1960,1.0471
1961,0.8871
1962,0.9229
1963,1.3266
1964,1.2741
1965,0.9438
1966,0.9654
1967,0.9125
1968,0.8080
1969,1.1954
1970,1.0736
1971,0.9340
1972,1.1226
1973,1.2146
1974,1.1151
1975,0.7293
1976,1.2917
1977,1.2796
1978,1.2010
1979,0.9480
1980,0.8972
1981,1.0720
1982,0.7838
1983,1.3734
1984,0.7009
1985,0.8670
1986,0.8621
1987,0.9333
1988,0.9586
1989,0.8887
1990,1.0610
1991,0.9341
1992,0.8734
1993,0.8237
1994,0.8466
1995,1.1107
1996,0.8546
1997,1.2517
1998,1.1771
1999,1.0251
2000,0.7649
2001,0.8689
2002,1.0586
2003,0.8668
2004,1.3776
2005,1.0805
2006,0.9183
2007,0.8099
2008,0.9197
2009,1.1578
2010,0.7399
2011,1.0811
2012,1.1328
2013,1.1065
2014,1.1129
2015,0.8678
2016,0.7564
2017,1.1903
2018,1.1174
2019,1.0520
2020,0.7636
2021,0.8309
2022,0.7697
2023,1.1089
2024,0.6425
2025,0.9746
2026,0.8363
2027,1.2451
2028,0.8032
2029,0.9366
2030,0.9385
2031,1.8177
2032,0.1635
2033,0.9448
2034,0.6225
2035,1.0333
2036,0.8060
2037,0.8387
2038,0.7413
2039,0.8916
2040,0.9088
2041,0.7613
2042,1.1955
2043,1.1456
2044,0.8762
2045,0.8879
2046,1.0183
2047,0.6330
2048,0.7810
2049,1.1089
2050,1.0266
2051,0.8520
2052,0.8018
2053,0.8505
2054,0.7981
2055,0.8224
2056,1.3188
2057,0.9147
2058,0.9034
2059,1.1580
2060,0.8455
2061,0.9199
2062,0.7031
2063,0.7572
2064,1.2698
2065,0.7932
2066,0.9437
2067,0.6543
2068,0.8961
2069,1.0051
2070,0.6359
2071,0.7889
2072,1.3683
2073,0.7885
2074,1.4191
2075,0.1578
2076,0.8558
2077,0.9294
2078,0.7828
2079,0.8397
2080,1.2014
2081,0.7807
2082,0.8057
2083,1.9219
2084,0.2209
2085,0.5731
2086,0.6165
2087,0.8168
2088,1.3351
2089,0.8344
2090,0.8114
2091,0.8205
2092,0.9405
2093,0.7906
2094,0.7139
2095,1.2319
2096,0.8766
2097,0.8036
2098,0.7966
2099,0.8462
2100,0.9121
2101,0.8185
2102,0.6647
2103,1.4975
2104,0.9960
2105,1.0203
2106,1.0612
2107,0.7960
2108,0.8381
2109,0.8482
2110,1.1768
2111,0.8013
2112,0.8240
2113,0.8256
2114,0.7655
2115,0.7712
2116,0.7777
2117,1.0147
2118,1.0984
2119,0.9304
2120,0.8662
2121,0.8080
2122,0.8581
2123,0.7924
2124,0.8435
2125,0.7271
2126,1.1649
2127,0.9022
2128,0.8414
2129,0.8819
2130,0.7953
2131,0.8157
2132,0.9011
2133,0.9047
2134,1.6203
2135,0.5591
2136,0.8657
2137,0.7104
2138,0.8224
2139,0.9497
2140,0.7563
2141,1.1220
2142,0.8195
2143,0.9140
2144,0.9121
2145,0.8254
2146,0.8306
2147,0.8733
2148,0.7415
2149,1.1520
2150,1.0855
2151,1.0808
2152,0.8821
2153,1.1596
2154,1.0581
2155,0.7276
2156,1.2944
2157,0.8635
2158,1.2391
2159,0.7054
2160,0.7677
2161,0.8170
2162,0.6229
2163,0.8732
2164,1.4017
2165,0.7787
2166,0.8793
2167,0.8335
2168,0.7798
2169,0.9563
2170,0.7180
2171,0.8104
2172,1.2330
2173,0.9880
2174,0.8383
2175,0.8195
2176,0.8120
2177,0.9633
2178,0.5814
2179,0.8747
2180,1.3406
2181,0.8277
2182,0.8039
2183,0.8081
2184,0.8157
2185,0.7970
2186,1.3338
2187,0.8608
2188,0.9709
2189,0.5885
2190,0.7744
2191,0.9209
2192,0.9524
2193,0.7810
2194,0.9138
2195,0.9195
2196,1.3914
2197,0.8120
2198,0.9708
2199,0.8205
2200,1.0538
2201,0.7417
2202,0.7264
2203,1.2523
2204,0.8105
2205,0.9358
2206,0.7536
2207,0.7745
2208,0.8926
2209,0.8506
2210,0.7754
2211,1.2608
2212,0.8275
2213,0.8324
2214,0.9036
2215,0.7750
2216,0.8147
2217,0.8849
2218,1.1257
2219,0.8255
2220,0.8746
2221,0.9184
2222,0.8192
2223,1.3357
2224,0.4973
2225,0.9239
2226,1.1790
2227,0.7761
2228,0.8292
2229,0.7710
2230,0.8451
2231,1.0586
2232,0.6422
2233,0.8456
2234,1.3278
2235,0.9063
2236,0.9926
2237,0.8428
2238,1.0493
2239,0.5687
2240,1.0699
2241,0.9064
2242,0.9192
2243,0.9099
2244,0.9981
2245,1.1779
2246,1.5375
2247,0.3124
2248,0.8150
2249,1.1738
2250,1.2398
2251,0.7967
2252,0.8355
2253,1.1528
2254,1.2472
2255,0.2863
2256,1.1305
2257,0.7482
2258,0.9450
2259,0.7338
2260,0.8031
2261,0.9109
2262,0.8145
2263,1.1306
2264,0.7631
2265,0.9422
2266,0.7547
2267,0.8718
2268,0.7368
2269,1.0499
2270,0.7645
2271,0.7381
2272,1.1837
2273,0.8400
2274,0.8129
2275,0.7803
2276,0.8905
2277,0.8576
2278,0.9068
2279,0.7215
2280,1.2396
2281,0.9345
2282,0.8157
2283,0.8183
2284,0.8394
2285,0.7209
2286,0.8772
2287,1.2975
2288,1.0684
2289,1.0361
2290,0.8676
2291,0.8079
2292,0.8685
2293,0.7996
2294,1.1494
2295,0.8483
2296,0.8818
2297,0.7246
2298,0.8539
2299,0.8349
2300,0.9029
2301,0.9159
2302,1.2473
2303,1.1046
2304,0.7892
2305,1.4913
2306,1.1936
2307,0.4009
2308,0.2529
2309,0.7870
2310,1.1645
2311,0.8996
2312,0.8969
2313,0.9218
2314,0.8378
2315,0.9231
2316,0.6687
2317,0.7462
2318,1.2187
2319,0.8232
2320,0.8383
2321,0.8014
2322,0.8186
2323,1.0101
2324,0.6355
2325,0.8236
2326,1.2076
2327,1.1020
2328,1.0389
2329,0.8780
2330,0.8977
2331,0.8715
2332,0.8369
2333,1.2091
2334,0.8601
2335,0.9707
2336,1.1114
2337,0.9287
2338,0.8149
2339,0.9446
2340,1.1781
2341,0.7724
2342,0.8087
2343,0.8279
2344,0.8260
2345,0.7769
2346,1.1385
2347,0.6576
2348,1.1419
2349,0.8342
2350,0.8000
2351,0.8105
2352,0.7891
2353,0.9148
2354,0.7995
2355,0.8011
2356,1.1454
2357,1.9305
2358,0.8417
2359,0.5381
2360,0.5280
2361,0.7480
2362,1.0858
2363,0.8687
2364,1.1569
2365,0.8626
2366,0.7896
2367,0.8129
2368,1.1625
2369,0.6437
2370,0.7183
2371,1.1930
2372,0.9820
2373,1.2561
2374,0.7289
2375,1.0087
2376,0.7807
2377,0.8511
2378,0.8540
2379,1.3690
2380,0.7886
2381,0.9610
2382,0.6986
2383,0.8614
2384,0.8052
2385,0.8070
2386,1.2334
2387,0.7974
2388,0.8240
2389,0.8196
2390,1.4057
2391,0.4483
2392,0.6382
2393,0.9677
2394,1.0961
2395,0.8026
2396,0.8195
2397,0.8175
2398,0.8087
2399,0.9010
2400,0.8078
2401,0.8222
2402,1.2716
2403,1.0791
2404,0.8389
2405,0.8127
2406,0.8622
2407,2.5279
2408,0.5979
2409,0.2808
2410,0.7721
2411,1.1021
2412,0.5052
2413,0.7127
2414,0.7732
2415,0.8684
2416,0.9885
2417,1.2395
2418,0.9736
2419,1.0898
2420,0.7786
2421,0.8455
2422,0.8767
2423,0.8613
2424,1.2258
2425,1.1865
2426,0.8804
2427,0.8694
2428,0.8015
2429,0.8102
2430,0.8580
2431,1.2917
2432,0.7866
2433,0.9875
2434,0.7585
2435,0.7763
2436,0.8180
2437,0.7852
2438,0.8626
2439,1.2093
2440,1.2580
2441,0.8038
2442,0.8060
2443,0.8282
2444,0.9774
2445,0.7642
2446,0.7643
2447,1.2171
2448,0.8675
2449,0.7556
2450,0.8305
2451,0.8471
2452,0.8838
2453,0.8378
2454,0.7567
2455,1.2379
2456,0.8126
2457,0.8602
2458,0.7909
2459,0.8353
2460,0.9271
2461,0.9422
2462,1.1566
2463,1.3375
2464,0.8655
2465,1.0010
2466,1.0486
2467,0.7864
2468,0.8039
2469,0.7444
2470,1.1562
2471,1.0976
2472,0.6343
2473,0.8006
2474,1.4851
2475,0.3522
2476,0.7046
2477,0.8250
2478,1.3051
2479,0.9301
2480,0.8726
2481,0.8235
2482,1.0079
2483,0.6516
2484,0.8876
2485,1.2164
2486,0.7497
2487,0.8341
2488,1.0045
2489,0.7883
2490,0.8444
2491,0.7746
2492,0.7923
2493,1.1407
2494,1.0902
2495,0.9198
2496,0.8621
2497,0.8037
2498,0.8622
2499,1.0238
2500,1.0692
2501,0.7471
2502,0.8587
2503,0.9396
2504,0.7214
2505,0.9090
2506,0.7892
2507,0.9714
2508,1.5074
2509,0.8486
2510,1.0013
2511,0.8263
2512,1.1929
2513,1.2396
2514,1.0168
2515,0.7987
2516,0.8908
2517,0.8688
2518,0.8398
2519,0.8816
2520,0.8033
2521,0.8273
2522,1.2039
2523,0.8720
2524,0.8373
2525,0.9444
2526,0.7592
2527,0.9809
2528,0.6486
2529,0.8479
2530,0.8283
2531,1.2213
2532,0.9696
2533,0.8060
2534,0.7830
2535,0.8335
2536,0.8213
2537,0.8138
2538,1.1799
2539,0.8834
2540,1.1814
2541,0.8388
2542,1.5831
2543,0.4887
2544,0.5374
2545,0.8619
2546,1.0787
2547,0.7925
2548,0.7945
2549,0.8777
2550,0.7767
2551,0.9303
2552,0.8013
2553,1.2708
2554,1.1561
2555,1.1064
2556,0.7832
2557,1.5592
2558,0.7472
2559,0.6968
2560,1.1356
2561,0.9119
2562,0.8172
2563,0.7911
2564,0.8895
2565,0.9529
2566,0.7013
2567,1.0992
2568,0.9206
2569,0.9110
2570,0.9215
2571,0.7213
2572,0.8289
2573,1.0159
2574,0.7354
2575,0.7659
2576,1.5076
2577,1.2287
2578,0.5882
2579,0.8113
2580,0.8897
2581,0.8433
2582,0.7806
2583,1.1559
2584,0.8760
2585,0.8361
2586,0.9508
2587,0.8142
2588,0.7960
2589,0.9150
2590,0.7931
2591,1.3007
2592,0.9694
2593,0.7045
2594,0.7209
2595,0.9049
2596,0.7822
2597,0.8454
2598,0.8068
2599,1.2909
2600,0.9728
2601,0.6983
2602,1.0058
2603,0.9752
2604,0.7475
2605,0.7716
2606,1.1022
2607,0.9146
2608,0.7545
2609,1.0788
2610,0.9516
2611,0.5753
2612,0.8620
2613,1.2038
2614,1.1010
2615,1.2273
2616,0.8586
2617,0.9355
2618,1.0223
2619,0.6817
2620,0.6711
2621,1.1976
2622,1.2760
2623,0.8331
2624,0.7700
2625,0.8382
2626,0.9851
2627,1.2804
2628,0.1637
2629,0.9525
2630,1.1592
2631,1.1989
2632,0.9164
2633,0.8422
2634,0.7714
2635,0.7417
2636,1.4256
2637,0.9291
2638,0.9677
2639,0.8288
2640,0.9467
2641,0.7479
2642,0.7871
2643,0.8377
2644,1.2368
2645,0.8678
2646,0.8161
2647,0.8097
2648,0.8437
2649,0.8618
2650,0.8232
2651,1.2854
2652,0.8483
2653,0.8146
2654,0.7892
2655,0.8210
2656,0.9071
2657,0.7663
2658,0.8362
2659,1.2639
2660,0.8199
2661,0.8084
2662,31.1734
2663,0.7699
2664,0.4347
2665,1.0426
2666,1.0200
2667,0.9788
2668,2.9540
2669,0.2166
2670,2.7561
2671,0.3047
2672,0.5343
2673,2.5020
2674,0.2995
2675,2.3279
2676,0.1776
2677,0.9265
2678,0.8279
2679,0.9690
2680,0.8554
2681,2.1613
2682,0.2973
2683,0.5917
2684,0.9794
2685,0.6728
2686,0.9529
2687,0.8252
2688,3.6705
2689,0.2156
2690,0.7387
2691,0.9742
2692,0.8897
2693,0.8646
2694,0.7126
2695,0.9398
2696,1.1850
2697,1.0135
2698,0.6419
2699,0.7934
2700,1.0002
2701,0.8598
2702,0.6527
2703,0.8248
2704,1.3303
2705,0.8166
2706,0.8400
2707,0.8286
2708,0.8534
2709,1.2647
2710,0.5844
2711,1.3563
2712,0.8976
2713,0.7954
2714,0.7773
2715,0.8426
2716,0.8931
2717,0.8127
2718,0.8043
2719,1.1517
2720,0.8705
2721,0.8188
2722,0.7710
2723,0.8123
2724,0.8681
2725,0.8852
2726,1.4672
2727,0.7339
2728,0.7592
2729,0.8288
2730,0.8417
2731,0.7999
2732,0.8549
2733,0.7540
2734,0.8565
2735,1.2581
2736,0.8094
2737,0.8728
2738,0.7269
2739,0.9126
2740,1.0553
2741,0.7767
2742,1.0854
2743,0.8840
2744,0.7499
2745,0.7987
2746,0.8567
2747,1.0046
2748,0.8332
2749,1.3595
2750,1.0605
2751,0.8654
2752,0.8792
2753,0.8857
2754,0.7984
2755,1.1102
2756,1.9194
2757,0.2380
2758,0.6341
2759,0.8177
2760,1.5156
2761,0.4087
2762,0.6229
2763,0.7705
2764,1.6336
2765,0.3395
2766,0.9935
2767,1.2381
2768,0.7663
2769,0.7999
2770,1.7548
2771,1.0462
2772,0.2029
2773,0.8080
2774,0.8430
2775,0.8441
2776,0.7849
2777,0.8622
2778,1.1926
2779,0.4622
2780,0.8362
2781,1.2569
2782,1.2390
2783,0.9025
2784,0.6669
2785,0.8582
2786,1.1744
2787,0.5594
2788,0.8644
2789,1.2157
2790,1.1662
2791,0.8136
2792,0.8561
2793,0.7391
2794,1.0272
2795,0.9258
2796,1.3239
2797,0.9660
2798,0.9192
2799,0.7129
2800,0.9685
2801,0.7077
2802,1.2419
2803,0.8524
2804,1.0704
2805,0.8781
2806,1.1216
2807,0.5851
2808,0.8584
2809,1.7627
2810,0.9261
2811,0.5895
2812,0.6501
2813,0.8324
2814,0.8242
2815,0.8776
2816,0.9781
2817,0.5249
2818,0.8147
2819,1.1884
2820,0.8373
2821,1.1560
2822,0.5244
2823,0.8805
2824,1.1519
2825,0.5419
2826,1.0131
2827,1.9674
2828,0.4061
2829,0.7061
2830,0.9473
2831,1.0106
2832,0.6616
2833,1.2493
2834,0.7309
2835,0.8130
2836,0.8167
2837,0.8343
2838,0.7694
2839,1.0110
2840,0.9093
2841,1.2310
2842,0.7739
2843,0.7641
2844,1.0193
2845,0.6703
2846,1.0165
2847,1.5047
2848,1.0919
2849,1.0294
2850,0.9933
2851,0.9393
2852,1.0492
2853,1.0315
2854,1.2322
2855,1.3352
2856,0.9065
2857,0.9883
2858,1.0429
2859,1.3390
2860,0.5833
2861,1.2984
2862,1.0830
2863,1.0531
2864,1.0293
2865,1.0683
2866,0.8417
2867,1.3162
2868,1.3016
2869,0.9522
2870,0.9221
2871,0.9324
2872,0.8241
2873,0.9633
2874,1.3027
2875,1.1235
2876,1.2767
2877,0.9438
2878,0.9182
2879,1.0112
2880,1.0553
2881,1.2928
2882,1.0478
2883,0.7914
2884,1.0355
2885,1.2002
2886,1.1726
2887,1.2534
2888,1.0436
2889,1.0021
2890,0.8141
2891,0.9356
2892,0.9049
2893,0.9737
2894,1.2447
2895,1.4018
2896,1.0848
2897,1.0305
2898,0.9802
2899,0.8632
2900,1.2950
2901,1.0296
2902,0.9542
2903,0.9230
2904,0.9839
2905,0.9159
2906,1.0644
2907,1.1457
2908,0.9773
2909,1.3918
2910,0.4838
2911,1.0499
2912,0.8661
2913,1.0634
2914,1.4654
2915,1.4495
2916,1.0745
2917,0.9808
2918,0.8946
2919,1.0611
2920,1.3989
2921,0.8764
2922,0.9091
2923,1.0108
2924,1.0288
2925,0.9122
2926,0.9107
2927,1.3188
2928,1.0811
2929,0.9230
2930,0.9861
2931,1.0367
2932,1.2771
2933,0.9294
2934,1.0898
2935,1.0050
2936,0.9088
2937,0.9473
2938,0.9928
2939,1.0452
2940,0.8178
2941,1.2254
2942,1.0402
2943,0.8511
2944,0.9199
2945,0.8810
2946,1.0882
2947,0.7929
2948,1.2323
2949,1.0080
2950,1.3592
2951,1.0049
2952,1.0206
2953,0.8924
2954,1.3201
2955,1.1733
2956,1.0487
2957,1.0334
2958,1.0614
2959,0.9562
2960,0.8198
2961,1.2280
2962,1.4662
2963,1.0432
2964,0.8385
2965,1.0918
2966,0.7410
2967,0.8752
2968,1.3863
2969,1.0116
2970,1.0546
2971,0.7670
2972,1.0385
2973,0.9175
2974,0.8451
2975,1.3362
2976,0.9450
2977,0.8931
2978,1.3216
2979,0.7695
2980,0.8290
2981,0.8229
2982,1.3120
2983,1.2477
2984,0.9195
2985,0.9319
2986,0.9368
2987,0.9320
2988,1.3514
2989,0.8617
2990,0.9270
2991,0.9063
2992,1.0602
2993,1.6391
2994,0.8257
2995,0.8647
2996,0.8563
2997,1.2557
2998,1.1621
2999,1.1200
3000,0.7938
3001,0.9397
3002,1.2847
3003,1.3118
3004,0.9137
3005,1.0570
3006,1.0966
3007,0.9820
3008,1.1305
3009,0.9530
3010,0.8960
3011,0.9420
3012,0.9199
3013,0.8326
3014,1.0125
3015,1.2479
3016,1.3872
3017,0.9233
3018,0.8477
3019,1.2061
3020,0.7357
3021,0.9436
3022,1.3240
3023,1.1622
3024,0.7532
3025,0.8055
3026,1.1362
3027,0.8545
3028,1.3071
3029,0.9972
3030,0.8882
3031,1.0472
3032,0.9720
3033,0.9827
3034,0.9955
3035,1.3343
3036,1.1726
3037,1.2470
3038,1.0888
3039,1.0871
3040,0.7477
3041,1.4172
3042,1.2677
3043,0.9786
3044,0.9943
3045,1.1229
3046,0.8132
3047,1.2100
3048,1.1293
3049,1.0207
3050,1.0430
3051,0.9277
3052,1.0973
3053,0.8368
3054,0.9418
3055,1.4151
3056,1.2898
3057,1.0004
3058,1.0204
3059,1.0404
3060,0.9323
3061,1.2256
3062,0.9368
3063,0.9591
3064,1.1103
3065,0.9921
3066,0.8725
3067,1.8218
3068,0.4790
3069,1.0049
3070,0.7859
3071,0.9401
3072,1.0341
3073,1.3433
3074,0.6759
3075,1.1552
3076,1.0728
3077,1.1150
3078,1.2476
3079,1.0633
3080,1.1366
3081,1.1977
3082,1.3238
3083,0.6688
3084,0.7969
3085,0.8216
3086,1.2369
3087,0.7769
3088,1.2138
3089,0.8706
3090,0.9111
3091,1.0099
3092,0.9496
3093,1.1382
3094,0.8658
3095,1.2782
3096,1.2291
3097,2.5434
3098,0.1672
3099,1.5740
3100,1.6224
3101,0.2005
3102,1.2293
3103,0.6152
3104,0.9885
3105,0.9061
3106,1.0003
3107,1.3200
3108,1.2077
3109,1.0804
3110,0.8553
3111,1.7975
3112,0.4359
3113,0.8913
3114,1.2976
3115,1.2171
3116,1.0415
3117,0.8935
3118,0.9857
3119,1.0379
3120,1.3256
3121,1.1677
3122,0.8734
3123,1.0792
3124,1.0586
3125,1.2248
3126,0.7635
3127,1.2524
3128,1.0192
3129,0.8583
3130,1.1131
3131,1.0436
3132,0.7683
3133,0.8991
3134,1.2979
3135,0.9168
3136,0.9134
3137,0.9206
3138,1.1299
3139,0.8336
3140,1.3429
3141,1.0287
3142,1.1479
3143,1.1091
3144,0.9815
3145,0.9790
3146,0.8928
3147,1.3136
3148,0.8789
3149,0.9575
3150,1.0859
3151,0.8649
3152,0.9534
3153,0.9394
3154,1.4380
3155,1.1408
3156,1.8496
3157,0.6924
3158,0.2843
3159,1.2645
3160,0.5163
3161,0.8388
3162,1.2476
3163,1.2626
3164,1.0348
3165,0.9608
3166,0.9522
3167,1.4152
3168,0.8419
3169,1.1474
3170,1.3301
3171,0.6525
3172,0.8424
3173,1.2836
3174,0.7962
3175,0.8547
3176,1.3018
3177,0.8846
3178,1.0101
3179,1.0155
3180,0.9313
3181,1.3097
3182,1.1160
3183,0.8958
3184,0.9339
3185,1.0394
3186,1.0677
3187,0.7184
3188,0.8324
3189,1.3726
3190,0.8823
3191,0.9272
3192,0.8726
3193,1.1315
3194,0.8911
3195,1.1802
3196,1.2622
3197,1.0462
3198,1.3326
3199,0.9666
3200,1.0737
3201,1.2958
3202,1.0739
3203,0.9175
3204,0.9439
3205,0.8862
3206,1.0314
3207,0.8412
3208,1.0645
3209,1.2168
3210,1.2108
3211,0.9784
3212,1.1892
3213,0.7919
3214,0.8363
3215,1.2566
3216,1.0958
3217,1.2061
3218,0.7496
3219,1.0041
3220,0.8890
3221,0.8097
3222,1.2553
3223,0.9535
3224,0.8991
3225,1.0485
3226,1.1391
3227,0.9873
3228,0.8340
3229,1.2512
3230,1.1578
3231,0.8899
3232,1.6911
3233,0.4938
3234,0.8221
3235,1.2743
3236,1.0014
3237,1.3070
3238,1.0901
3239,1.0684
3240,1.1099
3241,0.8110
3242,1.2889
3243,0.8917
3244,1.2099
3245,1.1194
3246,1.4886
3247,1.0882
3248,0.8049
3249,0.9045
3250,0.9379
3251,0.9164
3252,1.1937
3253,0.7808
3254,0.9082
3255,1.2186
3256,1.3336
3257,0.8514
3258,0.9246
3259,1.0449
3260,0.8922
3261,1.8157
3262,0.4500
3263,0.7796
3264,1.0198
3265,1.0818
3266,0.9628
3267,0.9261
3268,0.8641
3269,1.9428
3270,0.6466
3271,0.9108
3272,0.9302
3273,1.0807
3274,0.8787
3275,1.2149
3276,1.2372
3277,0.9889
3278,1.0308
3279,1.0498
3280,0.8645
3281,1.4273
3282,1.1509
3283,1.1311
3284,0.9921
3285,1.2398
3286,0.7624
3287,1.2103
3288,1.0138
3289,0.9345
3290,1.0166
3291,1.1299
3292,0.9774
3293,0.9769
3294,0.7557
3295,1.2799
3296,1.0853
3297,1.0050
3298,0.9900
3299,0.9631
3300,1.0169
3301,0.9258
3302,1.3920
3303,0.8984
3304,1.0958
3305,0.9164
3306,1.3176
3307,0.6160
3308,1.1841
3309,0.8820
3310,0.8735
3311,0.9131
3312,0.9201
3313,1.0309
3314,1.0377
3315,1.3826
3316,1.2409
3317,1.0534
3318,1.0701
3319,1.1601
3320,0.7828
3321,0.8266
3322,1.3302
3323,1.2823
3324,0.9348
3325,0.8457
3326,0.8942
3327,0.9369
3328,1.3431
3329,1.0730
3330,0.9215
3331,0.9281
3332,0.8923
3333,1.0042
3334,0.9573
3335,1.2037
3336,0.8948
3337,1.4133
3338,0.8065
3339,1.1335
3340,0.8670
3341,0.9039
3342,1.2836
3343,1.0405
3344,0.9093
3345,0.8576
3346,0.9664
3347,0.8936
3348,0.8796
3349,1.2865
3350,1.2937
3351,1.0436
3352,1.8983
3353,0.3350
3354,0.6495
3355,1.2586
3356,1.1266
3357,1.1021
3358,1.0593
3359,1.1147
3360,0.8085
3361,0.8944
3362,1.4321
3363,1.3193
3364,0.8448
3365,0.9153
3366,0.9590
3367,1.1751
3368,1.1631
3369,1.1214
3370,0.7904
3371,0.7042
3372,0.9428
3373,1.0243
3374,0.8348
3375,0.8670
3376,1.4181
3377,0.7891
3378,1.0060
3379,1.0252
3380,0.9507
3381,0.8948
3382,1.6095
3383,1.0208
3384,0.8876
3385,1.0592
3386,0.8666
3387,1.0323
3388,0.9178
3389,1.2674
3390,0.8908
3391,0.9216
3392,0.9391
3393,0.9888
3394,0.9010
3395,0.9465
3396,1.2824
3397,2.1049
3398,0.3625
3399,1.1465
3400,1.1857
3401,0.8984
3402,1.4013
3403,0.8754
3404,0.8995
3405,1.0192
3406,1.0308
3407,0.9195
3408,0.9097
3409,1.3151
3410,0.9280
3411,0.8814
3412,1.0684
3413,0.9215
3414,0.9516
3415,0.9778
3416,1.2391
3417,1.2596
3418,0.9005
3419,0.9492
3420,1.0035
3421,1.1336
3422,0.7695
3423,1.1997
3424,1.0190
3425,0.8471
3426,0.9424
3427,0.9162
3428,1.2160
3429,0.8044
3430,1.1093
3431,1.0718
3432,1.1936
3433,1.0012
3434,1.0995
3435,0.9279
3436,1.6180
3437,0.9030
3438,1.0561
3439,1.0190
3440,1.1034
3441,0.8200
3442,0.8866
3443,1.4192
3444,1.2578
3445,0.8384
3446,1.0145
3447,0.9266
3448,0.8714
3449,1.3148
3450,1.2165
3451,0.6612
3452,0.8150
3453,0.9934
3454,0.9255
3455,1.0381
3456,1.1201
3457,1.4186
3458,0.7594
3459,0.9719
3460,1.0166
3461,0.8983
3462,0.8825
3463,1.3746
3464,1.0954
3465,1.0180
3466,0.9171
3467,1.1956
3468,0.8000
3469,1.3213
3470,1.0748
3471,0.8985
3472,1.1372
3473,0.8326
3474,0.9932
3475,0.9140
3476,1.4758
3477,1.0855
3478,1.0327
3479,0.9102
3480,0.8988
3481,1.0300
3482,0.8685
3483,0.9895
3484,1.3201
3485,0.9443
3486,2.9490
3487,0.8534
3488,0.7011
3489,1.8466
3490,1.0872
3491,0.5680
3492,0.7782
3493,0.7038
3494,0.4846
3495,1.1589
3496,0.9517
3497,0.9178
3498,1.0647
3499,1.0228
3500,1.5470
3501,0.9461
3502,0.6633
3503,1.1813
3504,1.1047
3505,0.8507
3506,0.8788
3507,0.7721
3508,0.9943
3509,1.0719
3510,1.0410
3511,0.9480
3512,1.0184
3513,1.0073
3514,0.9969
3515,1.0499
3516,1.3532
3517,1.0966
3518,1.0244
3519,1.2213
3520,1.1882
3521,0.9843
3522,1.4536
3523,0.8843
3524,0.9218
3525,0.8839
3526,0.8774
3527,0.9228
3528,0.9261
3529,1.6354
3530,0.8279
3531,0.9548
3532,1.0029
3533,1.5331
3534,0.5303
3535,1.2593
3536,0.8579
3537,1.0606
3538,1.0135
3539,1.0071
3540,1.0277
3541,0.9690
3542,0.9530
3543,1.4759
3544,0.9411
3545,1.1443
3546,0.8748
3547,1.8679
3548,0.6109
3549,0.8621
3550,0.8512
3551,0.9657
3552,1.0364
3553,1.0301
3554,0.9380
3555,1.0587
3556,1.2115
3557,1.2803
3558,1.0753
3559,1.1769
3560,1.1014
3561,1.0446
3562,1.2825
3563,0.8504
3564,1.0705
3565,0.8971
3566,0.8710
3567,0.8550
3568,0.9531
3569,1.3591
3570,1.0135
3571,1.0243
3572,1.0287
3573,0.9140
3574,1.0652
3575,0.9092
3576,1.2228
3577,1.9170
3578,0.3936
3579,0.9758
3580,0.8667
3581,0.8260
3582,1.2912
3583,0.8872
3584,1.0191
3585,0.8603
3586,0.9103
3587,0.9541
3588,1.0725
3589,0.8468
3590,1.2812
3591,1.3438
3592,0.8343
3593,2.2359
3594,0.7860
3595,0.3274
3596,0.6969
3597,0.9095
3598,1.1747
3599,1.1547
3600,0.8559
3601,0.9151
3602,0.9241
3603,1.3976
3604,1.0868
3605,0.7992
3606,1.0726
3607,1.0966
3608,1.0080
3609,1.2327
3610,0.8216
3611,1.0007
3612,1.1234
3613,1.1018
3614,0.9594
3615,0.9023
3616,1.0145
3617,0.8761
3618,1.0589
3619,0.8994
3620,0.8331
3621,1.0285
3622,1.0921
3623,1.4258
3624,1.1135
3625,1.2382
3626,0.9579
3627,0.9479
3628,1.1971
3629,1.3573
3630,1.0341
3631,1.2260
3632,0.9508
3633,1.0132
3634,1.1126
3635,1.4518
3636,1.2971
3637,1.0746
3638,0.9565
3639,1.0072
3640,0.8786
3641,1.3440
3642,1.3035
3643,0.9822
3644,1.3251
3645,0.9902
3646,1.2477
3647,1.2421
3648,0.9224
3649,0.9339
3650,0.8655
3651,1.0169
3652,1.0021
3653,0.9177
3654,1.0485
3655,1.5201
3656,0.9618
3657,0.9959
3658,1.0787
3659,1.2803
3660,0.5519
3661,1.3025
3662,1.6134
3663,0.6551
3664,0.9962
3665,1.0180
3666,1.1206
3667,1.2020
3668,1.0859
3669,0.9187
3670,1.0305
3671,1.0012
3672,0.9719
3673,0.9495
3674,1.4799
3675,1.4196
3676,1.0565
3677,1.2188
3678,1.1420
3679,1.0622
3680,1.3629
3681,1.3015
3682,0.6264
3683,0.9791
3684,1.1311
3685,0.8879
3686,0.8497
3687,1.4891
3688,1.3043
3689,0.8242
3690,1.1680
3691,0.8173
3692,1.0565
3693,1.4491
3694,1.3819
3695,0.7177
3696,0.9702
3697,0.8798
3698,0.8824
3699,0.8509
3700,1.4270
3701,0.9295
3702,0.9808
3703,1.0841
3704,1.1074
3705,0.9008
3706,1.1935
3707,1.2842
3708,0.9027
3709,1.0400
3710,0.8850
3711,1.1863
3712,1.3967
3713,1.4695
3714,1.0789
3715,1.0889
3716,0.8185
3717,0.9983
3718,1.4155
3719,0.9972
3720,1.0032
3721,1.2632
3722,1.0050
3723,1.0740
3724,1.0627
3725,1.4375
3726,1.1612
3727,0.8357
3728,1.0579
3729,1.2393
3730,0.7726
3731,0.9312
3732,1.3974
3733,0.8787
3734,1.0441
3735,0.9616
3736,1.1836
3737,0.7804
3738,1.1678
3739,1.1164
3740,1.0015
3741,1.0103
3742,0.9454
3743,1.0142
3744,0.8668
3745,1.3727
3746,1.1606
3747,1.1052
3748,1.1385
3749,1.0921
3750,1.0956
3751,1.2283
3752,1.2366
3753,1.1620
3754,1.0938
3755,1.1312
3756,0.9865
3757,1.4355
3758,0.8917
3759,1.0936
3760,1.0393
3761,1.0163
3762,0.9704
3763,1.3496
3764,1.0327
3765,1.0067
3766,1.3169
3767,0.4789
3768,1.1949
3769,1.2705
3770,1.4484
3771,0.9863
3772,1.0241
3773,0.9013
3774,1.0545
3775,0.8525
3776,1.3336
3777,1.0275
3778,0.9328
3779,1.1740
3780,1.5813
3781,0.3529
3782,0.6676
3783,1.3965
3784,1.2555
3785,1.1078
3786,0.9636
3787,1.1333
3788,0.8297
3789,1.4983
3790,1.2143
3791,1.0372
3792,1.2931
3793,1.3562
3794,0.8690
3795,1.2477
3796,0.9337
3797,1.0744
3798,1.2402
3799,0.8742
3800,1.0001
3801,0.9827
3802,1.2247
3803,1.1899
3804,0.9420
3805,1.0456
3806,1.1284
3807,1.0169
3808,0.9385
3809,1.2677
3810,1.0179
3811,0.9957
3812,0.9632
3813,1.4421
3814,1.3541
3815,0.9285
3816,1.0015
3817,1.1647
3818,1.0609
3819,0.8645
3820,1.0801
3821,0.9311
3822,1.4180
3823,1.9135
3824,0.1193
3825,0.7016
3826,0.8746
3827,1.1059
3828,1.3769
3829,1.1874
3830,1.0740
3831,1.1688
3832,1.5362
3833,0.7101
3834,1.3811
3835,1.1934
3836,1.1273
3837,0.9060
3838,0.8813
3839,0.9545
3840,1.3316
3841,1.0123
3842,0.9750
3843,0.9529
3844,1.0436
3845,1.2326
3846,1.2654
3847,0.9269
3848,1.1684
3849,1.0076
3850,1.0062
3851,1.1083
3852,1.0501
3853,0.6399
3854,1.6211
3855,0.8200
3856,1.0092
3857,1.1812
3858,0.9471
3859,1.2368
3860,1.0679
3861,1.0805
3862,1.1355
3863,0.8093
3864,1.4724
3865,0.8166
3866,1.3698
3867,1.8988
3868,0.5856
3869,0.8717
3870,1.0956
3871,0.8862
3872,1.4009
3873,0.9656
3874,0.8258
3875,1.0005
3876,0.8797
3877,1.1417
3878,0.9803
3879,1.4381
3880,1.0510
3881,1.1834
3882,0.6584
3883,0.8979
3884,1.0952
3885,0.9366
3886,1.2956
3887,1.2920
3888,1.0955
3889,1.1103
3890,0.8507
3891,0.7659
3892,1.3159
3893,1.1177
3894,1.1959
3895,1.2896
3896,0.5657
3897,0.9979
3898,1.4483
3899,1.2838
3900,0.6924
3901,1.1088
3902,1.0056
3903,1.3871
3904,0.4411
3905,1.4084
3906,1.4646
3907,1.2360
3908,1.0405
3909,1.1209
3910,1.5517
3911,1.1233
3912,0.8952
3913,1.1728
3914,0.7301
3915,1.0311
3916,0.9735
3917,1.4559
3918,1.0793
3919,1.1541
3920,0.8670
3921,1.1634
3922,1.1958
3923,1.6619
3924,0.8313
3925,1.1992
3926,0.8509
3927,0.9478
3928,0.8824
3929,1.0807
3930,1.3852
3931,1.3357
3932,1.0075
3933,1.1008
3934,1.0316
3935,0.7767
3936,1.3028
3937,1.1461
3938,0.9468
3939,1.0972
3940,0.9817
3941,1.1632
3942,0.8601
3943,1.5099
3944,0.9726
3945,1.7445
3946,0.6209
3947,0.9598
3948,0.8463
3949,1.5086
3950,0.9837
3951,0.9215
3952,1.2105
3953,0.9523
3954,0.9048
3955,1.3543
3956,1.0229
3957,0.9056
3958,1.0100
3959,1.0112
3960,0.9492
3961,0.9131
3962,1.2997
3963,1.0137
3964,1.0437
3965,0.9726
3966,1.2139
3967,1.7540
3968,0.3750
3969,0.9670
3970,0.9553
3971,1.3507
3972,0.8083
3973,1.5773
3974,0.4121
3975,0.8466
3976,1.4402
3977,0.9260
3978,0.9783
3979,1.0342
3980,1.0675
3981,2.2630
3982,0.8465
3983,0.8734
3984,1.1001
3985,1.1617
3986,1.1276
3987,0.8814
3988,1.3303
3989,0.9947
3990,1.0132
3991,1.0109
3992,0.9940
3993,0.9775
3994,1.2578
3995,1.0716
3996,1.0859
3997,1.6903
3998,0.4662
3999,0.9715
4000,1.2160
4001,0.8979
4002,1.4043
4003,0.8096
4004,1.0836
4005,1.1019
4006,1.1781
4007,0.8533
4008,0.9449
4009,0.8670
4010,1.0005
4011,1.2185
4012,1.7570
4013,1.2500
4014,0.4689
4015,1.1563
4016,0.9800
4017,0.9970
4018,0.5054
4019,0.9554
4020,0.8936
4021,1.4847
4022,1.2019
4023,1.0718
4024,1.2183
4025,1.6816
4026,0.7334
4027,1.2310
4028,1.0392
4029,1.2573
4030,0.8898
4031,0.9074
4032,1.0510
4033,1.3805
4034,1.2291
4035,0.9607
4036,0.9992
4037,1.0113
4038,1.0558
4039,1.0381
4040,1.5104
4041,0.9602
4042,0.5813
4043,1.0326
4044,1.2228
4045,0.9085
4046,1.3550
4047,0.8030
4048,1.2476
4049,1.0178
4050,1.0049
4051,0.8863
4052,0.9812
4053,1.2908
4054,1.8062
4055,0.4601
4056,0.9926
4057,1.2999
4058,0.6691
4059,1.3531
4060,1.0331
4061,1.1531
4062,1.0704
4063,1.2684
4064,1.0458
4065,1.3811
4066,1.1817
4067,0.8509
4068,0.9608
4069,0.8573
4070,1.1631
4071,1.1844
4072,1.5639
4073,0.7728
4074,1.0645
4075,1.2140
4076,1.0299
4077,0.8029
4078,0.8305
4079,1.3673
4080,1.1127
4081,1.0043
4082,1.2624
4083,0.7168
4084,1.3541
4085,1.3138
4086,1.0113
4087,0.8888
4088,0.9474
4089,1.1834
4090,0.5272
4091,1.3667
4092,1.2516
4093,0.8285
4094,1.1521
4095,1.0874
4096,0.8122
4097,1.7523
4098,1.2884
4099,0.7061
4100,1.1197
4101,1.1133
4102,1.1293
4103,1.1129
4104,1.2366
4105,1.2905
4106,0.8209
4107,0.8836
4108,1.0152
4109,1.1459
4110,1.2490
4111,1.0783
4112,0.6729
4113,1.2333
4114,0.6705
4115,0.9515
4116,0.8837
4117,1.2836
4118,1.0151
4119,1.0802
4120,0.8486
4121,0.9153
4122,1.1833
4123,1.1726
4124,0.8154
4125,1.4356
4126,1.2392
4127,0.6804
4128,0.8668
4129,1.2060
4130,1.0310
4131,1.3996
4132,1.1056
4133,0.9416
4134,0.9044
4135,1.1527
4136,0.8223
4137,1.5644
4138,1.1622
4139,1.0324
4140,1.0665
4141,1.3560
4142,0.6574
4143,1.3973
4144,1.2530
4145,1.0145
4146,1.0196
4147,1.6361
4148,0.4104
4149,0.8722
4150,1.4584
4151,0.8301
4152,0.9282
4153,1.1492
4154,0.9564
4155,1.2287
4156,0.8341
4157,1.1982
4158,0.9471
4159,0.9746
4160,0.9873
4161,0.9937
4162,0.9721
4163,1.2626
4164,1.1280
4165,0.9476
4166,1.3001
4167,0.8760
4168,0.9752
4169,0.7786
4170,1.2832
4171,1.9023
4172,0.2443
4173,1.0222
4174,1.1800
4175,1.0238
4176,1.2728
4177,1.1700
4178,1.1458
4179,1.0275
4180,0.8898
4181,0.8482
4182,1.0384
4183,1.2700
4184,1.5063
4185,1.0987
4186,0.6749
4187,0.9904
4188,1.2524
4189,1.2850
4190,1.2115
4191,0.8318
4192,0.8835
4193,1.0252
4194,0.8732
4195,0.8622
4196,0.9460
4197,1.2557
4198,1.3544
4199,0.9314
4200,1.5712
4201,0.8522
4202,1.4478
4203,0.8457
4204,0.9518
4205,0.9071
4206,0.9305
4207,0.9853
4208,1.1032
4209,0.7136
4210,1.5131
4211,0.8313
4212,0.8899
4213,0.9040
4214,0.9513
4215,1.5904
4216,1.0261
4217,1.0922
4218,1.0047
4219,1.2848
4220,0.8977
4221,1.0221
4222,1.5615
4223,0.9026
4224,0.9155
4225,0.9226
4226,1.2118
4227,0.8494
4228,1.3721
4229,1.2113
4230,0.6862
4231,0.8836
4232,1.1346
4233,1.3549
4234,0.7277
4235,0.9428
4236,1.2125
4237,0.9056
4238,0.9898
4239,1.2583
4240,0.7061
4241,0.8921
4242,1.4901
4243,0.8903
4244,2.0292
4245,0.5029
4246,0.9406
4247,0.5655
4248,1.2866
4249,1.1429
4250,0.8930
4251,1.0298
4252,1.0108
4253,0.8956
4254,0.9641
4255,1.3515
4256,1.3390
4257,1.3009
4258,1.0824
4259,1.2782
4260,0.7439
4261,1.3528
4262,1.0838
4263,1.1762
4264,0.9621
4265,0.8661
4266,0.8956
4267,0.9296
4268,1.2930
4269,1.0083
4270,1.0294
4271,1.0274
4272,1.0655
4273,0.9400
4274,1.4532
4275,1.0533
4276,0.8462
4277,1.2072
4278,0.9954
4279,1.3011
4280,1.4609
4281,0.8468
4282,0.8707
4283,0.9482
4284,0.9375
4285,1.0206
4286,0.8277
4287,0.9676
4288,1.8561
4289,0.8209
4290,1.0324
4291,0.9267
4292,1.1422
4293,0.8852
4294,1.3164
4295,0.9196
4296,0.8164
4297,0.9089
4298,0.9701
4299,0.8745
4300,0.9059
4301,1.5745
4302,0.9799
4303,1.0476
4304,0.6805
4305,0.9815
4306,0.9863
4307,0.8151
4308,1.2241
4309,1.0533
4310,0.8890
4311,0.9408
4312,0.9210
4313,0.8444
4314,0.9360
4315,1.3434
4316,1.2597
4317,0.9086
4318,1.2402
4319,0.9978
4320,0.7219
4321,0.8391
4322,1.3046
4323,1.2729
4324,1.2250
4325,0.8293
4326,1.2215
4327,0.8578
4328,0.8173
4329,1.3722
4330,0.9021
4331,0.9308
4332,0.9726
4333,1.1085
4334,1.3486
4335,0.8118
4336,0.9334
4337,0.7662
4338,1.0402
4339,1.3075
4340,0.4598
4341,1.0127
4342,1.8773
4343,0.5048
4344,0.8669
4345,0.9063
4346,0.9277
4347,0.9535
4348,1.3359
4349,0.9139
4350,1.0407
4351,1.0739
4352,0.7801
4353,1.2401
4354,1.3492
4355,0.8892
4356,1.4126
4357,0.8913
4358,1.0600
4359,0.8821
4360,1.1856
4361,1.5042
4362,0.9357
4363,0.8087
4364,1.0294
4365,0.8489
4366,0.9341
4367,0.9268
4368,0.8906
4369,1.4792
4370,0.8716
4371,0.9919
4372,0.9269
4373,1.1935
4374,1.2162
4375,0.9777
4376,0.8244
4377,0.8765
4378,0.8885
4379,0.8849
4380,1.1833
4381,0.8514
4382,1.1422
4383,1.3734
4384,0.9391
4385,0.9316
4386,0.9240
4387,1.0880
4388,0.8835
4389,1.3756
4390,1.3513
4391,1.2748
4392,0.8482
4393,0.9756
4394,0.7957
4395,1.2210
4396,1.0871
4397,1.0937
4398,1.3248
4399,0.8631
4400,0.8428
4401,0.9696
4402,0.9551
4403,1.4062
4404,0.9134
4405,0.9570
4406,0.9120
4407,1.1552
4408,0.8325
4409,1.2518
4410,1.0365
4411,0.8809
4412,0.8052
4413,0.9558
4414,1.0573
4415,0.9027
4416,1.3084
4417,1.2221
4418,1.0681
4419,0.8547
4420,1.0677
4421,0.8902
4422,1.2746
4423,1.1078
4424,0.8820
4425,0.8491
4426,0.9679
4427,1.4409
4428,1.4923
4429,1.0226
4430,0.9370
4431,0.8299
4432,0.8739
4433,0.8974
4434,1.1631
4435,0.8105
4436,1.3985
4437,1.0773
4438,0.8062
4439,0.9483
4440,1.0771
4441,0.8358
4442,1.3167
4443,0.9082
4444,0.9071
4445,0.9637
4446,0.8168
4447,1.0035
4448,0.9186
4449,1.4738
4450,0.9139
4451,0.9298
4452,0.8511
4453,0.9700
4454,0.9872
4455,1.0069
4456,1.2628
4457,0.9142
4458,0.9782
4459,0.8763
4460,0.9182
4461,1.0311
4462,0.8706
4463,1.4068
4464,1.1037
4465,1.2463
4466,0.9089
4467,0.9889
4468,0.9050
4469,1.4247
4470,0.8369
4471,0.9571
4472,1.3429
4473,0.8883
4474,1.0115
4475,0.7506
4476,1.3078
4477,0.9376
4478,0.9173
4479,1.0148
4480,0.7966
4481,1.0981
4482,0.8793
4483,1.4037
4484,0.8943
4485,0.9086
4486,1.0267
4487,0.9589
4488,1.0525
4489,0.8465
4490,1.2938
4491,0.9376
4492,1.0080
4493,0.9053
4494,0.9649
4495,0.9687
4496,0.9240
4497,1.2976
4498,1.3936
4499,0.9165
4500,0.8935
4501,1.5553
4502,0.7312
4503,0.9459
4504,1.2343
4505,0.8474
4506,1.0726
4507,0.8812
4508,1.2254
4509,1.1583
4510,1.2516
4511,0.9401
4512,0.9549
4513,0.8587
4514,1.0078
4515,0.9403
4516,0.9495
4517,1.3261
4518,1.1171
4519,0.7970
4520,0.9038
4521,0.9380
4522,0.9378
4523,0.9605
4524,1.2899
4525,0.8837
4526,1.0066
4527,0.9081
4528,0.9577
4529,0.9113
4530,0.9273
4531,1.3087
4532,1.5870
4533,0.8505
4534,0.8426
4535,0.8375
4536,1.0159
4537,1.0044
4538,1.2487
4539,0.9293
4540,0.8743
4541,0.8694
4542,0.9816
4543,0.9115
4544,1.2392
4545,1.4632
4546,1.1746
4547,0.9472
4548,0.8544
4549,0.9488
4550,0.9526
4551,1.3393
4552,0.9749
4553,0.9358
4554,0.9043
4555,1.0057
4556,0.9911
4557,1.2137
4558,0.9587
4559,0.9163
4560,0.8728
4561,0.9960
4562,1.1092
4563,0.9359
4564,0.8840
4565,0.8286
4566,1.4880
4567,0.8610
4568,0.9044
4569,0.8946
4570,0.9765
4571,1.3497
4572,0.9194
4573,0.9353
4574,0.9116
4575,1.0296
4576,0.8578
4577,0.9874
4578,1.1165
4579,1.1466
4580,1.2615
4581,0.9297
4582,1.0823
4583,1.2796
4584,0.9274
4585,1.3667
4586,0.8575
4587,0.9077
4588,0.9102
4589,0.9362
4590,1.0863
4591,0.9404
4592,1.1954
4593,1.0519
4594,1.0208
4595,1.2401
4596,0.4410
4597,1.1334
4598,0.7041
4599,0.9083
4600,1.2514
4601,1.3153
4602,1.2091
4603,0.6499
4604,0.9709
4605,0.8954
4606,1.2942
4607,0.9429
4608,1.3253
4609,0.6725
4610,0.8322
4611,0.9237
4612,0.9450
4613,1.0352
4614,1.4656
4615,0.9705
4616,0.8382
4617,0.9152
4618,1.0243
4619,1.0861
4620,1.2933
4621,0.8557
4622,0.9183
4623,0.9694
4624,1.2839
4625,0.8100
4626,0.7628
4627,1.1814
4628,1.3174
4629,0.9317
4630,0.9223
4631,1.5507
4632,0.3288
4633,0.9210
4634,1.3311
4635,0.9211
4636,0.8548
4637,0.9670
4638,1.2273
4639,1.3562
4640,1.0751
4641,0.7336
4642,0.6920
4643,0.9025
4644,0.9032
4645,1.0237
4646,0.8609
4647,0.9266
4648,1.4673
4649,0.9202
4650,0.9183
4651,0.9264
4652,1.0323
4653,0.9755
4654,1.2857
4655,0.8310
4656,0.9082
4657,1.1865
4658,0.9514
4659,0.9346
4660,1.0960
4661,1.2053
4662,1.2189
4663,1.0814
4664,1.1636
4665,0.7414
4666,0.8624
4667,0.8463
4668,1.3368
4669,0.9804
4670,0.8492
4671,0.9941
4672,0.8777
4673,1.0325
4674,0.9658
4675,1.2730
4676,0.8936
4677,0.9147
4678,0.9795
4679,0.8949
4680,0.9413
4681,1.1116
4682,1.1205
4683,1.4170
4684,0.8447
4685,0.9851
4686,1.1336
4687,0.6426
4688,1.3887
4689,0.8578
4690,0.9672
4691,0.8637
4692,0.9662
4693,1.1892
4694,1.2171
4695,1.3671
4696,0.8957
4697,0.9279
4698,0.9036
4699,1.0490
4700,0.9630
4701,0.8587
4702,1.2601
4703,0.9581
4704,0.9043
4705,0.8884
4706,0.9202
4707,0.9817
4708,0.9331
4709,1.2855
4710,1.3401
4711,0.9182
4712,0.9206
4713,1.0101
4714,0.9357
4715,1.2986
4716,0.9055
4717,0.9271
4718,0.9275
4719,0.9324
4720,1.0069
4721,0.9093
4722,1.2338
4723,0.8929
4724,1.0029
4725,0.9485
4726,0.9356
4727,1.0146
4728,0.8804
4729,0.9526
4730,1.8724
4731,1.0672
4732,0.8079
4733,0.9787
4734,0.8891
4735,0.9701
4736,1.1874
4737,0.9645
4738,0.8902
4739,1.0252
4740,0.8901
4741,1.0173
4742,1.0987
4743,1.1043
4744,1.3254
4745,0.9172
4746,0.8973
4747,0.8648
4748,1.0439
4749,0.8882
4750,1.2680
4751,0.9626
4752,1.0358
4753,0.9757
4754,0.8320
4755,1.0521
4756,0.7618
4757,1.3175
4758,0.9244
4759,0.9452
4760,1.0104
4761,0.9964
4762,0.7721
4763,1.0289
4764,1.1830
4765,1.3428
4766,0.8787
4767,0.9825
4768,1.3950
4769,0.8081
4770,1.1612
4771,0.9690
4772,1.0904
4773,1.0035
4774,0.9393
4775,1.7673
4776,0.4082
4777,0.7714
4778,0.7702
4779,1.2428
4780,0.7524
4781,0.7738
4782,0.9716
4783,0.7739
4784,1.1921
4785,0.8459
4786,0.8938
4787,1.1743
4788,0.9948
4789,0.8552
4790,0.7844
4791,1.2716
4792,1.0607
4793,0.6596
4794,0.9356
4795,0.7374
4796,0.7853
4797,0.8586
4798,0.7711
4799,1.1597
4800,0.8458
4801,0.8022
4802,0.7872
4803,0.8967
4804,0.9293
4805,0.8449
4806,0.6906
4807,1.1947
4808,0.8931
4809,0.7785
4810,0.9154
4811,0.7683
4812,0.7423
4813,0.8206
4814,0.8303
4815,0.8099
4816,1.3657
4817,0.8133
4818,0.8431
4819,0.8080
4820,0.8017
4821,1.1299
4822,0.7580
4823,0.9592
4824,0.8204
4825,0.8365
4826,0.7412
4827,1.4729
4828,0.3837
4829,0.8554
4830,0.6629
4831,1.3293
4832,0.9592
4833,0.8764
4834,0.9703
4835,1.0977
4836,1.2936
4837,0.7337
4838,0.9514
4839,1.3332
4840,0.2982
4841,0.8346
4842,0.8585
4843,0.7583
4844,1.2085
4845,0.8443
4846,0.9157
4847,0.8386
4848,1.0472
4849,0.6495
4850,0.8739
4851,0.8012
4852,0.8766
4853,0.7886
4854,0.8260
4855,1.3320
4856,0.9792
4857,0.7990
4858,0.8374
4859,0.8496
4860,0.8133
4861,1.3230
4862,0.7762
4863,0.7153
4864,0.7620
4865,0.8731
4866,0.8088
4867,0.8613
4868,0.7456
4869,0.8266
4870,1.1502
4871,1.3054
4872,0.7861
4873,1.1510
4874,0.7738
4875,0.9239
4876,0.7628
4877,1.1818
4878,0.9399
4879,0.8006
4880,1.0623
4881,1.0721
4882,0.9716
4883,0.7740
4884,1.2944
4885,1.0476
4886,0.9669
4887,0.9810
4888,0.7476
4889,1.0823
4890,0.6577
4891,1.2955
4892,0.8018
4893,0.9511
4894,1.2603
4895,0.3402
4896,0.7405
4897,0.7223
4898,0.9073
4899,1.2376
4900,0.9657
4901,0.8294
4902,0.8238
4903,0.9475
4904,0.9284
4905,0.7206
4906,0.7948
4907,1.3572
4908,0.8080
4909,0.8193
4910,0.8046
4911,0.7797
4912,1.3182
4913,0.4515
4914,1.1676
4915,0.8664
4916,0.7755
4917,0.8008
4918,0.9161
4919,0.6908
4920,1.0140
4921,0.5980
4922,1.2468
4923,1.0941
4924,1.0642
4925,1.1290
4926,0.9499
4927,1.1133
4928,0.7428
4929,1.2003
4930,0.9535
4931,0.9559
4932,0.7648
4933,0.8821
4934,0.8170
4935,0.8897
4936,0.9517
4937,0.9523
4938,0.8818
4939,0.7658
4940,1.0803
4941,0.6746
4942,0.9685
4943,0.6237
4944,0.7656
4945,1.3245
4946,1.3225
4947,0.3679
4948,0.9324
4949,0.8988
4950,0.7032
4951,0.7580
4952,1.4766
4953,0.6846
4954,1.0893
4955,0.9188
4956,0.7897
4957,0.8266
4958,0.8980
4959,0.6703
4960,1.3061
4961,0.8748
4962,0.8853
4963,1.1596
4964,0.4507
4965,0.8630
4966,0.7541
4967,1.3284
4968,1.0780
4969,0.8295
4970,1.1766
4971,0.7402
4972,0.7747
4973,0.8778
4974,0.9031
4975,1.3233
4976,0.8459
4977,0.8039
4978,0.8052
4979,0.8719
4980,0.7681
4981,0.8875
4982,1.1606
4983,0.9099
4984,0.8056
4985,0.8178
4986,0.9624
4987,0.6905
4988,0.9500
4989,0.7876
4990,1.2253
4991,0.8262
4992,0.7904
4993,0.8686
4994,0.8057
4995,0.8305
4996,0.9558
4997,0.6775
4998,1.2294
4999,0.9787
5000,0.7838
5001,0.8587
5002,0.9852
5003,0.7696
5004,0.7847
5005,0.7801
5006,1.4574
5007,0.7258
5008,0.8077
5009,0.8406
5010,0.8044
5011,0.8630
5012,0.9792
5013,0.7865
5014,1.2924
5015,1.0101
5016,0.7329
5017,1.1958
5018,1.8898
5019,0.3810
5020,1.1718
5021,0.4416
5022,1.2227
5023,1.0132
5024,0.8548
5025,0.6832
5026,0.9175
5027,0.6295
5028,0.8134
5029,1.2368
5030,1.1130
5031,0.8870
5032,0.6735
5033,0.9828
5034,0.8892
5035,0.4732
5036,0.8820
5037,1.5854
5038,0.7743
5039,0.6651
5040,0.7989
5041,0.8337
5042,0.7878
5043,1.4287
5044,0.6959
5045,0.7804
5046,0.7912
5047,0.9211
5048,0.7887
5049,2.0647
5050,0.2601
5051,0.2467
5052,0.8944
5053,1.3499
5054,0.7800
5055,0.8074
5056,0.8248
5057,1.3389
5058,0.7377
5059,0.5664
5060,1.2195
5061,0.9233
5062,0.9325
5063,1.1571
5064,1.4591
5065,0.2817
5066,1.3565
5067,0.8943
5068,1.1696
5069,0.8796
5070,0.6569
5071,0.9734
5072,0.6461
5073,1.2909
5074,0.7508
5075,0.8807
5076,0.7602
5077,0.8892
5078,0.8036
5079,0.9259
5080,0.9320
5081,1.4033
5082,1.0395
5083,0.4847
5084,0.7342
5085,0.8643
5086,0.6812
5087,0.8905
5088,0.7879
5089,0.7921
5090,1.3537
5091,0.7319
5092,0.9338
5093,0.8398
5094,0.7779
5095,0.8388
5096,0.9221
5097,1.1657
5098,0.9237
5099,0.7895
5100,0.7990
5101,0.9504
5102,0.6578
5103,0.8151
5104,0.8706
5105,1.2798
5106,1.0212
5107,0.8095
5108,1.1489
5109,1.2011
5110,0.7492
5111,0.9549
5112,1.1141
5113,0.8173
5114,0.9360
5115,0.8168
5116,0.7868
5117,1.2359
5118,0.6219
5119,0.8473
5120,1.2202
5121,0.6533
5122,0.8559
5123,0.8681
5124,0.8381
5125,0.9382
5126,0.6136
5127,0.8613
5128,1.4075
5129,0.8399
5130,0.8981
5131,0.7886
5132,0.7813
5133,1.0817
5134,0.8553
5135,1.0396
5136,0.8737
5137,0.7795
5138,0.8904
5139,0.8907
5140,0.8276
5141,0.7797
5142,0.8494
5143,1.4225
5144,0.8159
5145,0.7747
5146,0.8902
5147,0.8286
5148,0.8371
5149,0.7983
5150,1.2604
5151,0.8957
5152,0.9668
5153,1.0694
5154,1.2330
5155,0.9107
5156,0.8748
5157,1.3212
5158,0.8839
5159,0.7313
5160,0.9562
5161,0.8851
5162,0.7818
5163,0.8073
5164,0.9268
5165,1.3667
5166,0.7963
5167,0.9648
5168,0.7981
5169,0.8086
5170,0.8189
5171,0.8898
5172,1.3046
5173,0.6891
5174,0.8724
5175,0.9045
5176,0.8937
5177,0.7034
5178,0.9577
5179,0.7066
5180,0.7806
5181,1.3866
5182,0.9549
5183,1.0649
5184,0.8002
5185,0.7914
5186,0.8165
5187,0.8737
5188,1.6019
5189,0.7706
5190,0.5741
5191,0.8291
5192,0.7408
5193,0.9530
5194,0.8708
5195,1.3454
5196,0.9485
5197,0.9307
5198,1.1892
5199,1.0195
5200,1.1982
5201,0.5577
5202,0.9916
5203,1.2548
5204,0.6186
5205,0.8135
5206,0.8104
5207,0.8386
5208,0.8395
5209,0.7778
5210,1.3170
5211,0.8252
5212,0.8007
5213,0.8375
5214,0.8246
5215,0.8523
5216,0.8471
5217,0.8490
5218,1.4087
5219,0.8122
5220,0.8273
5221,1.0772
5222,0.8221
5223,0.8843
5224,0.7785
5225,1.2071
5226,0.8382
5227,0.9472
5228,0.6269
5229,1.0509
5230,0.8271
5231,0.7301
5232,0.9609
5233,1.2502
5234,0.8635
5235,0.7697
5236,0.9807
5237,0.8890
5238,0.7838
5239,0.8287
5240,1.3175
5241,0.9665
5242,0.7573
5243,1.1332
5244,1.1291
5245,0.7483
5246,0.7813
5247,1.0220
5248,1.3189
5249,0.8323
5250,0.8437
5251,0.8874
5252,0.8400
5253,0.8232
5254,0.8144
5255,1.2942
5256,0.8540
5257,0.8454
5258,0.8125
5259,0.8172
5260,0.8743
5261,0.8799
5262,0.7396
5263,1.2265
5264,0.8041
5265,0.8217
5266,1.0207
5267,0.8171
5268,0.8120
5269,0.9000
5270,1.0338
5271,1.1509
5272,0.8683
5273,0.8063
5274,0.8709
5275,0.8092
5276,0.9441
5277,0.7304
5278,1.2389
5279,1.2888
5280,0.3930
5281,0.8331
5282,0.8432
5283,0.7551
5284,1.0647
5285,0.7895
5286,1.4104
5287,0.9019
5288,0.9351
5289,1.2143
5290,0.9886
5291,0.8789
5292,0.8032
5293,1.3351
5294,0.7516
5295,0.8948
5296,0.7989
5297,1.1809
5298,0.4799
5299,0.8501
5300,1.1931
5301,0.8916
5302,0.8116
5303,0.8632
5304,0.8413
5305,0.8033
5306,0.7914
5307,0.9691
5308,0.8626
5309,1.2832
5310,0.7441
5311,0.9227
5312,0.7466
5313,0.8550
5314,0.9880
5315,0.7389
5316,1.2407
5317,0.8235
5318,0.8698
5319,0.8652
5320,0.8733
5321,0.8339
5322,0.7799
5323,0.8902
5324,1.3975
5325,0.8166
5326,0.7598
5327,0.8975
5328,0.9680
5329,0.7595
5330,0.8430
5331,1.2042
5332,0.8522
5333,0.8720
5334,0.8454
5335,0.8362
5336,0.8314
5337,0.9349
5338,0.7872
5339,1.3388
5340,0.9411
5341,0.7568
5342,0.8560
5343,0.9525
5344,0.8408
5345,0.7768
5346,0.9860
5347,1.1754
5348,0.8763
5349,1.0441
5350,0.6030
5351,0.8621
5352,0.9287
5353,0.8205
5354,1.2688
5355,0.9379
5356,0.7907
5357,0.8321
5358,0.8343
5359,0.8728
5360,0.7638
5361,0.8716
5362,1.3586
5363,0.9761
5364,1.0057
5365,1.0819
5366,0.8007
5367,0.9248
5368,0.9316
5369,1.6794
5370,0.4318
5371,0.9107
5372,0.8258
5373,0.7747
5374,0.8699
5375,0.9346
5376,0.8242
5377,1.3545
5378,0.8698
5379,0.7780
5380,0.8845
5381,0.7866
5382,1.1156
5383,0.6388
5384,1.2884
5385,0.8573
5386,0.7939
5387,0.8367
5388,0.8706
5389,0.8436
5390,0.8007
5391,1.3142
5392,0.9026
5393,0.8078
5394,0.8964
5395,0.8292
5396,0.8939
5397,0.8093
5398,0.8681
5399,0.7742
5400,1.3744
5401,1.1310
5402,1.2511
5403,0.7928
5404,0.8896
5405,0.8514
5406,1.2180
5407,0.8646
5408,0.8484
5409,0.8075
5410,0.8957
5411,0.8359
5412,0.9821
5413,0.7373
5414,1.3364
5415,0.8104
5416,0.7934
5417,0.8960
5418,0.8478
5419,0.8291
5420,0.9927
5421,1.1630
5422,0.8030
5423,0.8335
5424,0.8535
5425,0.7453
5426,0.9134
5427,0.8518
5428,0.8356
5429,1.3056
5430,1.2230
5431,0.8077
5432,0.8519
5433,0.8644
5434,0.8681
5435,0.7794
5436,1.6643
5437,0.4896
5438,0.9888
5439,1.2005
5440,0.9305
5441,0.8531
5442,0.7538
5443,0.9268
5444,1.2783
5445,0.8607
5446,0.8520
5447,0.7465
5448,0.9852
5449,0.8669
5450,0.7953
5451,1.2446
5452,1.1836
5453,0.8448
5454,0.8721
5455,0.9035
5456,0.8602
5457,0.7155
5458,1.3770
5459,0.8196
5460,0.9075
5461,0.7631
5462,0.8882
5463,0.7217
5464,0.8735
5465,0.9399
5466,1.2589
5467,1.2236
5468,0.9329
5469,1.1281
5470,0.7102
5471,0.8826
5472,0.8347
5473,1.1876
5474,0.8845
5475,0.9572
5476,1.1782
5477,0.8613
5478,0.8130
5479,1.1633
5480,0.6505
5481,1.1686
5482,0.8652
5483,0.8538
5484,0.8434
5485,0.7413
5486,1.2012
5487,0.5647
5488,0.8633
5489,1.3077
5490,0.8610
5491,0.9281
5492,0.8234
5493,0.8423
5494,0.9537
5495,0.7339
5496,1.2200
5497,0.8133
5498,0.9127
5499,0.7760
5500,0.8536
5501,0.8181
5502,1.0721
5503,0.8052
5504,1.1641
5505,1.2133
5506,0.9957
5507,0.9725
5508,0.8829
5509,1.0291
5510,1.1516
5511,0.6106
5512,1.1829
5513,0.9669
5514,0.8593
5515,0.8175
5516,1.0399
5517,0.6293
5518,1.4035
5519,1.2315
5520,0.7187
5521,0.8194
5522,0.8200
5523,1.1302
5524,0.6275
5525,0.8266
5526,1.1981
5527,0.8582
5528,0.9126
5529,0.7791
5530,0.8711
5531,0.9942
5532,0.7441
5533,1.1729
5534,0.8713
5535,1.5750
5536,0.4556
5537,0.5891
5538,0.7651
5539,0.8472
5540,0.8422
5541,0.8402
5542,1.3286
5543,0.9782
5544,1.2264
5545,0.7985
5546,1.1306
5547,0.6989
5548,1.1285
5549,0.9943
5550,0.8044
5551,0.8231
5552,0.9671
5553,1.1827
5554,0.4825
5555,1.2665
5556,1.1277
5557,0.8387
5558,0.8136
5559,0.8130
5560,0.8456
5561,0.9403
5562,0.7889
5563,1.2266
5564,0.8072
5565,0.8896
5566,0.8476
5567,0.8280
5568,1.2670
5569,0.4555
5570,1.3821
5571,0.6990
5572,0.7927
5573,0.8542
5574,0.8341
5575,0.8575
5576,1.1143
5577,0.8241
5578,0.8518
5579,1.2897
5580,0.8385
5581,0.8472
5582,0.8069
5583,0.8457
5584,0.9190
5585,0.8461
5586,1.7920
5587,0.6011
5588,1.0087
5589,0.9370
5590,0.8434
5591,0.8573
5592,0.9530
5593,1.2448
5594,0.7950
5595,0.8968
5596,0.8041
5597,0.8655
5598,1.1897
5599,0.6498
5600,1.1585
5601,0.9511
5602,0.7679
5603,0.8470
5604,0.8857
5605,0.8078
5606,0.8487
5607,0.8100
5608,1.1729
5609,1.2329
5610,0.8315
5611,0.9113
5612,0.8389
5613,1.0122
5614,0.7037
5615,1.2313
5616,1.0133
5617,0.6922
5618,0.9836
5619,0.8630
5620,0.7807
5621,0.8326
5622,0.8312
5623,1.2560
5624,1.0241
5625,1.0732
5626,1.0481
5627,0.8387
5628,0.7316
5629,0.9528
5630,0.7058
5631,1.4107
5632,1.0117
5633,0.8284
5634,1.8393
5635,0.4235
5636,0.4778
5637,1.3093
5638,0.6824
5639,0.9033
5640,0.7680
5641,0.9185
5642,0.7980
5643,0.9805
5644,0.6406
5645,1.1737
5646,1.2647
5647,0.8691
5648,0.9771
5649,0.8088
5650,0.8070
5651,0.8894
5652,1.2114
5653,0.8897
5654,0.8423
5655,0.7561
5656,0.8640
5657,0.8214
5658,0.9700
5659,0.8154
5660,1.1689
5661,0.8806
5662,0.8432
5663,0.9227
5664,0.8534
5665,0.7487
5666,0.8350
5667,0.7990
5668,1.6490
5669,0.6490
5670,0.9736
5671,0.7329
5672,0.8129
5673,1.0162
5674,1.0903
5675,1.1947
5676,0.8250
5677,0.8475
5678,0.9243
5679,0.8550
5680,0.7622
5681,0.9100
5682,0.8361
5683,1.2262
5684,1.3497
5685,0.8522
5686,0.8949
5687,0.7596
5688,1.0177
5689,0.6664
5690,1.1774
5691,0.8779
5692,0.8286
5693,0.8343
5694,0.8108
5695,0.9598
5696,0.7784
5697,0.8819
5698,1.3494
5699,0.8410
5700,0.8335
5701,0.8597
5702,1.0575
5703,0.8469
5704,0.6123
5705,1.2294
5706,0.9351
5707,0.8443
5708,0.7755
5709,0.8327
5710,1.0708
5711,1.1328
5712,0.8325
5713,1.2396
5714,0.8494
5715,0.8302
5716,0.8210
5717,0.9723
5718,0.9630
5719,0.6520
5720,0.9210
5721,1.3936
5722,0.7817
5723,0.8515
5724,0.8041
5725,0.8066
5726,1.1759
5727,0.6384
5728,1.2281
5729,1.4157
5730,0.2394
5731,0.8842
5732,0.8141
5733,0.9443
5734,0.9557
5735,1.5836
5736,0.8205
5737,0.8794
5738,0.8206
5739,0.7515
5740,0.8505
5741,0.7824
5742,0.8710
5743,1.1819
5744,0.9794
5745,0.9064
5746,0.8437
5747,1.0387
5748,1.1213
5749,0.9475
5750,1.2056
5751,1.2369
5752,0.5080
5753,0.7871
5754,0.8264
5755,0.8804
5756,0.8523
5757,0.7641
5758,1.3829
5759,0.8039
5760,0.8574
5761,0.8255
5762,0.8292
5763,1.0096
5764,0.7544
5765,1.1531
5766,0.9350
5767,0.8174
5768,0.7996
5769,1.0322
5770,0.7636
5771,0.8505
5772,0.8690
5773,1.2716
5774,0.8581
5775,0.8281
5776,0.8620
5777,0.7598
5778,0.9917
5779,0.7931
5780,1.2488
5781,0.8289
5782,0.8956
5783,0.7719
5784,0.7759
5785,1.0212
5786,1.4232
5787,0.8286
5788,1.2010
5789,0.8729
5790,0.7970
5791,0.9455
5792,0.9197
5793,0.7602
5794,0.8186
5795,1.1520
5796,0.8544
5797,0.8679
5798,0.8978
5799,0.9168
5800,0.9239
5801,0.9168
5802,0.7032
5803,1.3061
5804,0.7863
5805,0.9803
5806,0.8295
5807,0.7094
5808,1.0474
5809,0.6026
5810,0.8411
5811,1.4484
5812,0.8565
5813,0.8369
5814,0.8964
5815,0.6782
5816,0.8927
5817,0.8850
5818,1.0925
5819,1.2556
5820,0.4605
5821,0.9565
5822,0.9615
5823,0.8793
5824,0.7105
5825,0.9587
5826,1.3125
5827,0.8265
5828,0.8521
5829,0.8134
5830,0.7969
5831,0.8784
5832,0.8070
5833,1.2447
5834,0.8595
5835,0.8277
5836,1.3973
5837,0.3392
5838,0.8508
5839,0.8836
5840,0.7417
5841,1.4510
5842,0.5835
5843,1.0249
5844,0.8063
5845,0.8761
5846,0.8696
5847,0.9000
5848,0.9262
5849,0.8307
5850,1.2655
5851,0.7742
5852,0.7875
5853,0.8419
5854,1.6023
5855,0.3307
5856,1.2064
5857,1.0830
5858,0.9428
5859,0.7981
5860,0.7551
5861,0.9117
5862,0.8169
5863,0.8493
5864,1.2193
5865,1.2370
5866,0.9838
5867,0.8550
5868,0.8021
5869,1.1173
5870,0.9216
5871,1.0583
5872,0.7642
5873,0.8052
5874,0.8333
5875,0.8219
5876,0.7772
5877,0.8960
5878,0.8838
5879,1.2141
5880,1.2106
5881,0.7871
5882,0.8360
5883,0.8779
5884,0.9589
5885,0.7125
5886,1.5080
5887,0.5909
5888,0.8681
5889,0.8099
5890,0.7625
5891,0.9687
5892,0.7759
5893,0.9084
5894,1.2512
5895,1.0955
5896,0.8749
5897,0.7993
5898,0.7783
5899,1.0515
5900,0.7197
5901,0.9157
5902,1.3262
5903,1.1188
5904,0.7461
5905,0.7757
5906,0.7728
5907,0.9108
5908,0.8851
5909,1.2405
5910,0.7808
5911,0.7980
5912,0.9873
5913,0.7004
5914,0.8160
5915,0.9388
5916,0.8466
5917,1.2941
5918,0.8210
5919,0.8820
5920,0.8094
5921,1.2817
5922,0.5601
5923,0.6998
5924,1.2177
5925,0.9737
5926,0.7917
5927,0.8186
5928,0.9529
5929,0.7767
5930,1.0056
5931,0.7689
5932,1.3178
5933,1.5173
5934,0.6891
5935,0.8138
5936,1.0150
5937,1.0467
5938,0.6719
5939,1.0978
5940,0.9093
5941,0.7643
5942,0.8004
5943,0.7661
5944,0.9034
5945,0.8819
5946,0.9324
5947,1.1226
5948,0.8202
5949,0.9193
5950,0.7524
5951,0.8044
5952,1.5974
5953,0.2800
5954,1.3298
5955,1.0922
5956,0.7542
5957,0.9422
5958,0.6616
5959,0.8229
5960,0.8154
5961,0.9593
5962,1.1637
5963,0.8595
5964,0.9513
5965,1.1009
5966,0.8123
5967,1.2745
5968,0.4623
5969,1.3584
5970,1.0508
5971,1.0821
5972,0.8534
5973,0.8673
5974,1.0187
5975,0.7317
5976,0.7014
5977,1.0418
5978,0.7372
5979,0.8363
5980,0.7924
5981,0.8618
5982,0.9299
5983,0.7919
5984,1.1849
5985,1.1640
5986,0.6589
5987,0.8324
5988,1.1558
5989,0.6092
5990,0.9433
5991,0.6567
5992,1.2278
5993,1.2320
5994,0.7914
5995,0.8689
5996,0.7707
5997,1.0905
5998,0.6838
5999,0.9327
6000,1.0129
6001,0.8491
6002,0.9487
6003,0.8599
6004,0.8974
6005,1.0813
6006,0.6326
6007,1.2779
6008,1.1083
6009,0.8869
6010,0.8716
6011,0.9761
6012,0.6976
6013,0.7833
6014,0.8296
6015,1.1030
6016,0.8790
6017,0.8574
6018,0.9383
6019,0.7670
6020,0.9253
6021,0.8034
6022,1.1170
6023,1.0494
6024,0.7616
6025,0.8589
6026,0.8254
6027,0.9020
6028,0.7253
6029,0.8927
6030,1.3927
6031,0.6845
6032,0.9086
6033,0.8228
6034,0.8428
6035,0.9217
6036,0.7768
6037,1.1262
6038,1.0096
6039,0.9695
6040,1.0433
6041,0.9601
6042,0.6943
6043,0.9558
6044,0.9184
6045,1.2641
6046,0.8324
6047,0.8677
6048,0.8728
6049,0.7939
6050,0.8295
6051,0.8581
6052,1.2911
6053,0.7703
6054,0.8757
6055,0.9624
6056,0.6475
6057,0.9042
6058,0.8282
6059,0.8131
6060,1.1826
6061,1.1156
6062,1.0060
6063,1.0862
6064,0.6684
6065,0.9857
6066,0.8903
6067,0.8050
6068,1.1557
6069,0.9679
6070,0.8507
6071,0.6781
6072,1.0405
6073,0.7831
6074,0.7406
6075,1.5019
6076,0.8025
6077,0.9891
6078,1.0246
6079,0.8556
6080,0.6849
6081,1.0109
6082,0.7365
6083,1.4939
6084,0.8307
6085,0.6802
6086,1.0244
6087,0.7598
6088,0.7967
6089,1.3466
6090,0.9487
6091,0.7582
6092,0.7947
6093,0.7898
6094,0.8430
6095,0.8311
6096,0.8560
6097,0.9056
6098,1.1787
6099,1.1744
6100,0.8453
6101,0.8187
6102,0.9361
6103,0.9155
6104,0.9507
6105,1.1542
6106,0.6923
6107,0.8054
6108,0.9754
6109,0.7840
6110,0.7896
6111,0.9711
6112,0.7647
6113,1.1747
6114,1.0505
6115,1.0810
6116,0.8892
6117,0.8059
6118,1.0604
6119,0.7499
6120,0.8100
6121,1.1960
6122,1.3967
6123,0.6772
6124,0.8241
6125,0.7583
6126,0.9181
6127,0.7617
6128,1.3871
6129,0.8640
6130,0.7189
6131,0.8274
6132,0.8442
6133,0.8883
6134,0.8122
6135,1.1948
6136,1.2210
6137,0.8396
6138,0.8338
6139,1.5563
6140,1.1272
6141,0.8802
6142,0.5639
6143,0.6976
6144,0.9203
6145,0.8447
6146,0.8234
6147,0.8213
6148,1.4792
6149,0.4809
6150,1.6171
6151,0.8247
6152,1.5267
6153,0.2334
6154,0.9247
6155,1.2023
6156,0.5627
6157,1.2780
6158,0.8686
6159,0.6919
6160,0.9688
6161,0.7515
6162,0.8471
6163,0.7228
6164,0.9960
6165,1.1023
6166,0.8105
6167,0.8975
6168,0.8026
6169,0.8013
6170,0.8091
6171,0.8434
6172,0.9308
6173,1.3147
6174,1.0266
6175,0.7173
6176,0.7008
6177,0.8556
6178,0.9128
6179,0.7945
6180,1.1025
6181,1.1111
6182,0.8879
6183,0.9518
6184,0.6725
6185,0.8233
6186,0.7875
6187,0.9851
6188,1.3060
6189,1.3655
6190,0.3629
6191,0.8555
6192,0.9882
6193,1.3132
6194,0.7905
6195,1.1249
6196,0.8707
6197,0.7585
6198,0.9009
6199,0.7747
6200,0.8536
6201,0.8585
6202,1.4530
6203,0.7180
6204,0.8009
6205,1.1715
6206,0.6258
6207,0.8613
6208,0.7109
6209,0.8756
6210,0.8261
6211,1.3296
6212,0.8517
6213,0.8739
6214,0.8519
6215,0.7718
6216,1.2068
6217,0.4978
6218,1.2083
6219,0.8888
6220,0.7653
6221,0.8368
6222,0.9083
6223,0.7945
6224,1.0720
6225,0.8246
6226,1.2634
6227,0.5823
6228,1.2731
6229,1.0185
6230,0.7902
6231,1.0482
6232,0.7190
6233,1.1322
6234,0.8664
6235,0.7560
6236,0.9188
6237,0.8239
6238,0.9822
6239,1.1133
6240,0.4117
6241,1.2891
6242,1.1232
6243,1.0328
6244,0.8962
6245,0.8300
6246,1.0428
6247,0.7510
6248,1.1201
6249,0.9560
6250,0.8480
6251,0.8107
6252,0.8011
6253,0.7545
6254,0.8759
6255,0.8118
6256,1.2168
6257,1.1035
6258,0.6540
6259,1.0919
6260,0.8465
6261,0.6542
6262,0.7195
6263,0.8724
6264,0.8875
6265,1.4718
6266,0.8693
6267,1.0191
6268,1.0624
6269,0.7987
6270,1.1699
6271,0.9110
6272,0.9313
6273,0.6592
6274,0.7304
6275,0.9410
6276,1.0276
6277,0.8176
6278,1.2041
6279,1.1345
6280,0.8841
6281,0.9684
6282,0.6591
6283,0.8551
6284,0.8043
6285,0.7886
6286,1.2666
6287,0.9038
6288,0.8489
6289,0.8282
6290,0.9564
6291,0.6948
6292,0.6864
6293,1.2057
6294,1.1804
6295,0.7318
6296,0.7759
6297,0.9184
6298,0.7997
6299,0.9225
6300,0.8144
6301,0.8069
6302,0.8285
6303,1.6564
6304,1.0491
6305,0.8511
6306,0.7866
6307,0.8157
6308,1.1139
6309,0.9776
6310,0.8579
6311,0.8264
6312,0.7380
6313,0.8955
6314,1.0541
6315,0.6710
6316,0.8429
6317,1.2862
6318,0.8949
6319,0.8009
6320,0.9577
6321,0.7891
6322,1.0463
6323,0.5071
6324,1.2759
6325,0.9751
6326,0.6435
6327,0.9852
6328,0.8421
6329,0.8309
6330,1.1654
6331,0.5603
6332,1.3788
6333,1.0143
6334,0.8830
6335,0.8231
6336,0.9795
6337,0.8886
6338,0.8536
6339,1.0503
6340,1.0791
6341,1.0299
6342,0.9029
6343,0.7041
6344,0.8480
6345,1.0277
6346,1.1930
6347,1.1666
6348,0.7295
6349,0.8486
6350,0.8313
6351,0.8250
6352,0.9617
6353,0.9045
6354,0.7393
6355,1.4163
6356,0.7889
6357,0.7553
6358,0.9132
6359,1.4834
6360,0.1465
6361,1.1731
6362,1.0042
6363,0.7779
6364,0.8430
6365,0.8096
6366,0.8083
6367,1.1048
6368,0.5462
6369,1.3246
6370,0.8490
6371,0.9194
6372,0.8226
6373,0.8007
6374,0.7976
6375,1.1893
6376,0.5927
6377,1.3674
6378,1.4980
6379,0.8657
6380,0.7212
6381,0.6510
6382,0.9108
6383,0.7341
6384,1.1602
6385,0.9205
6386,0.7807
6387,0.8511
6388,0.8326
6389,0.8885
6390,0.7291
6391,0.9540
6392,1.3269
6393,0.9415
6394,0.7544
6395,0.9713
6396,0.6188
6397,1.5030
6398,0.2203
6399,0.9550
6400,1.1978
6401,0.7291
6402,0.9004
6403,0.9282
6404,0.9270
6405,0.7687
6406,0.7426
6407,1.3897
6408,0.9576
6409,0.8370
6410,0.8360
6411,0.8195
6412,0.8001
6413,0.7571
6414,1.4398
6415,1.0225
6416,0.9303
6417,0.8272
6418,0.8689
6419,0.8705
6420,0.9229
6421,0.7505
6422,1.2224
6423,0.9878
6424,0.8214
6425,0.8501
6426,0.8773
6427,0.7739
6428,0.9170
6429,1.1605
6430,0.9811
6431,0.8210
6432,0.9031
6433,0.9529
6434,0.7888
6435,0.7959
6436,0.8452
6437,1.1637
6438,0.9836
6439,0.8511
6440,0.8403
6441,0.8451
6442,0.7027
6443,0.9888
6444,0.7533
6445,1.5724
6446,0.7678
6447,0.8163
6448,0.8484
6449,0.9148
6450,0.8558
6451,0.9661
6452,1.1766
6453,0.9282
6454,0.8098
6455,0.8026
6456,0.9447
6457,0.7821
6458,0.9656
6459,0.6959
6460,1.2026
6461,1.2437
6462,1.3247
6463,0.5531
6464,0.8751
6465,0.8743
6466,0.7736
6467,1.2050
6468,0.8816
6469,0.8262
6470,0.8848
6471,0.8423
6472,0.8425
6473,0.9096
6474,0.7898
6475,1.0854
6476,0.9662
6477,0.7980
6478,1.0278
6479,0.7649
6480,0.8528
6481,0.7409
6482,0.8700
6483,0.7835
6484,1.4395
6485,0.8424
6486,0.9077
6487,0.7334
6488,0.9973
6489,0.9477
6490,1.3617
6491,0.8638
6492,0.8231
6493,0.8338
6494,0.8425
6495,0.8736
6496,0.9532
6497,0.9844
6498,1.0985
6499,1.2113
6500,0.7776
6501,0.8112
6502,0.8941
6503,0.9566
6504,0.7219
6505,1.2632
6506,0.7655
6507,0.8591
6508,0.8436
6509,0.8448
6510,0.9489
6511,1.2826
6512,0.3840
6513,1.2819
6514,1.2240
6515,0.8758
6516,0.7959
6517,0.8185
6518,1.0626
6519,0.6738
6520,1.1895
6521,0.9274
6522,0.8652
6523,0.7574
6524,0.8688
6525,0.8075
6526,0.9391
6527,1.3528
6528,1.1470
6529,1.4374
6530,0.3488
6531,0.8643
6532,0.7434
6533,0.9540
6534,0.8078
6535,1.2384
6536,1.0909
6537,1.0457
6538,0.8517
6539,0.8072
6540,1.0438
6541,0.7835
6542,1.1406
6543,0.8579
6544,0.8059
6545,0.8822
6546,0.8409
6547,0.7895
6548,0.9411
6549,0.8028
6550,1.2683
6551,1.2524
6552,0.8061
6553,0.9174
6554,0.8298
6555,0.9245
6556,0.6722
6557,1.2175
6558,0.8214
6559,0.8463
6560,0.8530
6561,0.7982
6562,1.1974
6563,0.7448
6564,0.7842
6565,1.2668
6566,1.0142
6567,0.8691
6568,0.7888
6569,0.8196
6570,0.9548
6571,0.9072
6572,0.7145
6573,1.4382
6574,0.9774
6575,0.8123
6576,0.7385
6577,0.7945
6578,1.0104
6579,0.7711
6580,1.3099
6581,0.8972
6582,0.7702
6583,0.8208
6584,0.8436
6585,0.8380
6586,0.8687
6587,0.8310
6588,1.3981
6589,0.9303
6590,1.0341
6591,0.8743
6592,0.8436
6593,0.9126
6594,0.9644
6595,1.1914
6596,1.0404
6597,0.6273
6598,0.8153
6599,0.7902
6600,0.8711
6601,0.9663
6602,1.1911
6603,1.2679
6604,1.0047
6605,0.8722
6606,0.9956
6607,0.8911
6608,0.6836
6609,1.1609
6610,0.8548
6611,0.8773
6612,0.9182
6613,0.7930
6614,1.2336
6615,0.6879
6616,0.6509
6617,1.2926
6618,0.8531
6619,0.7447
6620,0.8749
6621,0.8118
6622,0.8519
6623,0.8315
6624,0.8412
6625,0.8257
6626,1.3668
6627,0.8795
6628,0.8497
6629,0.9826
6630,0.8192
6631,1.3912
6632,0.6429
6633,0.8506
6634,0.7889
6635,1.0415
6636,0.6642
6637,0.7264
6638,1.0601
6639,0.7253
6640,1.4054
6641,1.0785
6642,0.9902
6643,0.9839
6644,0.8176
6645,1.0174
6646,0.6149
6647,1.3771
6648,0.7936
6649,0.8127
6650,0.8557
6651,0.8080
6652,0.9779
6653,0.7682
6654,0.8338
6655,1.3482
6656,1.0234
6657,0.8508
6658,0.8165
6659,0.8535
6660,0.8615
6661,0.8680
6662,0.8087
6663,1.3581
6664,0.9298
6665,0.7935
6666,1.0118
6667,1.0831
6668,0.5757
6669,0.8494
6670,1.2405
6671,1.1136
6672,0.8156
6673,0.7275
6674,0.8604
6675,0.9385
6676,0.9579
6677,1.1842
6678,1.1265
6679,1.0696
6680,1.4791
6681,0.3540
6682,1.1761
6683,0.5146
6684,1.2100
6685,0.9183
6686,0.7745
6687,0.8244
6688,0.8290
6689,0.7998
6690,1.0288
6691,0.6476
6692,1.1317
6693,1.3088
6694,0.9095
6695,1.2563
6696,0.3555
6697,1.0819
6698,0.6889
6699,1.2817
6700,0.8478
6701,0.8136
6702,0.8569
6703,0.7843
6704,0.9132
6705,0.8154
6706,0.8774
6707,1.1797
6708,0.8545
6709,0.8698
6710,0.7815
6711,0.8524
6712,0.8205
6713,0.9274
6714,1.5226
6715,1.0654
6716,0.8944
6717,0.8210
6718,0.7997
6719,0.8291
6720,0.9203
6721,0.8935
6722,1.1627
6723,0.8267
6724,0.8518
6725,1.0536
6726,0.8188
6727,0.7580
6728,0.8370
6729,0.9059
6730,1.1949
6731,1.9185
6732,0.3537
6733,0.6169
6734,1.0800
6735,1.1135
6736,1.2293
6737,0.8621
6738,0.7727
6739,0.8508
6740,0.8083
6741,0.8889
6742,0.9496
6743,1.0092
6744,1.0647
6745,0.8059
6746,0.8582
6747,0.9122
6748,0.8206
6749,0.8439
6750,0.7915
6751,0.8188
6752,1.3487
6753,0.8155
6754,0.8625
6755,0.8511
6756,0.9085
6757,0.7734
6758,1.1361
6759,1.0076
6760,0.7610
6761,0.8651
6762,0.8729
6763,0.8132
6764,0.7700
6765,1.0996
6766,0.9881
6767,0.9808
6768,1.3790
6769,0.9044
6770,0.8094
6771,1.0817
6772,0.8652
6773,0.8594
6774,1.1935
6775,0.9298
6776,0.7215
6777,0.8378
6778,0.8510
6779,0.9758
6780,0.7397
6781,0.8448
6782,1.2853
6783,1.1903
6784,0.7958
6785,0.8364
6786,0.8570
6787,0.9771
6788,0.7882
6789,1.1868
6790,0.9318
6791,0.8384
6792,0.7604
6793,0.8320
6794,0.8386
6795,0.8390
6796,0.8445
6797,1.2840
6798,1.5481
6799,0.2827
6800,0.8883
6801,1.1812
6802,0.8658
6803,0.8311
6804,0.8550
6805,1.2958
6806,1.0075
6807,0.8409
6808,0.8591
6809,0.8968
6810,1.1246
6811,0.9941
6812,0.8177
6813,0.8026
6814,0.8346
6815,0.8410
6816,0.8747
6817,0.9542
6818,0.9605
6819,1.0165
6820,1.3966
6821,0.8068
6822,0.9541
6823,0.8479
6824,1.0001
6825,0.6713
6826,1.2344
6827,0.8022
6828,0.8178
6829,0.8048
6830,0.8410
6831,0.8405
6832,1.0945
6833,1.0357
6834,0.9714
6835,0.7858
6836,1.1535
6837,1.0337
6838,1.2000
6839,1.1731
6840,0.5432
6841,1.1624
6842,0.8183
6843,0.9426
6844,0.7884
6845,0.8088
6846,0.8289
6847,0.8669
6848,1.9889
6849,0.6117
6850,0.5077
6851,0.8411
6852,0.8136
6853,0.8391
6854,0.9122
6855,0.8329
6856,1.2133
6857,1.1962
6858,0.8319
6859,0.8202
6860,0.8387
6861,1.0839
6862,0.6719
6863,1.2578
6864,0.7980
6865,0.8873
6866,0.8002
6867,0.7562
6868,0.9485
6869,1.0830
6870,0.6352
6871,1.2801
6872,1.0814
6873,1.0920
6874,0.8926
6875,0.9065
6876,1.0094
6877,0.5368
6878,1.2122
6879,0.8256
6880,0.8892
6881,0.8378
6882,0.8320
6883,0.9587
6884,0.7449
6885,0.8548
6886,1.3536
6887,0.6545
6888,1.0612
6889,1.0911
6890,0.8613
6891,1.1177
6892,0.6922
6893,0.7421
6894,1.3650
6895,0.8115
6896,0.8408
6897,0.8384
6898,0.8332
6899,0.9135
6900,1.2373
6901,0.9172
6902,0.7043
6903,0.8284
6904,0.8286
6905,0.8156
6906,0.8421
6907,0.9491
6908,1.3255
6909,0.7683
6910,1.1156
6911,0.8093
6912,0.8370
6913,0.8094
6914,0.9442
6915,0.8118
6916,1.1820
6917,0.9386
6918,0.7645
6919,0.8017
6920,0.8770
6921,0.7935
6922,0.8423
6923,0.8781
6924,1.2322
6925,1.0381
6926,1.2751
6927,0.6714
6928,0.8286
6929,0.9864
6930,0.8522
6931,0.8340
6932,1.2311
6933,0.8231
6934,0.9616
6935,0.7097
6936,0.9565
6937,0.8146
6938,0.8330
6939,1.1782
6940,0.9561
6941,0.7857
6942,0.8964
6943,0.7556
6944,0.8512
6945,0.8968
6946,1.1986
6947,1.2269
6948,0.8329
6949,1.4956
6950,2.2830
6951,0.4720
6952,0.2506
6953,1.0990
6954,0.8823
6955,0.7188
6956,0.8564
6957,0.7870
6958,0.8942
6959,0.9036
6960,1.1449
6961,1.3567
6962,0.7888
6963,0.8136
6964,0.7912
6965,0.8323
6966,1.1616
6967,0.8177
6968,1.0370
6969,0.7891
6970,0.7903
6971,0.8181
6972,1.0184
6973,0.8361
6974,0.7257
6975,0.7942
6976,1.2857
6977,0.7164
6978,0.8909
6979,0.8089
6980,0.8186
6981,0.9080
6982,0.8104
6983,0.8655
6984,1.4712
6985,0.8661
6986,0.9055
6987,0.8315
6988,0.7372
6989,1.0012
6990,0.8079
6991,0.9402
6992,0.8494
6993,0.9436
6994,0.7683
6995,1.0700
6996,0.6551
6997,0.7759
6998,0.8542
6999,1.3922
7000,0.8064
7001,0.9574
7002,0.8284
7003,0.8947
7004,0.8422
7005,0.7462
7006,1.2153
7007,0.9094
7008,0.8817
7009,0.7704
7010,0.8434
7011,0.8396
7012,0.9956
7013,0.7002
7014,1.2124
7015,0.8951
7016,0.9466
7017,0.9226
7018,0.8588
7019,0.8681
7020,0.8120
7021,0.8633
7022,1.1025
7023,1.2497
7024,0.8363
7025,0.8694
7026,0.7481
7027,1.0484
7028,0.8639
7029,1.5255
7030,0.8155
7031,0.8521
7032,0.7636
7033,0.9396
7034,0.7795
7035,0.7945
7036,1.3087
7037,1.1548
7038,0.9407
7039,0.8950
7040,0.7005
7041,0.8243
7042,0.8563
7043,0.7791
7044,1.2860
7045,0.8833
7046,0.8376
7047,0.8065
7048,0.8173
7049,0.8942
7050,0.9387
7051,1.1412
7052,1.1131
7053,1.0507
7054,0.7767
7055,0.7882
7056,0.9882
7057,0.8569
7058,0.8401
7059,1.3413
7060,0.7834
7061,0.8176
7062,0.8720
7063,0.7645
7064,0.9212
7065,0.8823
7066,1.2611
7067,1.1501
7068,1.0327
7069,0.9348
7070,0.6820
7071,0.7677
7072,0.7706
7073,0.8217
7074,1.3537
7075,0.8172
7076,0.8641
7077,0.8397
7078,0.8514
7079,0.8315
7080,0.8657
7081,1.2515
7082,0.7722
7083,0.8601
7084,0.7890
7085,1.0994
7086,1.0586
7087,0.5670
7088,0.7369
7089,0.7914
7090,1.1659
7091,1.2018
7092,1.1652
7093,0.7647
7094,0.8362
7095,0.7461
7096,0.8454
7097,1.2394
7098,0.8909
7099,0.8262
7100,0.8199
7101,0.8227
7102,1.0755
7103,0.9475
7104,0.9809
7105,0.9306
7106,0.9834
7107,0.8214
7108,0.7756
7109,0.8337
7110,0.8686
7111,0.8632
7112,1.1999
7113,1.2166
7114,1.1331
7115,0.7883
7116,0.7522
7117,0.9092
7118,0.7364
7119,1.2703
7120,0.9055
7121,0.8035
7122,0.7420
7123,0.8659
7124,0.8339
7125,0.9710
7126,0.8483
7127,1.1168
7128,1.2172
7129,0.8459
7130,0.8237
7131,0.8894
7132,1.0555
7133,0.6824
7134,1.1499
7135,0.9386
7136,0.8213
7137,0.7613
7138,0.7900
7139,0.8191
7140,0.8792
7141,1.3524
7142,1.2415
7143,1.1643
7144,0.7238
7145,0.8066
7146,0.9298
7147,0.8947
7148,0.7246
7149,1.2083
7150,0.8525
7151,0.8411
7152,0.8053
7153,1.0038
7154,0.7783
7155,0.9060
7156,0.8039
7157,1.1901
7158,0.9636
7159,0.7640
7160,0.7970
7161,0.8269
7162,0.8796
7163,0.8283
7164,0.9051
7165,1.2656
7166,1.1801
7167,0.9941
7168,0.8975
7169,1.7032
7170,0.3591
7171,0.9618
7172,0.7458
7173,0.9703
7174,0.8341
7175,0.8489
7176,0.7975
7177,1.0796
7178,0.7660
7179,1.3001
7180,0.8446
7181,0.7809
7182,0.8318
7183,0.8404
7184,0.8402
7185,0.8681
7186,0.8721
7187,1.2213
7188,0.7422
7189,0.8287
7190,0.9051
7191,0.8374
7192,0.7551
7193,0.8964
7194,0.7638
7195,1.2312
7196,0.8556
7197,0.8588
7198,0.7794
7199,0.8489
7200,0.8516
7201,1.0404
7202,0.6722
7203,1.8116
7204,0.4913
7205,0.8022
7206,0.7305
7207,0.8152
7208,1.0011
7209,0.7272
7210,1.3939
7211,0.8602
7212,0.9996
7213,0.7430
7214,0.8294
7215,0.8125
7216,0.8558
7217,1.1886
7218,1.1330
7219,1.0409
7220,1.5166
7221,0.2894
7222,0.7946
7223,0.9378
7224,0.7934
7225,1.2047
7226,0.7717
7227,0.9803
7228,0.7920
7229,0.7757
7230,0.9438
7231,0.8757
7232,0.7923
7233,1.3439
7234,1.0962
7235,1.0047
7236,0.8114
7237,1.2761
7238,0.6068
7239,0.7303
7240,1.1989
7241,0.7370
7242,0.8574
7243,0.8440
7244,0.9470
7245,0.7748
7246,0.9611
7247,1.2122
7248,1.0326
7249,0.8141
7250,0.8166
7251,0.8804
7252,0.8002
7253,0.9312
7254,0.7973
7255,1.4632
7256,0.8009
7257,0.7866
7258,0.7842
7259,0.8224
7260,0.8394
7261,0.9220
7262,1.1496
7263,0.8312
7264,0.8768
7265,0.8206
7266,0.9423
7267,0.7390
7268,0.8967
7269,0.8019
7270,1.1900
7271,1.5845
7272,0.7249
7273,0.8468
7274,0.7984
7275,0.8916
7276,0.9223
7277,1.2876
7278,0.7847
7279,0.8738
7280,0.7389
7281,0.8088
7282,0.8723
7283,0.9308
7284,1.1073
7285,1.2210
7286,0.8340
7287,0.7994
7288,1.0469
7289,0.7028
7290,0.7834
7291,0.8025
7292,0.8581
7293,1.4295
7294,0.8309
7295,0.7162
7296,0.8488
7297,0.7802
7298,0.9554
7299,0.9211
7300,1.1387
7301,0.8499
7302,0.8568
7303,0.8536
7304,0.7958
7305,0.8714
7306,0.9288
7307,0.7370
7308,1.2694
7309,1.3730
7310,0.6997
7311,0.8169
7312,0.8193
7313,0.8692
7314,0.8348
7315,1.2618
7316,0.7899
7317,0.8360
7318,0.8810
7319,0.8360
7320,0.9484
7321,1.1620
7322,1.3856
7323,0.9824
7324,1.2030
7325,1.0373
7326,0.4119
7327,1.1154
7328,0.5877
7329,0.8554
7330,1.2466
7331,0.9747
7332,0.7344
7333,0.9193
7334,0.8426
7335,0.8390
7336,0.6849
7337,0.9688
7338,1.2003
7339,1.1664
7340,0.4641
7341,0.8124
7342,0.9446
7343,0.8277
7344,0.9242
7345,0.7758
7346,1.2617
7347,0.9379
7348,0.9381
7349,0.8085
7350,0.9768
7351,0.7362
7352,0.8544
7353,1.3273
7354,0.8938
7355,1.2574
7356,0.4947
7357,0.8609
7358,0.9726
7359,0.9667
7360,1.1228
7361,1.1075
7362,1.0211
7363,1.0479
7364,0.6891
7365,1.0152
7366,0.7343
7367,1.1997
7368,0.9156
7369,0.7560
7370,0.8015
7371,0.8368
7372,0.8390
7373,1.1284
7374,0.6051
7375,1.4893
7376,0.6914
7377,0.8583
7378,0.8432
7379,0.8452
7380,0.7864
7381,0.8869
7382,0.7946
7383,0.8781
7384,1.3231
7385,0.8673
7386,0.8392
7387,0.8961
7388,0.8454
7389,0.8102
7390,1.2330
7391,0.9681
7392,0.8774
7393,0.7460
7394,0.8219
7395,0.8525
7396,0.9306
7397,0.8100
7398,1.3845
7399,1.2321
7400,0.8628
7401,0.7977
7402,0.8439
7403,0.8444
7404,0.8766
7405,1.1647
7406,1.1514
7407,1.0700
7408,0.6361
7409,0.7441
7410,0.8276
7411,0.8546
7412,0.8521
7413,1.2542
7414,1.2492
7415,0.8237
7416,0.8507
7417,0.9847
7418,0.8707
7419,0.7113
7420,1.1725
7421,0.8764
7422,0.8299
7423,0.8269
7424,1.3139
7425,0.6032
7426,0.8519
7427,1.0474
7428,1.2052
7429,0.6848
7430,0.8091
7431,0.8035
7432,0.8006
7433,1.0044
7434,0.9525
7435,1.2231
7436,0.8712
7437,0.8660
7438,0.8197
7439,0.9885
7440,0.8380
7441,1.4811
7442,0.6363
7443,0.7480
7444,0.9032
7445,0.7549
7446,0.7707
7447,0.8555
7448,0.8332
7449,0.8690
7450,1.1177
7451,1.0050
7452,1.2068
7453,0.7738
7454,0.8406
7455,0.8846
7456,1.0699
7457,0.6595
7458,1.2257
7459,1.0501
7460,0.7515
7461,0.9607
7462,0.7572
7463,0.7733
7464,0.9413
7465,0.8017
7466,1.3107
7467,0.9767
7468,0.8627
7469,0.6825
7470,0.9512
7471,0.7858
7472,0.9500
7473,1.3262
7474,1.2792
7475,0.7962
7476,0.7959
7477,0.8280
7478,0.9215
7479,0.8139
7480,1.1751
7481,0.9299
7482,1.0362
7483,0.7453
7484,0.8819
7485,0.7476
7486,0.8077
7487,0.8693
7488,1.1109
7489,1.2240
7490,0.9702
7491,1.5507
7492,0.2905
7493,0.6897
7494,0.9372
7495,1.3912
7496,0.8766
7497,0.8412
7498,0.8454
7499,0.8045
7500,0.8150
7501,1.0486
7502,0.7579
7503,1.4527
7504,0.8275
7505,0.8409
7506,0.8849
7507,0.8456
7508,0.8108
7509,0.8403
7510,1.1164
7511,0.8395
7512,0.9021
7513,0.8022
7514,0.7956
7515,0.9902
7516,0.9372
7517,0.6672
7518,1.2107
7519,0.8871
7520,0.8413
7521,0.8258
7522,0.7784
7523,0.9280
7524,0.8363
7525,0.8472
7526,0.9212
7527,1.3570
7528,0.7663
7529,0.8481
7530,0.9616
7531,1.2317
7532,0.8549
7533,1.0585
7534,1.0015
7535,0.9789
7536,0.9613
7537,0.7516
7538,0.7019
7539,1.1440
7540,0.6988
7541,1.3902
7542,1.3566
7543,0.2530
7544,0.7995
7545,0.9685
7546,1.2820
7547,0.7714
7548,1.2928
7549,0.8081
7550,0.8266
7551,0.8079
7552,0.8321
7553,0.9399
7554,0.9243
7555,1.0277
7556,0.9825
7557,0.8171
7558,0.8746
7559,1.1983
7560,0.4611
7561,0.8033
7562,0.9205
7563,0.7977
7564,1.4699
7565,0.7570
7566,0.8859
7567,0.8106
7568,0.8609
7569,0.7601
7570,1.4353
7571,0.7748
7572,0.9222
7573,0.7590
7574,0.8114
7575,0.8463
7576,0.9284
7577,1.2389
7578,0.7906
7579,0.8361
7580,0.8780
7581,1.0937
7582,0.8388
7583,1.1938
7584,0.7597
7585,1.2341
7586,0.8633
7587,0.7514
7588,0.9267
7589,0.8882
7590,0.8517
7591,1.2696
7592,0.3111
7593,1.2345
7594,1.2552
7595,0.9299
7596,0.8515
7597,0.8023
7598,0.8689
7599,0.8723
7600,0.8127
7601,1.2380
7602,0.8425
7603,0.7623
7604,0.9307
7605,0.8324
7606,1.1429
7607,0.5880
7608,0.9769
7609,1.1226
7610,0.7625
7611,0.9670
7612,0.9846
7613,0.5447
7614,0.9651
7615,0.7056
7616,1.3960
7617,1.0611
7618,0.9466
7619,1.2051
7620,0.7565
7621,0.9561
7622,0.6175
7623,1.1899
7624,0.9780
7625,0.8484
7626,0.7640
7627,0.7798
7628,0.9348
7629,0.7061
7630,0.9156
7631,1.3311
7632,0.9129
7633,0.7377
7634,0.9472
7635,0.8438
7636,0.8552
7637,0.7862
7638,1.2286
7639,0.8841
7640,0.8477
7641,0.8703
7642,0.7548
7643,1.0349
7644,0.7284
7645,0.9034
7646,1.0323
7647,0.8194
7648,1.0333
7649,0.7733
7650,0.9035
7651,0.8379
7652,0.9572
7653,0.7843
7654,0.7955
7655,1.2851
7656,1.1637
7657,1.0000
7658,0.9173
7659,0.8284
7660,1.3904
7661,0.9000
7662,0.9888
7663,0.7399
7664,0.7610
7665,0.6548
7666,0.8860
7667,0.7928
7668,0.8460
7669,1.2099
7670,1.1910
7671,0.8956
7672,0.8183
7673,0.9067
7674,1.0179
7675,0.7202
7676,1.1837
7677,0.8675
7678,0.7550
7679,0.8693
7680,0.9042
7681,0.8436
7682,1.1652
7683,0.6041
7684,1.1816
7685,1.3365
7686,1.0064
7687,0.8553
7688,0.7731
7689,0.7746
7690,0.9831
7691,1.1279
7692,0.8464
7693,1.0024
7694,1.2981
7695,0.8208
7696,0.8216
7697,0.8295
7698,1.3675
7699,0.6276
7700,0.8601
7701,0.8044
7702,0.8350
7703,0.9075
7704,0.9054
7705,0.7201
7706,1.3578
7707,0.9890
7708,0.9591
7709,0.8458
7710,0.8971
7711,0.9417
7712,0.8315
7713,1.1862
7714,0.9452
7715,0.8654
7716,0.7416
7717,0.9914
7718,0.9762
7719,0.7906
7720,0.9654
7721,1.2935
7722,0.7746
7723,0.8292
7724,0.8460
7725,0.9099
7726,0.8791
7727,1.0964
7728,1.1872
7729,0.8825
7730,0.7269
7731,0.9072
7732,0.8397
7733,0.8158
7734,0.8262
7735,1.2494
7736,0.8480
7737,0.8435
7738,0.8174
7739,0.8367
7740,0.7822
7741,0.9196
7742,1.0320
7743,0.6936
7744,1.3818
7745,0.8055
7746,0.7904
7747,0.8303
7748,0.9633
7749,0.8138
7750,0.8451
7751,1.1026
7752,0.9955
7753,0.9845
7754,0.9079
7755,0.8096
7756,0.8143
7757,0.8285
7758,0.8362
7759,1.4100
7760,0.9457
7761,0.7185
7762,0.8309
7763,0.8756
7764,0.9717
7765,0.7113
7766,1.4889
7767,0.8387
7768,0.8058
7769,0.8019
7770,0.8703
7771,0.8411
7772,0.8105
7773,1.2120
7774,1.2949
7775,0.9950
7776,0.8314
7777,0.8644
7778,0.8543
7779,0.8139
7780,0.9354
7781,1.2802
7782,0.7940
7783,0.8277
7784,0.8135
7785,1.0216
7786,0.7871
7787,0.8308
7788,1.2068
7789,0.8242
7790,0.8334
7791,0.8302
7792,0.8408
7793,1.3615
7794,0.7567
7795,0.8948
7796,0.6001
7797,1.1530
7798,0.7672
7799,0.9061
7800,0.8062
7801,0.8390
7802,1.2239
7803,1.3172
7804,0.8602
7805,0.8475
7806,0.8466
7807,0.9090
7808,0.7340
7809,1.0347
7810,1.0660
7811,0.9339
7812,1.1706
7813,0.7847
7814,0.8205
7815,0.8373
7816,0.9168
7817,0.8673
7818,1.2640
7819,0.7603
7820,0.8343
7821,0.8378
7822,0.8412
7823,0.8621
7824,1.1058
7825,0.6449
7826,1.4066
7827,0.7157
7828,0.9119
7829,0.7337
7830,0.8765
7831,0.8064
7832,0.8017
7833,0.9295
7834,0.7723
7835,1.3513
7836,0.8393
7837,0.9028
7838,0.8756
7839,1.2368
7840,0.8685
7841,1.2226
7842,1.0299
7843,0.9802
7844,0.7431
7845,0.8821
7846,0.7559
7847,0.8545
7848,0.8049
7849,1.2909
7850,1.3299
7851,0.7913
7852,0.7497
7853,0.8342
7854,0.8945
7855,0.8842
7856,1.1480
7857,1.0089
7858,0.8510
7859,0.8431
7860,1.1689
7861,0.6193
7862,0.8793
7863,0.8747
7864,1.2574
7865,0.8428
7866,0.8261
7867,0.8395
7868,0.8139
7869,1.0264
7870,0.7584
7871,1.1682
7872,0.9723
7873,0.8548
7874,0.7377
7875,0.7800
7876,1.1934
7877,1.2898
7878,0.9414
7879,0.8136
7880,0.8929
7881,0.8045
7882,0.8222
7883,0.9278
7884,0.8627
7885,0.8355
7886,0.7361
7887,1.3713
7888,0.8722
7889,0.8323
7890,0.8483
7891,0.8098
7892,0.8889
7893,0.8320
7894,1.2918
7895,0.8461
7896,0.7800
7897,0.8434
7898,0.9635
7899,0.7060
7900,0.8598
7901,1.2404
7902,0.9209
7903,0.9544
7904,1.2180
7905,0.6593
7906,0.9918
7907,0.7276
7908,0.8688
7909,1.2105
7910,1.1469
7911,0.7639
7912,0.7098
7913,0.8567
7914,0.7787
7915,1.6606
7916,0.5173
7917,0.8630
7918,0.8254
7919,0.8722
7920,0.7689
7921,0.9060
7922,0.9229
7923,0.8747
7924,0.7331
7925,1.3954
7926,1.0049
7927,0.7738
7928,1.1888
7929,1.1612
7930,0.2992
7931,0.8802
7932,1.1047
7933,0.8474
7934,0.9744
7935,0.7001
7936,0.8491
7937,1.0578
7938,0.7365
7939,1.1799
7940,1.2157
7941,0.8857
7942,0.7227
7943,0.8576
7944,1.1508
7945,0.6687
7946,0.7634
7947,1.1733
7948,0.8112
7949,0.9525
7950,0.7826
7951,0.7437
7952,1.0427
7953,1.3664
7954,0.7390
7955,1.3274
7956,0.8180
7957,0.8492
7958,0.8080
7959,1.1504
7960,0.5729
7961,1.2321
7962,0.9084
7963,0.7805
7964,0.8161
7965,0.8487
7966,0.8281
7967,1.1356
7968,0.5472
7969,1.2138
7970,0.9244
7971,0.8529
7972,0.8043
7973,0.7933
7974,0.8676
7975,0.8431
7976,0.8495
7977,1.3345
7978,1.3562
7979,0.3928
7980,0.8327
7981,0.8332
7982,0.9412
7983,0.7389
7984,0.8217
7985,1.2147
7986,0.8654
7987,0.8950
7988,0.7895
7989,0.9514
7990,1.6112
7991,0.9020
7992,0.6384
7993,1.2855
7994,0.7605
7995,1.1338
7996,0.6012
7997,1.4792
7998,0.4744
7999,0.8955
8000,0.7353
8001,0.8711
8002,1.1917
8003,0.4969
8004,0.7952
8005,1.0473
8006,0.6729
8007,1.2201
8008,0.8428
8009,0.9174
8010,0.7767
8011,0.8406
8012,0.9044
8013,1.0229
8014,0.8028
8015,1.0266
8016,1.2693
8017,1.0034
8018,0.8507
8019,0.8154
8020,0.9827
8021,0.6972
8022,1.3038
8023,0.8165
8024,0.9442
8025,0.6938
8026,0.8430
8027,1.2187
8028,1.3687
8029,0.8859
8030,0.8382
8031,1.2299
8032,0.8183
8033,0.7991
8034,0.8108
8035,0.8778
8036,0.8007
8037,1.3102
8038,0.7574
8039,0.8368
8040,0.8753
8041,0.8211
8042,0.8722
8043,0.8617
8044,1.4118
8045,1.1446
8046,0.7848
8047,0.8278
8048,0.8173
8049,0.8234
8050,0.9539
8051,1.2412
8052,0.7632
8053,0.9929
8054,0.8140
8055,0.7436
8056,0.9898
8057,0.8362
8058,0.7385
8059,1.2461
8060,0.7799
8061,0.9964
8062,0.8261
8063,0.9822
8064,0.7512
8065,1.1992
8066,0.7340
8067,0.9540
8068,1.2771
8069,0.7989
8070,0.8223
8071,0.8534
8072,0.8911
8073,0.9009
8074,1.1555
8075,0.7956
8076,0.9482
8077,0.7280
8078,0.9939
8079,0.9591
8080,1.0087
8081,0.5711
8082,1.1136
8083,1.2191
8084,0.8638
8085,0.7092
8086,0.8891
8087,0.9096
8088,0.7648
8089,0.9278
8090,1.1696
8091,0.8919
8092,0.7817
8093,0.7969
8094,0.8017
8095,1.1135
8096,1.3447
8097,0.5808
8098,0.7883
8099,0.8461
8100,0.8557
8101,0.9988
8102,1.0969
8103,0.9833
8104,0.7995
8105,1.3796
8106,0.8589
8107,0.7538
8108,0.8594
8109,0.8584
8110,1.0287
8111,1.1497
8112,1.0510
8113,0.6372
8114,0.8235
8115,0.7884
8116,0.8183
8117,0.8328
8118,0.9691
8119,0.7527
8120,1.2118
8121,1.3304
8122,0.7279
8123,0.8245
8124,0.8336
8125,0.9088
8126,0.8159
8127,1.1702
8128,1.0389
8129,1.1725
8130,0.6046
8131,0.7675
8132,0.9952
8133,0.7097
8134,0.8569
8135,1.1575
8136,1.2573
8137,0.9432
8138,0.9545
8139,0.9872
8140,0.8429
8141,1.2953
8142,0.9118
8143,0.8138
8144,0.7455
8145,1.5304
8146,0.5015
8147,0.7471
8148,0.9443
8149,1.2236
8150,0.7984
8151,0.7997
8152,0.8518
8153,0.8560
8154,0.8353
8155,0.9326
8156,0.8723
8157,0.7169
8158,1.3292
8159,0.8247
8160,0.8592
8161,0.8565
8162,1.2180
8163,0.5508
8164,0.8047
8165,1.2037
8166,0.8617
8167,0.7737
8168,0.8447
8169,1.0861
8170,0.7722
8171,0.9051
8172,1.2179
8173,1.1272
8174,0.7234
8175,0.9669
8176,0.7814
8177,0.7807
8178,0.8332
8179,0.9845
8180,1.0616
8181,0.8133
8182,0.8406
8183,0.8584
8184,1.0650
8185,1.1660
8186,1.0250
8187,1.0799
8188,0.9398
8189,0.8440
8190,0.8325
8191,0.8623
8192,0.9518
8193,0.7582
8194,1.0834
8195,0.6818
8196,2.6292
8197,0.3472
8198,0.8026
8199,1.1659
8200,0.6591
8201,1.1722
8202,0.7518
8203,0.7880
8204,0.8737
8205,0.8512
8206,0.9534
8207,0.7957
8208,0.8279
8209,1.1564
8210,1.1908
8211,1.3777
8212,0.6054
8213,0.8827
8214,0.9868
8215,0.7129
8216,1.0965
8217,1.0954
8218,0.5636
8219,1.0418
8220,0.6463
8221,1.0168
8222,0.7424
8223,0.9705
8224,1.1135
8225,1.2305
8226,0.8434
8227,0.7899
8228,1.0229
8229,1.0573
8230,0.5973
8231,1.0936
8232,0.7979
8233,0.8864
8234,0.9240
8235,0.7380
8236,1.1008
8237,0.9049
8238,1.1538
8239,0.9882
8240,0.6265
8241,0.8662
8242,0.8474
8243,0.8611
8244,0.7571
8245,0.9194
8246,1.1949
8247,0.8632
8248,1.2000
8249,0.8152
8250,1.0098
8251,0.6397
8252,0.8390
8253,0.8513
8254,1.2204
8255,0.9263
8256,0.7038
8257,0.8361
8258,0.8164
8259,0.9267
8260,0.8408
8261,0.8766
8262,1.3407
8263,1.6410
8264,0.2508
8265,0.8471
8266,1.1425
8267,0.8852
8268,0.8340
8269,1.1842
8270,0.8927
8271,0.7986
8272,0.7956
8273,0.9285
8274,0.8624
8275,0.8948
8276,1.2111
8277,0.8379
8278,0.8526
8279,0.8185
8280,0.8940
8281,0.7794
8282,0.8777
8283,0.9222
8284,0.7120
8285,1.3984
8286,0.8265
8287,0.8364
8288,0.7939
8289,0.8786
8290,0.8731
8291,0.9101
8292,1.2042
8293,0.8617
8294,0.9415
8295,0.7680
8296,0.8052
8297,1.4159
8298,0.2919
8299,0.7824
8300,1.2875
8301,1.2265
8302,0.9270
8303,0.7499
8304,0.8591
8305,0.8255
8306,0.9779
8307,1.0952
8308,0.8027
8309,0.8303
8310,0.8257
8311,0.8204
8312,0.8346
8313,1.1054
8314,0.9337
8315,1.0952
8316,1.1280
8317,0.9355
8318,0.7780
8319,0.7560
8320,0.8889
8321,1.1909
8322,0.9267
8323,0.7771
8324,0.8376
8325,0.8206
8326,0.8287
8327,1.0052
8328,0.7756
8329,0.8549
8330,1.1670
8331,1.2560
8332,0.6411
8333,0.9802
8334,0.6237
8335,0.8936
8336,0.8096
8337,0.7108
8338,1.5019
8339,0.9269
8340,0.7442
8341,0.8602
8342,0.8041
8343,0.9028
8344,0.7702
8345,1.2158
8346,1.0797
8347,0.8086
8348,1.1121
8349,0.6795
8350,0.8764
8351,0.7840
8352,1.1803
8353,1.2427
8354,0.8410
8355,0.8108
8356,0.8060
8357,0.9428
8358,0.8109
8359,1.0166
8360,1.1806
8361,0.7513
8362,0.8439
8363,0.7909
8364,1.2053
8365,0.5851
8366,0.8568
8367,0.8322
8368,1.1505
8369,0.8664
8370,0.9891
8371,0.7625
8372,0.7461
8373,0.8371
8374,1.0441
8375,0.9626
8376,1.3017
8377,1.0071
8378,0.8238
8379,0.8431
8380,0.8080
8381,1.0074
8382,1.2785
8383,0.7371
8384,0.8189
8385,0.9408
8386,0.6687
8387,0.8589
8388,0.8796
8389,0.8876
8390,1.1536
8391,1.4572
8392,0.5707
8393,0.9333
8394,0.8084
8395,0.7694
8396,0.8563
8397,0.8732
8398,1.1997
8399,0.9617
8400,0.8580
8401,0.7661
8402,0.8257
8403,1.0396
8404,0.6646
8405,1.2112
8406,1.1326
8407,1.0739
8408,0.7873
8409,0.8687
8410,0.8467
8411,0.9465
8412,0.7157
8413,1.3900
8414,1.0002
8415,0.8521
8416,1.0108
8417,0.7104
8418,1.0125
8419,0.8690
8420,1.0935
8421,0.7743
8422,0.8113
8423,0.8764
8424,0.9011
8425,0.8343
8426,0.8332
8427,0.8870
8428,0.7836
8429,1.2789
8430,0.9338
8431,0.9637
8432,0.6854
8433,0.8823
8434,1.2634
8435,1.0493
8436,0.7926
8437,0.7510
8438,0.8144
8439,0.8037
8440,0.8309
8441,1.0488
8442,0.6970
8443,1.1923
8444,1.1464
8445,1.0218
8446,1.0006
8447,0.8141
8448,0.9107
8449,0.7333
8450,1.2606
8451,0.7689
8452,0.8308
8453,0.8434
8454,0.8260
8455,0.8248
8456,1.0246
8457,1.1866
8458,0.7334
8459,0.8252
8460,0.8316
8461,0.8261
8462,0.8393
8463,0.8990
8464,0.7874
8465,1.0081
8466,1.7491
8467,0.6318
8468,0.8873
8469,0.8304
8470,0.7317
8471,1.3338
8472,0.6502
8473,1.2904
8474,0.8144
8475,0.8220
8476,0.8256
8477,0.8563
8478,0.8612
8479,0.9910
8480,1.1107
8481,1.1060
8482,1.1672
8483,0.9507
8484,0.7286
8485,0.8231
8486,0.8051
8487,0.8085
8488,1.2422
8489,0.9884
8490,0.6816
8491,0.7987
8492,0.8637
8493,0.9585
8494,0.9051
8495,0.7830
8496,1.2309
8497,1.3162
8498,0.8717
8499,0.7635
8500,1.4982
8501,0.7555
8502,1.4665
8503,0.7879
8504,0.3717
8505,0.8424
8506,0.8471
8507,0.7960
8508,0.9176
8509,0.7804
8510,1.2050
8511,0.9911
8512,0.9502
8513,0.7854
8514,0.9100
8515,0.7644
8516,0.8770
8517,1.2659
8518,0.8118
8519,1.6926
8520,0.4333
8521,0.9974
8522,0.7113
8523,0.8429
8524,0.8547
8525,1.1783
8526,0.8819
8527,0.8434
8528,0.8350
8529,0.8507
8530,1.0615
8531,0.9749
8532,1.3497
8533,1.1520
8534,0.7837
8535,0.7100
8536,1.2628
8537,0.5442
8538,0.8175
8539,1.2429
8540,1.1068
8541,0.8707
8542,1.1015
8543,0.8287
8544,0.7668
8545,0.8703
8546,0.8489
8547,1.0369
8548,0.9000
8549,0.8656
8550,0.9185
8551,0.7283
8552,0.8080
8553,0.8205
8554,1.0459
8555,1.3074
8556,0.7098
8557,0.8685
8558,0.8261
8559,0.8640
8560,0.9035
8561,0.7176
8562,1.2194
8563,0.8518
8564,0.8063
8565,0.9884
8566,0.7869
8567,0.8028
8568,1.3289
8569,0.3750
8570,1.1720
8571,1.2188
8572,0.9795
8573,0.9100
8574,0.7907
8575,1.0107
8576,0.7006
8577,1.3292
8578,1.1481
8579,0.8782
8580,0.7844
8581,0.8747
8582,0.8866
8583,0.9021
8584,0.9504
8585,1.3190
8586,0.8691
8587,0.8542
8588,0.7532
8589,0.8131
8590,0.8211
8591,0.8956
8592,1.2147
8593,0.7788
8594,0.9204
8595,0.7775
8596,0.8580
8597,0.9163
8598,0.9060
8599,0.7705
8600,1.3853
8601,0.7370
8602,0.8298
8603,0.7876
8604,0.8674
8605,0.8373
8606,0.8450
8607,0.8299
8608,0.9390
8609,1.2808
8610,0.8095
8611,0.8260
8612,0.8401
8613,0.8456
8614,1.0841
8615,1.1732
8616,0.8723
8617,0.8817
8618,1.7839
8619,0.5782
8620,0.2716
8621,1.3106
8622,0.6690
8623,1.1107
8624,1.2170
8625,0.8729
8626,1.0132
8627,0.8246
8628,0.7635
8629,0.7134
8630,1.2336
8631,1.0152
8632,0.8628
8633,0.8558
8634,0.7583
8635,0.8008
8636,0.9849
8637,0.6000
8638,1.3960
8639,1.1177
8640,1.2863
8641,0.6715
8642,1.1212
8643,0.6322
8644,0.6055
8645,1.2931
8646,0.9680
8647,0.7636
8648,0.8258
8649,0.8442
8650,0.9573
8651,0.9368
8652,0.6565
8653,1.3452
8654,0.6509
8655,1.2141
8656,0.6092
8657,1.1345
8658,0.9308
8659,0.8634
8660,1.6427
8661,0.9519
8662,0.7355
8663,0.9566
8664,0.6876
8665,1.1352
8666,0.3471
8667,1.0020
8668,1.4901
8669,0.4229
8670,0.8551
8671,0.9928
8672,0.7187
8673,1.1844
8674,0.7225
8675,1.0522
8676,1.3470
8677,0.9045
8678,0.9226
8679,0.8348
8680,0.9992
8681,0.7523
8682,1.2840
8683,0.7978
8684,1.4320
8685,0.1248
8686,1.0441
8687,1.1102
8688,1.1544
8689,0.9195
8690,0.9287
8691,0.8339
8692,0.9624
8693,0.7826
8694,0.9288
8695,0.8206
8696,1.0135
8697,0.7260
8698,1.3488
8699,0.8183
8700,0.8227
8701,0.8448
8702,0.6448
8703,0.8016
8704,1.6786
8705,0.6212
8706,0.8605
8707,0.7873
8708,0.7664
8709,0.8815
8710,0.9674
8711,0.8079
8712,0.8230
8713,1.2461
8714,1.2190
8715,1.1755
8716,0.8581
8717,0.7462
8718,0.7880
8719,0.8724
8720,0.9674
8721,0.8229
8722,1.0503
8723,0.9703
8724,1.1656
8725,0.7928
8726,0.7964
8727,1.2154
8728,0.9803
8729,0.8706
8730,0.8158
8731,0.8647
8732,1.1638
8733,0.5587
8734,0.6184
8735,1.6216
8736,1.4590
8737,0.3089
8738,0.5299
8739,1.0791
8740,1.4265
8741,1.5079
8742,0.4808
8743,0.7652
8744,0.9158
8745,0.8206
8746,0.9468
8747,0.9899
8748,0.7942
8749,1.2361
8750,0.8110
8751,1.2268
8752,1.0544
8753,0.5312
8754,0.7800
8755,0.8068
8756,1.3204
8757,0.8903
8758,1.4029
8759,0.2921
8760,1.0375
8761,0.9422
8762,0.7066
8763,0.7637
8764,1.2733
8765,1.3510
8766,0.8225
8767,0.8831
8768,0.7986
8769,1.1344
8770,0.6132
8771,0.5848
8772,1.2627
8773,0.9772
8774,0.8288
8775,0.7969
8776,0.8805
8777,1.0076
8778,0.7265
8779,1.4543
8780,0.5989
8781,0.7286
8782,0.8216
8783,0.9505
8784,0.8361
8785,0.8377
8786,1.7312
8787,0.2196
8788,0.8955
8789,1.7826
8790,0.8246
8791,0.6953
8792,0.8681
8793,0.6058
8794,1.1672
8795,1.1036
8796,0.9997
8797,0.7185
8798,1.0643
8799,1.1222
8800,1.0017
8801,1.6499
8802,0.6728
8803,0.7059
8804,0.8479
8805,0.8915
8806,1.0563
8807,0.5603
8808,1.2287
8809,0.9231
8810,0.8506
8811,0.9506
8812,0.8538
8813,0.8579
8814,0.8683
8815,0.8279
8816,1.6325
8817,0.5045
8818,0.9929
8819,1.0777
8820,0.4037
8821,0.9675
8822,0.7999
8823,1.1478
8824,1.4323
8825,0.6140
8826,1.0431
8827,0.7066
8828,0.8161
8829,0.8550
8830,0.9718
8831,0.8749
8832,1.2950
8833,0.7777
8834,0.8931
8835,0.8198
8836,1.0166
8837,1.0607
8838,1.2216
8839,1.4447
8840,0.6572
8841,0.7963
8842,0.8463
8843,0.8795
8844,0.7978
8845,1.0338
8846,1.2814
8847,0.8721
8848,0.8298
8849,0.8566
8850,0.8363
8851,0.9961
8852,0.6612
8853,0.6524
8854,1.4250
8855,0.7840
8856,1.0982
8857,0.6260
8858,0.8102
8859,0.8916
8860,1.0505
8861,1.1583
8862,0.7857
8863,0.7435
8864,0.8528
8865,0.8409
8866,1.0082
8867,0.6984
8868,1.2336
8869,0.9579
8870,0.7527
8871,0.6607
8872,1.0702
8873,1.2542
8874,0.7478
8875,0.8949
8876,1.6899
8877,0.8567
8878,0.6380
8879,0.8922
8880,0.7612
8881,0.9975
8882,0.7899
8883,0.8229
8884,1.1904
8885,0.9516
8886,1.3247
8887,0.1760
8888,0.7980
8889,0.9203
8890,1.0621
8891,1.2580
8892,1.2670
8893,0.8866
8894,0.9466
8895,0.8026
8896,0.9508
8897,0.5152
8898,1.3788
8899,1.1631
8900,0.7554
8901,0.8850
8902,1.1753
8903,0.3638
8904,0.8400
8905,1.5991
8906,0.6817
8907,0.8347
8908,0.7374
8909,1.2504
8910,1.1553
8911,0.6104
8912,0.9974
8913,1.1565
8914,0.8334
8915,0.6720
8916,1.0888
8917,0.7567
8918,0.9493
8919,0.9321
8920,0.5154
8921,1.2586
8922,0.8448
8923,1.0187
8924,0.7345
8925,0.8497
8926,1.0049
8927,0.6436
8928,1.1856
8929,1.4378
8930,0.9316
8931,0.7557
8932,0.7573
8933,0.9001
8934,0.8825
8935,0.8610
8936,1.5506
8937,0.4938
8938,0.8766
8939,0.8143
8940,0.9452
8941,0.7132
8942,0.7939
8943,1.3917
8944,0.9718
8945,1.2566
8946,1.2277
8947,0.6368
8948,0.9286
8949,0.6306
8950,1.3024
8951,1.0625
8952,0.7213
8953,0.8622
8954,0.5759
8955,0.8246
8956,1.1243
8957,0.6409
8958,1.3470
8959,0.9366
8960,0.7224
8961,0.8795
8962,0.8838
8963,0.8883
8964,1.0406
8965,0.4237
8966,0.8142
8967,1.5804
8968,0.8210
8969,0.8067
8970,1.1450
8971,0.3996
8972,0.8932
8973,1.1543
8974,0.9140
8975,0.9798
8976,0.8269
8977,0.7915
8978,0.8007
8979,0.8285
8980,0.6573
8981,1.2340
8982,1.4824
8983,0.9726
8984,0.9946
8985,1.0917
8986,1.0720
8987,0.3456
8988,1.2704
8989,0.8308
8990,1.0858
8991,0.8035
8992,0.8410
8993,0.9889
8994,0.5919
8995,0.8126
8996,1.2066
8997,0.8386
8998,0.8745
8999,0.8836
9000,0.8468
9001,0.8701
9002,0.9110
9003,1.9175
9004,0.4348
9005,0.8522
9006,0.9370
9007,0.8732
9008,0.7499
9009,0.7924
9010,1.2558
9011,0.8036
9012,0.8654
9013,0.8229
9014,0.8346
9015,0.8435
9016,0.9281
9017,0.8795
9018,1.3775
9019,0.8140
9020,0.8543
9021,0.9393
9022,1.0482
9023,0.8349
9024,0.8911
9025,1.2489
9026,0.7787
9027,0.8929
9028,0.8686
9029,0.7817
9030,0.9408
9031,0.7653
9032,0.7986
9033,1.5478
9034,0.8040
9035,0.8463
9036,0.8306
9037,1.1376
9038,0.6045
9039,0.9160
9040,0.8161
9041,1.2050
9042,0.8096
9043,0.8393
9044,0.9175
9045,0.7066
9046,0.9272
9047,0.8455
9048,1.2480
9049,0.8318
9050,0.8345
9051,0.8444
9052,0.8332
9053,0.8341
9054,1.5768
9055,0.3022
9056,0.7021
9057,1.3865
9058,0.9746
9059,1.0611
9060,1.1146
9061,0.9570
9062,0.5157
9063,1.3226
9064,0.8396
9065,0.8265
9066,0.8528
9067,0.7718
9068,0.8508
9069,1.0732
9070,0.9410
9071,1.4893
9072,0.7662
9073,0.8539
9074,0.8665
9075,0.8160
9076,1.0848
9077,0.6738
9078,1.1697
9079,0.8671
9080,1.4639
9081,0.2883
9082,0.8838
9083,0.9813
9084,0.8794
9085,0.8837
9086,1.2395
9087,0.7375
9088,1.1115
9089,0.5237
9090,0.8380
9091,0.8857
9092,0.7634
9093,0.9358
9094,1.3741
9095,0.9443
9096,0.8099
9097,0.8070
9098,0.8501
9099,0.9400
9100,0.8078
9101,1.2501
9102,0.8350
9103,0.8432
9104,0.8677
9105,1.2005
9106,0.4549
9107,0.8119
9108,0.8744
9109,1.2334
9110,1.1659
9111,0.9778
9112,0.9022
9113,0.8214
9114,0.9793
9115,0.8304
9116,1.1826
9117,0.8208
9118,0.8299
9119,1.0175
9120,1.1215
9121,1.0622
9122,0.7462
9123,1.2036
9124,1.1734
9125,0.8571
9126,0.8129
9127,0.8518
9128,0.9901
9129,0.8203
9130,1.2553
9131,0.7290
9132,0.8035
9133,0.8148
9134,0.8178
9135,0.8728
9136,0.9641
9137,0.8121
9138,1.2826
9139,0.8966
9140,0.8048
9141,0.8055
9142,0.8013
9143,0.8477
9144,0.8937
9145,0.8587
9146,0.8003
9147,1.4802
9148,0.8029
9149,0.7718
9150,0.8073
9151,0.8963
9152,0.9208
9153,0.8037
9154,1.1748
9155,2.1004
9156,0.8365
9157,0.3770
9158,0.8230
9159,1.0064
9160,0.6990
9161,1.1704
9162,1.3688
9163,0.8073
9164,0.9083
9165,0.9007
9166,0.8756
9167,0.7715
9168,1.3765
9169,0.7650
9170,0.8282
9171,0.9606
9172,0.7783
9173,0.8929
9174,0.6980
9175,1.2446
9176,0.7758
9177,0.8387
9178,0.9622
9179,0.7126
9180,0.8460
9181,0.8850
9182,0.8876
9183,0.7857
9184,1.2928
9185,0.8406
9186,1.0776
9187,0.7988
9188,0.8375
9189,1.0479
9190,0.7145
9191,1.1858
9192,0.7865
9193,0.8426
9194,0.8209
9195,0.8521
9196,1.1088
9197,1.3575
9198,0.8835
9199,1.2010
9200,0.8028
9201,0.8386
9202,0.8170
9203,1.0248
9204,0.6959
9205,1.3067
9206,0.8016
9207,0.7647
9208,0.8097
9209,0.8506
9210,0.8110
9211,0.9030
9212,0.9332
9213,1.2934
9214,1.0826
9215,0.7804
9216,0.8357
9217,0.8453
9218,1.0299
9219,0.7200
9220,1.1937
9221,0.8388
9222,1.1543
9223,0.5096
9224,0.8339
9225,0.8233
9226,1.0178
9227,0.6778
9228,1.1911
9229,0.8624
9230,0.8124
9231,0.9025
9232,0.8142
9233,0.9790
9234,1.0042
9235,1.3215
9236,1.1162
9237,0.9279
9238,1.0395
9239,0.6400
9240,0.8288
9241,0.7958
9242,0.9062
9243,1.2183
9244,1.0234
9245,0.8666
9246,0.7856
9247,0.8253
9248,0.8867
9249,0.8869
9250,0.8136
9251,1.1653
9252,1.2060
9253,1.1512
9254,0.8183
9255,1.0948
9256,0.6483
9257,0.7466
9258,1.2057
9259,0.7536
9260,0.8540
9261,0.8471
9262,0.8264
9263,0.8946
9264,0.9331
9265,1.1686
9266,0.7573
9267,0.8096
9268,0.8631
9269,0.8117
9270,1.0240
9271,1.9499
9272,1.1085
9273,0.3577
9274,0.6694
9275,1.3385
9276,0.7643
9277,0.7948
9278,0.9283
9279,0.7345
9280,1.1872
9281,0.8488
9282,0.8271
9283,0.9524
9284,0.6831
9285,0.8422
9286,1.0125
9287,0.6622
9288,1.2840
9289,1.1655
9290,0.9871
9291,0.8779
9292,0.8066
9293,1.0903
9294,0.7080
9295,1.1483
9296,0.8174
9297,0.9672
9298,0.7410
9299,0.8110
9300,0.8236
9301,0.9223
9302,0.8133
9303,1.2463
9304,1.2189
9305,0.8969
9306,0.8253
9307,0.8588
9308,1.0394
9309,0.5543
9310,1.2302
9311,0.7800
9312,1.0810
9313,1.0844
9314,0.8364
9315,0.8511
9316,0.8925
9317,1.1102
9318,1.1371
9319,0.7840
9320,0.7742
9321,1.3030
9322,0.5373
9323,0.8606
9324,0.8015
9325,0.7738
9326,1.3698
9327,0.8480
9328,0.8205
9329,1.0628
9330,0.6425
9331,0.8234
9332,0.8032
9333,1.3010
9334,0.8122
9335,0.8504
9336,0.8474
9337,0.8155
9338,0.8250
9339,0.9447
9340,1.4214
9341,1.3213
9342,0.5957
9343,0.6232
9344,0.8271
9345,0.8864
9346,0.9684
9347,0.7950
9348,1.2518
9349,0.8966
9350,0.8478
9351,0.9395
9352,0.8070
9353,0.9024
9354,0.7962
9355,1.1743
9356,0.8594
9357,0.8124
9358,0.8656
9359,0.8724
9360,0.8436
9361,1.0692
9362,0.7605
9363,0.7580
9364,1.3526
9365,0.8311
9366,0.8196
9367,0.8361
9368,0.8148
9369,0.9423
9370,0.8519
9371,1.1911
9372,1.3408
9373,0.6879
9374,0.7093
9375,0.8228
9376,0.6864
9377,0.8778
9378,0.8146
9379,1.4838
9380,0.8501
9381,0.7226
9382,0.8201
9383,0.9646
9384,0.9623
9385,0.6611
9386,1.2787
9387,1.1003
9388,0.9973
9389,0.8034
9390,0.8638
9391,0.7923
9392,1.0308
9393,1.0595
9394,1.3673
9395,0.8003
9396,0.9940
9397,0.8256
9398,0.8541
9399,0.8297
9400,1.1563
9401,0.9388
9402,0.8631
9403,0.7836
9404,0.8880
9405,0.6935
9406,1.1142
9407,1.1106
9408,0.7467
9409,1.0330
9410,0.8074
9411,0.9614
9412,0.6646
9413,0.8448
9414,0.9207
9415,0.8540
9416,1.9409
9417,0.2163
9418,0.9344
9419,0.9488
9420,1.0659
9421,0.9604
9422,1.5550
9423,0.5083
9424,0.8011
9425,0.7808
9426,0.8732
9427,0.9387
9428,0.6946
9429,0.7668
9430,0.8736
9431,1.3899
9432,0.8913
9433,0.9445
9434,0.7873
9435,0.8313
9436,0.8771
9437,0.8204
9438,1.2508
9439,1.3437
9440,0.4010
9441,0.8843
9442,0.7894
9443,0.8519
9444,0.9243
9445,0.8428
9446,1.1634
9447,0.8148
9448,0.8719
9449,0.8968
9450,0.7886
9451,0.7772
9452,0.8497
9453,0.9825
9454,1.2818
9455,0.8696
9456,1.2220
9457,0.8539
9458,0.9071
9459,0.7940
9460,0.9965
9461,1.1766
9462,0.8478
9463,0.8274
9464,0.9445
9465,0.6815
9466,0.8941
9467,0.9470
9468,1.1398
9469,1.2819
9470,0.9610
9471,0.8420
9472,1.0225
9473,0.6359
9474,0.7979
9475,0.8638
9476,1.1506
9477,0.7976
9478,0.8686
9479,0.8247
9480,0.8244
9481,0.8371
9482,1.2456
9483,0.7197
9484,1.0555
9485,1.1574
9486,0.8346
9487,0.8606
9488,0.8071
9489,1.7453
9490,0.3678
9491,0.9461
9492,0.8465
9493,0.7978
9494,1.0030
9495,1.0063
9496,1.2085
9497,0.6037
9498,1.2487
9499,0.9403
9500,0.7144
9501,0.9469
9502,0.6896
9503,0.8318
9504,0.8450
9505,1.4776
9506,0.2093
9507,1.7910
9508,0.4886
9509,0.9550
9510,0.7946
9511,0.8958
9512,0.7896
9513,0.7064
9514,1.3244
9515,0.8662
9516,0.8885
9517,0.8193
9518,0.6627
9519,1.0347
9520,0.7071
9521,1.2404
9522,1.2182
9523,0.9208
9524,0.9676
9525,0.7674
9526,0.8468
9527,0.6997
9528,0.9268
9529,1.2067
9530,0.9176
9531,0.9900
9532,0.8934
9533,0.8171
9534,0.9978
9535,0.7772
9536,1.2221
9537,0.9109
9538,0.7430
9539,0.8477
9540,0.7706
9541,1.0071
9542,0.7843
9543,0.9571
9544,0.7310
9545,1.3402
9546,0.9782
9547,0.6581
9548,0.8954
9549,0.9143
9550,0.7369
9551,0.8236
9552,1.2896
9553,0.7725
9554,0.8294
9555,0.8517
9556,0.8370
9557,1.2509
9558,0.6143
9559,1.1318
9560,1.1628
9561,0.8914
9562,0.7918
9563,0.9301
9564,0.8303
9565,0.8401
9566,0.7728
9567,1.2752
9568,0.9965
9569,1.1318
9570,0.8812
9571,0.8275
9572,0.9005
9573,0.9600
9574,1.6377
9575,0.7414
9576,0.9655
9577,0.8881
9578,0.9349
9579,0.8169
9580,0.9020
9581,1.1639
9582,0.8075
9583,0.9112
9584,0.7742
9585,0.7733
9586,0.8242
9587,0.8831
9588,0.8304
9589,1.5283
9590,0.8376
9591,0.6987
9592,0.7001
9593,0.9112
9594,0.8415
9595,0.9381
9596,0.7913
9597,1.4263
9598,0.8194
9599,0.7610
9600,1.0231
9601,0.7660
9602,0.7627
9603,0.8398
9604,1.2328
9605,0.9885
9606,1.1836
9607,0.9279
9608,0.9298
9609,0.8194
9610,0.8629
9611,1.1691
9612,1.1799
9613,0.8574
9614,0.7961
9615,0.8121
9616,0.8482
9617,0.8293
9618,1.1500
9619,0.8987
9620,0.8458
9621,0.8201
9622,1.0013
9623,0.8255
9624,0.7191
9625,0.8326
9626,1.3712
9627,0.6606
9628,0.9317
9629,0.7876
9630,0.8133
9631,0.8663
9632,1.2958
9633,0.6696
9634,0.5587
9635,1.4138
9636,0.8273
9637,0.8560
9638,0.8411
9639,0.7498
9640,0.9206
9641,0.8313
9642,1.3795
9643,1.2850
9644,0.8938
9645,0.6634
9646,0.7602
9647,0.9227
9648,0.8565
9649,1.1740
9650,1.1632
9651,1.0011
9652,0.9212
9653,0.8242
9654,1.0172
9655,0.7007
9656,1.2149
9657,0.8613
9658,0.7956
9659,0.8967
9660,0.9001
9661,0.7646
9662,0.7972
9663,0.9294
9664,1.3387
9665,1.0194
9666,0.9412
9667,0.7899
9668,0.7976
9669,1.0493
9670,0.7321
9671,1.1697
9672,0.7928
9673,0.9056
9674,0.8352
9675,1.4690
9676,0.9297
9677,0.9991
9678,0.5089
9679,1.1102
9680,0.8617
9681,0.8312
9682,0.7728
9683,0.8039
9684,0.8961
9685,0.8261
9686,0.8215
9687,1.3400
9688,1.1884
9689,0.9125
9690,0.8480
9691,1.6758
9692,0.3774
9693,1.1140
9694,0.9285
9695,0.8529
9696,0.6818
9697,0.9930
9698,0.7746
9699,0.8748
9700,0.8705
9701,1.2372
9702,1.0909
9703,0.9559
9704,0.7624
9705,0.9435
9706,0.8835
9707,0.9389
9708,1.0885
9709,0.9078
9710,0.8230
9711,0.7761
9712,0.8024
9713,0.8254
9714,0.9126
9715,0.9059
9716,1.2391
9717,0.7081
9718,0.9700
9719,0.7162
9720,0.9311
9721,0.7567
9722,0.8238
9723,0.8614
9724,0.8209
9725,1.5024
9726,0.8402
9727,0.8292
9728,0.8576
9729,1.1540
9730,0.9541
9731,1.2879
9732,0.8322
9733,0.8941
9734,0.8289
9735,0.9776
9736,0.7693
9737,0.8236
9738,1.1917
9739,1.2663
9740,1.0342
9741,0.7759
9742,1.0433
9743,0.7836
9744,0.7279
9745,0.7852
9746,1.1117
9747,0.9182
9748,0.8058
9749,0.8834
9750,0.9932
9751,0.8141
9752,0.8035
9753,1.1730
9754,1.1789
9755,1.0203
9756,1.0275
9757,0.6670
9758,0.9775
9759,1.6153
9760,0.3120
9761,0.9403
9762,0.7981
9763,0.8170
9764,0.8358
9765,0.8835
9766,1.1902
9767,1.4238
9768,0.8053
9769,0.8537
9770,0.7374
9771,0.9476
9772,1.0185
9773,0.7219
9774,0.7409
9775,0.7875
9776,1.3637
9777,0.8821
9778,0.9069
9779,0.7538
9780,0.8664
9781,0.9746
9782,0.6872
9783,1.3850
9784,0.6816
9785,0.8238
9786,0.8477
9787,0.8450
9788,1.0069
9789,0.9414
9790,0.6851
9791,1.2645
9792,1.1316
9793,1.3017
9794,0.9129
9795,0.6241
9796,0.9240
9797,0.7102
9798,1.1243
9799,0.9653
9800,0.8354
9801,0.8347
9802,0.8465
9803,1.1318
9804,0.7986
9805,0.9818
9806,1.0648
9807,0.8541
9808,0.8034
9809,0.8348
9810,0.8583
9811,1.2053
9812,0.5442
9813,0.8174
9814,1.3323
9815,0.7923
9816,0.9687
9817,0.8385
9818,0.7264
9819,0.8331
9820,0.9072
9821,1.2049
9822,0.8569
9823,0.8358
9824,1.0442
9825,0.6768
9826,0.8655
9827,1.3588
9828,1.9218
9829,0.3993
9830,0.4697
9831,1.1653
9832,0.9339
9833,0.8683
9834,0.8464
9835,1.1914
9836,0.8518
9837,0.9705
9838,0.8309
9839,0.7645
9840,0.7709
9841,0.9043
9842,0.8017
9843,1.8677
9844,0.3097
9845,0.8861
9846,0.9156
9847,0.8579
9848,0.8707
9849,0.8392
9850,0.9461
9851,0.6906
9852,1.3204
9853,0.8205
9854,0.8628
9855,0.8201
9856,0.8948
9857,0.9104
9858,1.1356
9859,0.9786
9860,0.9520
9861,0.6036
9862,0.8924
9863,0.8135
9864,1.0363
9865,0.7156
9866,0.7965
9867,1.3667
9868,0.8233
9869,0.8320
9870,0.9918
9871,0.6860
9872,0.8211
9873,0.9006
9874,1.3636
9875,0.7867
9876,0.7585
9877,0.9545
9878,0.7716
9879,0.9437
9880,0.7854
9881,0.8919
9882,1.2300
9883,1.0437
9884,1.0861
9885,0.9153
9886,0.9195
9887,0.7794
9888,1.2010
9889,0.7914
9890,0.9324
9891,0.7979
9892,0.9133
9893,0.9206
9894,1.0245
9895,0.6024
9896,1.6024
9897,0.4124
9898,0.9293
9899,0.8533
9900,0.8350
9901,0.8195
9902,0.9583
9903,0.9721
9904,0.6560
9905,1.3772
9906,0.8672
9907,0.8446
9908,0.8419
9909,0.7886
9910,1.3225
9911,1.0026
9912,1.1821
9913,0.7927
9914,1.1175
9915,0.3868
9916,0.7089
9917,1.0576
9918,1.1084
9919,1.3326
9920,0.9881
9921,0.8791
9922,0.8569
9923,0.8319
9924,0.9980
9925,0.7229
9926,1.2523
9927,0.8010
9928,0.8402
9929,0.9011
9930,0.7812
9931,0.9243
9932,0.7440
9933,0.8959
9934,1.2515
9935,0.8378
9936,0.8436
9937,0.8738
9938,0.8099
9939,0.9921
9940,0.9214
9941,0.8278
9942,1.3612
9943,0.7531
9944,0.8277
9945,1.1243
9946,0.6481
9947,0.7610
9948,0.8908
9949,1.1905
9950,0.8367
9951,0.8356
9952,0.8347
9953,0.8945
9954,1.1390
9955,1.0583
9956,1.4001
9957,1.3526
9958,0.2862
9959,0.9864
9960,0.7929
9961,1.5368
9962,0.3612
9963,0.7213
9964,1.2645
9965,0.8261
9966,0.8243
9967,0.8072
9968,0.9462
9969,0.9383
9970,0.7236
9971,1.1956
9972,1.2294
9973,0.8436
9974,0.8615
9975,0.8514
9976,0.8016
9977,0.9255
9978,0.9643
9979,1.0971
9980,0.8376
9981,0.8050
9982,0.8543
9983,0.8007
9984,0.9323
9985,0.8318
9986,1.2468
9987,0.8195
9988,0.8349
9989,1.0452
9990,0.6277
9991,0.8716
9992,1.0632
9993,0.6901
9994,0.7745
9995,1.3212
9996,1.1852
9997,0.9685
9998,0.8654
9999,1.0501
10000,0.8218
10001,1.0595
10002,0.8497
10003,0.8262
10004,0.8538
10005,0.8379
10006,0.7734
10007,1.0296
10008,0.7628
10009,1.2439
10010,1.3305
10011,0.7406
10012,0.7909
10013,1.1339
10014,0.7873
10015,1.1689
10016,0.5789
10017,1.1969
10018,0.6061
10019,0.8620
10020,0.8231
10021,0.8161
10022,1.0026
10023,0.7383
10024,1.2118
10025,0.8661
10026,0.8512
10027,0.8095
10028,0.7807
10029,0.8993
10030,0.8344
10031,1.3595
10032,0.8321
10033,1.3034
10034,0.9238
10035,0.8498
10036,1.1083
10037,0.9001
10038,1.1656
10039,0.8479
10040,0.9667
10041,0.7480
10042,0.8160
10043,0.9645
10044,0.9151
10045,0.6835
10046,0.8103
10047,1.3677
10048,0.8720
10049,0.8811
10050,0.7743
10051,0.9795
10052,0.8127
10053,0.8376
10054,1.3386
10055,0.7848
10056,0.7660
10057,0.8594
10058,0.8461
10059,0.8805
10060,0.8380
10061,1.1818
10062,1.1868
10063,1.0881
10064,0.9521
10065,0.8629
10066,0.7386
10067,0.7796
10068,0.8361
10069,1.2680
10070,0.7815
10071,0.8677
10072,0.8238
10073,0.8443
10074,1.2141
10075,1.0210
10076,0.9388
10077,0.7732
10078,0.8297
10079,0.9088
10080,0.7703
10081,1.1745
10082,0.7569
10083,0.7150
10084,0.8223
10085,1.3937
10086,0.9626
10087,0.6353
10088,0.8243
10089,0.9315
10090,0.8064
10091,1.1917
10092,0.8488
10093,0.8383
10094,0.8210
10095,0.8008
10096,0.8817
10097,0.8860
10098,1.2291
10099,0.9574
10100,1.1863
10101,0.9174
10102,0.6455
10103,0.8227
10104,0.8938
10105,0.9695
10106,0.8657
10107,1.3704
10108,0.6795
10109,0.7390
10110,0.9588
10111,0.9394
10112,1.2257
10113,1.0447
10114,0.9732
10115,0.8592
10116,0.8139
10117,0.7979
10118,0.9821
10119,0.9898
10120,0.8033
10121,0.6711
10122,1.3989
10123,0.9392
10124,1.0691
10125,0.7074
10126,0.8110
10127,0.9771
10128,0.8107
10129,1.1226
10130,1.7254
10131,0.1878
10132,0.7007
10133,0.9611
10134,1.3869
10135,0.7243
10136,0.8620
10137,1.3614
10138,0.7883
10139,0.8407
10140,0.8688
10141,0.8653
10142,0.9290
10143,0.7622
10144,1.2152
10145,0.8246
10146,0.8139
10147,0.7763
10148,1.4470
10149,0.4128
10150,0.7791
10151,1.1974
10152,1.2786
10153,0.8245
10154,0.8190
10155,0.8658
10156,0.8020
10157,0.8199
10158,0.9374
10159,1.3746
10160,0.7133
10161,0.9336
10162,0.9251
10163,0.5772
10164,1.2402
10165,0.4964
10166,1.2791
10167,0.8939
10168,0.8040
10169,0.8324
10170,0.9691
10171,1.1242
10172,0.9450
10173,0.7163
10174,2.0191
10175,0.1350
10176,0.9900
10177,0.9991
10178,0.8020
10179,1.0874
10180,0.5619
10181,1.4575
10182,0.8657
10183,0.9115
10184,0.7675
10185,0.8588
10186,0.8282
10187,0.7771
10188,1.2449
10189,1.2578
10190,0.8729
10191,0.8950
10192,0.8264
10193,0.9093
10194,1.1739
10195,0.9856
10196,0.7959
10197,0.7979
10198,0.8407
10199,0.7586
10200,0.8057
10201,0.9159
10202,0.8786
10203,1.1595
10204,0.9167
10205,0.8645
10206,0.7769
10207,0.7980
10208,0.8535
10209,0.8896
10210,0.8756
10211,1.2535
10212,0.9550
10213,0.7153
10214,1.1025
10215,0.8336
10216,1.1853
10217,0.8133
10218,1.2131
10219,0.8799
10220,0.8056
10221,0.8642
10222,0.8357
10223,0.8735
10224,0.9972
10225,0.7085
10226,0.8064
10227,1.4320
10228,1.0056
10229,0.7589
10230,0.8147
10231,1.5066
10232,0.2570
10233,0.8874
10234,1.1775
10235,0.8988
10236,0.8075
10237,0.8542
10238,0.9024
10239,0.7964
10240,0.8629
10241,1.2276
10242,1.2262
10243,0.8843
10244,0.8126
10245,0.7960
10246,0.8750
10247,0.9898
10248,0.8665
10249,1.2713
10250,0.6399
10251,0.8149
10252,1.0411
10253,0.8285
10254,1.0443
10255,0.6841
10256,1.2034
10257,0.9872
10258,0.7995
10259,0.9749
10260,0.9155
10261,0.7951
10262,0.8728
10263,0.9321
10264,0.6760
10265,1.3376
10266,0.9015
10267,0.7674
10268,0.8719
10269,0.9195
10270,0.8243
10271,1.2352
10272,0.7224
10273,1.0107
10274,0.9190
10275,0.7394
10276,0.9101
10277,0.9885
10278,0.7235
10279,1.5021
10280,0.9078
10281,0.7731
10282,0.8847
10283,1.7214
10284,0.3846
10285,0.5345
10286,1.4152
10287,0.8749
10288,0.7643
10289,0.8423
10290,0.8036
10291,0.8410
10292,0.8344
10293,0.9125
10294,1.2571
10295,0.8873
10296,0.8275
10297,0.8557
10298,0.8434
10299,1.2521
10300,0.7637
10301,1.0114
10302,0.7842
10303,1.2144
10304,0.8065
10305,0.8677
10306,0.8104
10307,1.0447
10308,0.6507
10309,1.2010
10310,0.8768
10311,0.8469
10312,0.7897
10313,0.8719
10314,1.0189
10315,0.7252
10316,0.9864
10317,1.2538
10318,0.8040
10319,0.7958
10320,0.7945
10321,0.9072
10322,0.8020
10323,1.0448
10324,1.2717
10325,0.8913
10326,0.8698
10327,0.8028
10328,0.8605
10329,0.8701
10330,0.8825
10331,0.8083
10332,1.2309
10333,1.3352
10334,0.8117
10335,0.7856
10336,0.9463
10337,0.8878
10338,0.6960
10339,1.2328
10340,0.8656
10341,0.8368
10342,0.7985
10343,1.4895
10344,0.2774
10345,0.7999
10346,1.2506
10347,1.1609
10348,0.8091
10349,0.8207
10350,1.1407
10351,0.9457
10352,0.5833
10353,0.6895
10354,0.9693
10355,1.0001
10356,1.2432
10357,1.0173
10358,0.7718
10359,0.8865
10360,0.8153
10361,1.3389
10362,0.7454
10363,0.8448
10364,0.8373
10365,0.8009
10366,0.9332
10367,0.7848
10368,1.0124
10369,1.0839
10370,1.0680
10371,0.9599
10372,1.1011
10373,0.8016
10374,0.8208
10375,0.8206
10376,1.1855
10377,0.8718
10378,0.9489
10379,0.7030
10380,0.7802
10381,0.8109
10382,0.8738
10383,1.3268
10384,1.0937
10385,0.9290
10386,0.6991
10387,0.7993
10388,0.8481
10389,0.9864
10390,0.8816
10391,0.6655
10392,1.1374
10393,1.2513
10394,0.8653
10395,0.8529
10396,0.8370
10397,1.1098
10398,0.5908
10399,1.8562
10400,0.2775
10401,0.7004
10402,1.1977
10403,0.8448
10404,0.8310
10405,0.8864
10406,0.8444
10407,1.3584
10408,0.8344
10409,0.8376
10410,0.8413
10411,0.8981
10412,0.9654
10413,0.7736
10414,1.1239
10415,0.8777
10416,0.9351
10417,0.8145
10418,0.8217
10419,0.8957
10420,0.7478
10421,0.8139
10422,1.3419
10423,1.1423
10424,0.8247
10425,0.8020
10426,0.8485
10427,0.8628
10428,1.0826
10429,1.0252
10430,0.8710
10431,0.8261
10432,0.8504
10433,0.8950
10434,0.8806
10435,0.7680
10436,0.8434
10437,1.2126
10438,1.0665
10439,1.0121
10440,0.9143
10441,0.7472
10442,0.9400
10443,0.7657
10444,0.9461
10445,1.3551
10446,0.8492
10447,0.7946
10448,0.7928
10449,0.8469
10450,2.0834
10451,0.6155
10452,0.7416
10453,0.6733
10454,0.6887
10455,0.7411
10456,0.8402
10457,0.8298
10458,0.8303
10459,1.3049
10460,0.9194
10461,0.8402
10462,0.8495
10463,0.8416
10464,0.8618
10465,1.0986
10466,0.6850
10467,1.1392
10468,1.0492
10469,0.8637
10470,0.8260
10471,0.7446
10472,0.9691
10473,0.7674
10474,0.8445
10475,1.3923
10476,0.9729
10477,1.1545
10478,0.8337
10479,0.7975
10480,0.8238
10481,0.8673
10482,0.8368
10483,1.5888
10484,0.7449
10485,0.7555
10486,0.8164
10487,0.9320
10488,0.8501
10489,0.7770
10490,1.1873
10491,0.8213
10492,0.8568
10493,0.8396
10494,0.8719
10495,1.5768
10496,0.2497
10497,0.9926
10498,1.2744
10499,0.9386
10500,1.1045
10501,0.6251
10502,0.8722
10503,0.8008
10504,0.8611
10505,1.1983
10506,0.8388
10507,0.8592
10508,0.7728
10509,1.0086
10510,0.9216
10511,0.7257
10512,1.1390
10513,1.2542
10514,0.8238
10515,0.8378
10516,0.8493
10517,1.5768
10518,0.4049
10519,0.5617
10520,1.4009
10521,0.8535
10522,0.8158
10523,0.8251
10524,0.8269
10525,1.0817
10526,0.7118
10527,1.1404
10528,0.7829
10529,0.8995
10530,0.9932
10531,0.6683
10532,0.8827
10533,0.8707
10534,0.8390
10535,0.8808
10536,1.2954
10537,0.8380
10538,0.8482
10539,0.8424
10540,0.8422
10541,0.8359
10542,1.2497
10543,0.8367
10544,0.7923
10545,0.8405
10546,0.8246
10547,0.8693
10548,0.9324
10549,0.7975
10550,1.2710
10551,1.6337
10552,0.5136
10553,0.8347
10554,0.7709
10555,0.7932
10556,1.1384
10557,1.3818
10558,0.7900
10559,0.8526
10560,0.8168
10561,0.8420
10562,0.8617
10563,1.1822
10564,0.5567
10565,1.2772
10566,0.7704
10567,0.8235
10568,0.8760
10569,0.8409
10570,0.8008
10571,0.9154
10572,0.8702
10573,1.2895
10574,0.7882
10575,0.9294
10576,0.7414
10577,0.8228
10578,0.7578
10579,0.9488
10580,1.2227
10581,1.0862
10582,0.7522
10583,0.8365
10584,0.8602
10585,1.8351
10586,0.3777
10587,0.4908
10588,0.9358
10589,1.3266
10590,0.8509
10591,0.8228
10592,0.7998
10593,0.8682
10594,0.9095
10595,1.2182
10596,0.9839
10597,0.8002
10598,0.7233
10599,0.8321
10600,0.9036
10601,1.1041
10602,0.5677
10603,1.2891
10604,1.1985
10605,0.8754
10606,0.9359
10607,0.6776
10608,0.8710
10609,1.3736
10610,0.7576
10611,0.7271
10612,0.8338
10613,0.8651
10614,0.7892
10615,0.8539
10616,0.8779
10617,0.8721
10618,1.3122
10619,0.9467
10620,0.6311
10621,1.0971
10622,0.5493
10623,0.8182
10624,1.1601
10625,0.9591
10626,1.3270
10627,0.9208
10628,0.9965
10629,0.7205
10630,0.8663
10631,0.9351
10632,0.7922
10633,1.1853
10634,0.8184
10635,0.8532
10636,1.5162
10637,0.3419
10638,0.8234
10639,0.8279
10640,0.8374
10641,1.3409
10642,0.9718
10643,0.8636
10644,0.8169
10645,0.8366
10646,1.1270
10647,0.6350
10648,1.1109
10649,1.0953
10650,0.9768
10651,0.7833
10652,0.9600
10653,0.6904
10654,0.8228
10655,0.8444
10656,1.2218
10657,0.8530
10658,0.8241
10659,0.8131
10660,0.9089
10661,1.1122
10662,0.9186
10663,0.8084
10664,1.1464
10665,1.1956
10666,0.8003
10667,0.8581
10668,0.8209
10669,1.2709
10670,0.6182
10671,1.0058
10672,0.8455
10673,0.8622
10674,0.8466
10675,0.8101
10676,0.8624
10677,0.8525
10678,0.9003
10679,1.2797
10680,1.0082
10681,0.7403
10682,0.7820
10683,0.9372
10684,0.9819
10685,0.8931
10686,1.2207
10687,0.7273
10688,0.9007
10689,1.0357
10690,0.6529
10691,0.7916
10692,0.8189
10693,0.8942
10694,1.1171
10695,1.2143
10696,0.9726
10697,0.9707
10698,0.8227
10699,0.7800
10700,1.4436
10701,1.1368
10702,0.5825
10703,0.7982
10704,0.9804
10705,0.7767
10706,0.8470
10707,0.8299
10708,1.2465
10709,0.8250
10710,0.8517
10711,0.8071
10712,0.8612
10713,0.7827
10714,1.0796
10715,0.8655
10716,1.2136
10717,0.9687
10718,0.9767
10719,0.7522
10720,0.7734
10721,0.9550
10722,0.8133
10723,1.2127
10724,0.8334
10725,0.9677
10726,0.8512
10727,0.7761
10728,0.8679
10729,0.8414
10730,0.9553
10731,1.0650
10732,1.4446
10733,0.7050
10734,0.7716
10735,1.2571
10736,1.0163
10737,0.9100
10738,1.0576
10739,0.8171
10740,1.0141
10741,0.8289
10742,0.8262
10743,0.8283
10744,0.7431
10745,1.2745
10746,0.9396
10747,0.9547
10748,0.8828
10749,0.7508
10750,0.7992
10751,0.9093
10752,1.0381
10753,0.4787
10754,1.3608
10755,0.8097
10756,1.0047
10757,0.7611
10758,0.9840
10759,0.9648
10760,0.6742
10761,1.1466
10762,0.8520
10763,0.7735
10764,0.8838
10765,0.8715
10766,0.8790
10767,0.8289
10768,0.7960
10769,0.7219
10770,1.4552
10771,0.6431
10772,1.1328
10773,0.8427
10774,1.0134
10775,1.0909
10776,1.1347
10777,0.8914
10778,0.8046
10779,0.9689
10780,0.8556
10781,0.7061
10782,0.8813
10783,0.8771
10784,1.2067
10785,1.2531
10786,0.9598
10787,0.8115
10788,0.9610
10789,0.8489
10790,0.8404
10791,1.2176
10792,0.9342
10793,0.7460
10794,0.8203
10795,0.7884
10796,0.9849
10797,0.8108
10798,0.7855
10799,1.2527
10800,0.8793
10801,0.8985
10802,0.8290
10803,0.9357
10804,0.8263
10805,0.7608
10806,0.8716
10807,1.4037
10808,0.8272
10809,0.7864
10810,0.8787
10811,1.0248
10812,1.3547
10813,1.0783
10814,0.8843
10815,0.8352
10816,0.8542
10817,0.8524
10818,0.9627
10819,0.7974
10820,0.8679
10821,1.3811
10822,0.7571
10823,0.9393
10824,0.8971
10825,0.6791
10826,1.2096
10827,0.5414
10828,1.2314
10829,0.9082
10830,0.8051
10831,0.7658
10832,0.8484
10833,0.8614
10834,1.3082
10835,0.6691
10836,1.0843
10837,0.8296
10838,0.8259
10839,0.7749
10840,0.8289
10841,0.7842
10842,0.9744
10843,0.8160
10844,0.7982
10845,1.3086
10846,0.8218
10847,0.8906
10848,0.8089
10849,1.0318
10850,1.5001
10851,1.5235
10852,0.3630
10853,0.5900
10854,1.0972
10855,1.2865
10856,0.6941
10857,0.7952
10858,0.8348
10859,1.3932
10860,0.7928
10861,0.8314
10862,0.8563
10863,0.8258
10864,0.9572
10865,0.7839
10866,1.3542
10867,0.7171
10868,1.0698
10869,0.7053
10870,0.8939
10871,0.7928
10872,0.7582
10873,0.8556
10874,1.2192
10875,1.2673
10876,0.8624
10877,0.8990
10878,0.9278
10879,0.8220
10880,0.8357
10881,1.1257
10882,1.1152
10883,0.7097
10884,0.9100
10885,0.8020
10886,0.9355
10887,0.9210
10888,0.7230
10889,1.2047
10890,0.7993
10891,0.9793
10892,1.0486
10893,0.9286
10894,0.9066
10895,0.8117
10896,0.7662
10897,1.3583
10898,0.8280
10899,0.9879
10900,0.8200
10901,1.4979
10902,0.3312
10903,0.6253
10904,1.2578
10905,0.7883
10906,0.7805
10907,0.7808
10908,0.8131
10909,0.9923
10910,1.2828
10911,0.8965
10912,0.7725
10913,0.8589
10914,0.8237
10915,0.8398
10916,0.8983
10917,0.9442
10918,1.1572
10919,0.7898
10920,0.9608
10921,0.7025
10922,0.9825
10923,0.8291
10924,0.8180
10925,0.8114
10926,1.2521
10927,0.7454
10928,0.8400
10929,0.8444
10930,0.8024
10931,0.9576
10932,0.8287
10933,0.8550
10934,1.6986
10935,0.9571
10936,0.7525
10937,0.7944
10938,0.9518
10939,0.6483
10940,0.8739
10941,1.4909
10942,1.0716
10943,0.7771
10944,0.9171
10945,0.8424
10946,0.8630
10947,0.7485
10948,0.8478
10949,1.4096
10950,0.8713
10951,0.8531
10952,1.4164
10953,0.3036
10954,0.9194
10955,0.7961
10956,0.9030
10957,1.1827
10958,0.8107
10959,0.7771
10960,0.9252
10961,0.9129
10962,0.7696
10963,0.8423
10964,1.3363
10965,1.0794
10966,0.8466
10967,0.8804
10968,1.1940
10969,0.9599
10970,0.8409
10971,1.3823
10972,1.1135
10973,0.8297
10974,0.8713
10975,0.8060
10976,0.8541
10977,0.8019
10978,1.8270
10979,0.7358
10980,0.7864
10981,0.8854
10982,0.7496
10983,1.0461
10984,1.5320
10985,0.3868
10986,1.0194
10987,0.8380
10988,0.9149
10989,0.7980
10990,0.9453
10991,0.8985
10992,0.7097
10993,1.0932
10994,0.9531
10995,0.9180
10996,0.7286
10997,0.8666
10998,0.8600
10999,0.8800
11000,0.7798
11001,2.1907
11002,0.2691
11003,0.6614
11004,1.1788
11005,1.2182
11006,1.0851
11007,0.6066
11008,1.1857
11009,0.8815
11010,0.7752
11011,1.0091
11012,0.8126
11013,0.9113
11014,0.7965
11015,1.2492
11016,0.8091
11017,0.9504
11018,0.8439
11019,0.8908
11020,0.8182
11021,0.8607
11022,0.7298
11023,0.8389
11024,1.4653
11025,0.8288
11026,0.8345
11027,0.7753
11028,0.9391
11029,0.7019
11030,0.8767
11031,1.1865
11032,0.9644
11033,0.8167
11034,0.9093
11035,0.9900
11036,0.6537
11037,0.7273
11038,1.4370
11039,0.8510
11040,0.8058
11041,1.2180
11042,1.2167
11043,0.9278
11044,0.8162
11045,1.2349
11046,0.8508
11047,0.7672
11048,1.0289
11049,1.2331
11050,0.8922
11051,1.4081
11052,0.5900
11053,1.2569
11054,0.9374
11055,0.9728
11056,0.9069
11057,0.8305
11058,0.7543
11059,1.3372
11060,0.9150
11061,0.7438
11062,0.8535
11063,0.7486
11064,0.9065
11065,0.9303
11066,0.7808
11067,1.4337
11068,0.6866
11069,1.0981
11070,0.9858
11071,0.7597
11072,0.8950
11073,0.7353
11074,0.8475
11075,1.1837
11076,0.9002
11077,0.8691
11078,0.8354
11079,1.1566
11080,1.2466
11081,1.0397
11082,1.0621
11083,0.8294
11084,1.0150
11085,1.1170
11086,0.5547
11087,0.8333
11088,1.4111
11089,0.8268
11090,1.4514
11091,0.5482
11092,0.9128
11093,0.7985
11094,1.3705
11095,0.3860
11096,1.1753
11097,0.8888
11098,0.7327
11099,0.7757
11100,0.9653
11101,0.8931
11102,1.0200
11103,0.6462
11104,1.2026
11105,0.8953
11106,0.8125
11107,0.8978
11108,0.8505
11109,0.8077
11110,0.7410
11111,0.7948
11112,1.3778
11113,0.9667
11114,0.8833
11115,0.6850
11116,0.9301
11117,1.3399
11118,1.4294
11119,0.9939
11120,0.9581
11121,0.8012
11122,0.5959
11123,0.8943
11124,1.0263
11125,1.0743
11126,0.8455
11127,1.3280
11128,0.7793
11129,0.8954
11130,0.7254
11131,0.9880
11132,0.8192
11133,1.2328
11134,0.9430
11135,0.7810
11136,0.9136
11137,0.7659
11138,0.7308
11139,0.9238
11140,0.8783
11141,1.3098
11142,0.9904
11143,1.0328
11144,1.1096
11145,0.6150
11146,1.0924
11147,0.6161
11148,1.2265
11149,0.7887
11150,0.8072
11151,0.8667
11152,0.8466
11153,0.8854
11154,1.1575
11155,2.1755
11156,0.2251
11157,0.8979
11158,1.2782
11159,0.9114
11160,0.7115
11161,0.8720
11162,1.2450
11163,1.1730
11164,0.9360
11165,0.8275
11166,0.8655
11167,0.8596
11168,0.8032
11169,0.9022
11170,1.2329
11171,0.8473
11172,0.8075
11173,0.9048
11174,0.7503
11175,0.8366
11176,1.0413
11177,1.2130
11178,0.8143
11179,0.8383
11180,0.8513
11181,0.8142
11182,0.8316
11183,0.9512
11184,0.7571
11185,1.3210
11186,1.0978
11187,1.2006
11188,0.8910
11189,0.8571
11190,0.8819
11191,0.7972
11192,1.2826
11193,1.1410
11194,0.8747
11195,0.8467
11196,0.7971
11197,1.0012
11198,0.7385
11199,0.7677
11200,1.4362
11201,0.8425
11202,0.8482
11203,0.8433
11204,0.7039
11205,0.8855
11206,0.8928
11207,1.1868
11208,0.8227
11209,0.8377
11210,0.8334
11211,0.8475
11212,0.8709
11213,0.7548
11214,0.9388
11215,1.2674
11216,0.8826
11217,0.8796
11218,0.8176
11219,0.9266
11220,0.7731
11221,0.8113
11222,1.5281
11223,1.1060
11224,1.0245
11225,0.7214
11226,0.9262
11227,0.7363
11228,0.8665
11229,1.2679
11230,1.1573
11231,0.9709
11232,0.7696
11233,0.7964
11234,1.2387
11235,0.8560
11236,0.5381
11237,1.3271
11238,0.8463
11239,0.8082
11240,0.7550
11241,0.8456
11242,0.8779
11243,0.8284
11244,1.1928
11245,0.8858
11246,0.8903
11247,0.8946
11248,0.6867
11249,0.8379
11250,0.8074
11251,0.9565
11252,1.4436
11253,0.8084
11254,0.9460
11255,0.8165
11256,0.6789
11257,0.8269
11258,0.8575
11259,0.8845
11260,1.4245
11261,1.1574
11262,0.9547
11263,0.8242
11264,1.2022
11265,0.4397
11266,0.9101
11267,1.4570
11268,1.3689
11269,0.6463
11270,0.8378
11271,0.8206
11272,0.9137
11273,0.7990
11274,1.1617
11275,0.8843
11276,0.8344
11277,0.8288
11278,0.9180
11279,0.7624
11280,0.8282
11281,0.9071
11282,1.2742
11283,0.8467
11284,0.8588
11285,0.8237
11286,0.7837
11287,0.8888
11288,0.8490
11289,0.9162
11290,1.2871
11291,0.8558
11292,0.8303
11293,0.7958
11294,0.8709
11295,0.8505
11296,0.9059
11297,1.3049
11298,1.1867
11299,0.9928
11300,0.8362
11301,0.8283
11302,0.9988
11303,0.6003
11304,1.4433
11305,1.0606
11306,0.8603
11307,0.9456
11308,0.8723
11309,0.7199
11310,0.8311
11311,1.3053
11312,0.8389
11313,0.7686
11314,1.0127
11315,0.6747
11316,0.9545
11317,0.8256
11318,0.9301
11319,2.2286
11320,0.2895
11321,0.8214
11322,1.3841
11323,0.2149
11324,0.9417
11325,0.7487
11326,0.9267
11327,1.4665
11328,0.8395
11329,0.8241
11330,0.8063
11331,0.8592
11332,0.8400
11333,0.7846
11334,1.1473
11335,0.8820
11336,0.9258
11337,0.9006
11338,0.6791
11339,0.9002
11340,0.7937
11341,0.9737
11342,1.2912
11343,0.8560
11344,0.8175
11345,0.8629
11346,0.8729
11347,0.8823
11348,1.2475
11349,0.7413
11350,0.8893
11351,0.7290
11352,0.8876
11353,0.8607
11354,0.9333
11355,1.0678
11356,0.7189
11357,1.3007
11358,0.9140
11359,0.9748
11360,0.6612
11361,0.9282
11362,0.7579
11363,0.9084
11364,0.8189
11365,1.2435
11366,0.9274
11367,1.2084
11368,0.7881
11369,0.8528
11370,0.9124
11371,1.0965
11372,1.0488
11373,0.8638
11374,0.8211
11375,0.8369
11376,0.8103
11377,0.8355
11378,0.8421
11379,0.8122
11380,0.8387
11381,1.5238
11382,0.9543
11383,0.7814
11384,0.7807
11385,1.0785
11386,0.7081
11387,1.1921
11388,1.2033
11389,0.5716
11390,0.7858
11391,0.8228
11392,0.8413
11393,0.9321
11394,0.8225
11395,0.7873
11396,1.3779
11397,0.8570
11398,0.7725
11399,0.8323
11400,0.8484
11401,0.9033
11402,0.7543
11403,1.4538
11404,1.0619
11405,0.9924
11406,0.6718
11407,0.8529
11408,0.7694
11409,0.9534
11410,1.3642
11411,1.0414
11412,0.8797
11413,1.0498
11414,0.8594
11415,0.7825
11416,0.7426
11417,1.1563
11418,0.7398
11419,1.0109
11420,0.8234
11421,0.8672
11422,0.9558
11423,0.5929
11424,0.8889
11425,1.1983
11426,0.9557
11427,0.8721
11428,0.8733
11429,0.8196
11430,0.8404
11431,0.8137
11432,0.8803
11433,1.2211
11434,1.1844
11435,1.1323
11436,0.8435
11437,0.7962
11438,0.7941
11439,1.0359
11440,1.0624
11441,1.2447
11442,0.8324
11443,0.7872
11444,0.8343
11445,0.9692
11446,0.7043
11447,0.8482
11448,1.4016
11449,0.8293
11450,0.8424
11451,0.9075
11452,0.7896
11453,0.8299
11454,0.7593
11455,1.1340
11456,1.1684
11457,0.5925
11458,0.8671
11459,1.5030
11460,1.2524
11461,0.2084
11462,0.4069
11463,1.4378
11464,1.0827
11465,0.8660
11466,0.7663
11467,0.8747
11468,0.9003
11469,0.7258
11470,0.8639
11471,1.3461
11472,1.0632
11473,0.7972
11474,0.9630
11475,0.8490
11476,0.6783
11477,1.1813
11478,0.9871
11479,0.7542
11480,0.9139
11481,0.8003
11482,0.9757
11483,0.7742
11484,0.7454
11485,0.8086
11486,1.4800
11487,0.7473
11488,1.0155
11489,1.0552
11490,1.0077
11491,0.4337
11492,1.1885
11493,0.8303
11494,0.8703
11495,0.8468
11496,0.8198
11497,0.8346
11498,0.8103
11499,0.8957
11500,2.0529
11501,0.7584
11502,0.9105
11503,0.6330
11504,0.8447
11505,0.8116
11506,0.9460
11507,1.5543
11508,0.5735
11509,0.7701
11510,0.8506
11511,0.8070
11512,0.8734
11513,0.8971
11514,0.7258
11515,1.2263
11516,0.8802
11517,0.8270
11518,0.7242
11519,0.9654
11520,0.8942
11521,0.8296
11522,0.9941
11523,0.8850
11524,1.3049
11525,0.6487
11526,1.0062
11527,0.7328
11528,0.8671
11529,0.8156
11530,0.7249
11531,1.3132
11532,0.8724
11533,1.0291
11534,0.8705
11535,0.7767
11536,0.8304
11537,1.0227
11538,1.5835
11539,1.0915
11540,0.7183
11541,0.7051
11542,0.8378
11543,0.9185
11544,0.8557
11545,1.2104
11546,0.9812
11547,0.8641
11548,0.8796
11549,0.8205
11550,0.8329
11551,0.8281
11552,1.0507
11553,1.1919
11554,0.8277
11555,0.8778
11556,1.3558
11557,0.4452
11558,2.6499
11559,0.2183
11560,0.6347
11561,1.1073
11562,1.4106
11563,0.9016
11564,0.8419
11565,0.7399
11566,1.6806
11567,0.3935
11568,0.9256
11569,0.7879
11570,0.8733
11571,0.8539
11572,1.1098
11573,0.5911
11574,0.7602
11575,1.3650
11576,0.7924
11577,0.8641
11578,0.8827
11579,0.7888
11580,0.8249
11581,0.9152
11582,1.1285
11583,0.9473
11584,0.7101
11585,0.7692
11586,1.0805
11587,0.5534
11588,0.8627
11589,0.9043
11590,1.4100
11591,0.8096
11592,0.7449
11593,0.8473
11594,0.8758
11595,0.6820
11596,0.9565
11597,1.4582
11598,0.7470
11599,0.7855
11600,0.8647
11601,0.8039
11602,0.7864
11603,1.0683
11604,0.7144
11605,1.3158
11606,0.8533
11607,0.7891
11608,0.8872
11609,0.6765
11610,0.9300
11611,1.0941
11612,0.6717
11613,0.7862
11614,1.4438
11615,0.7644
11616,0.8321
11617,0.7821
11618,0.8791
11619,1.1745
11620,0.6047
11621,1.2269
11622,0.9360
11623,0.8245
11624,1.0044
11625,0.6786
11626,0.8982
11627,0.7998
11628,1.2781
11629,1.2238
11630,0.9377
11631,0.9208
11632,1.1019
11633,0.5799
11634,0.9937
11635,1.4690
11636,0.8156
11637,0.7824
11638,0.9129
11639,0.8516
11640,0.7791
11641,1.5509
11642,0.3726
11643,1.2494
11644,0.6697
11645,0.8318
11646,0.8418
11647,0.8395
11648,0.8879
11649,0.8578
11650,0.8465
11651,1.3074
11652,0.9342
11653,0.8003
11654,0.7913
11655,0.8272
11656,0.9766
11657,0.8417
11658,1.8151
11659,0.2708
11660,0.8212
11661,1.3243
11662,0.8528
11663,1.0405
11664,0.7249
11665,0.7968
11666,1.2949
11667,0.9063
11668,0.8609
11669,0.8061
11670,0.7878
11671,0.9192
11672,0.9154
11673,1.1879
11674,0.9839
11675,0.6452
11676,0.7883
11677,0.7867
11678,0.9065
11679,0.9183
11680,1.2473
11681,1.3318
11682,0.7695
11683,0.8110
11684,0.7859
11685,0.8423
11686,0.9593
11687,0.6351
11688,1.3542
11689,0.9890
11690,0.8783
11691,0.9502
11692,0.9229
11693,0.5740
11694,0.7906
11695,1.2736
11696,0.8711
11697,0.9027
11698,1.0894
11699,1.0671
11700,0.8262
11701,0.8428
11702,0.8945
11703,0.7522
11704,1.3938
11705,0.8585
11706,0.9070
11707,1.8551
11708,0.2152
11709,0.5364
11710,1.3668
11711,0.7668
11712,0.8308
11713,0.8425
11714,0.8457
11715,0.8873
11716,0.8355
11717,1.2932
11718,1.0610
11719,0.9270
11720,0.8326
11721,0.8342
11722,0.9763
11723,0.9006
11724,0.9795
11725,0.9203
11726,0.8451
11727,0.8275
11728,0.8674
11729,0.8560
11730,0.8236
11731,0.8129
11732,0.9528
11733,1.2323
11734,0.8749
11735,0.8013
11736,0.7985
11737,0.8556
11738,1.0626
11739,0.6940
11740,0.7322
11741,1.3889
11742,0.9695
11743,0.7465
11744,0.9443
11745,1.1661
11746,0.8417
11747,0.8642
11748,1.2246
11749,0.9908
11750,0.7844
11751,0.7834
11752,0.8480
11753,0.9206
11754,0.7616
11755,0.8195
11756,1.4127
11757,0.7889
11758,0.8883
11759,1.1089
11760,0.4757
11761,0.8900
11762,0.8620
11763,1.1960
11764,0.9670
11765,0.8029
11766,0.8512
11767,0.8485
11768,0.8054
11769,0.8459
11770,0.7506
11771,1.6372
11772,0.7904
11773,0.7535
11774,0.8226
11775,0.7869
11776,1.0936
11777,0.8506
11778,0.9143
11779,0.9155
11780,0.8960
11781,1.0224
11782,1.1094
11783,0.8812
11784,0.8474
11785,1.0972
11786,0.8624
11787,0.9178
11788,0.9509
11789,0.8954
11790,0.8084
11791,1.0864
11792,0.6310
11793,0.7127
11794,1.3662
11795,0.8649
11796,0.9939
11797,0.7411
11798,0.8145
11799,0.8440
11800,0.9590
11801,1.1409
11802,0.9929
11803,0.9707
11804,0.5340
11805,1.1517
11806,0.5875
11807,0.9851
11808,0.7762
11809,1.2957
11810,1.3165
11811,0.7432
11812,0.7353
11813,0.9744
11814,0.9902
11815,0.6993
11816,1.2084
11817,0.8648
11818,0.8286
11819,1.0215
11820,0.9594
11821,1.4818
11822,0.2936
11823,0.5109
11824,1.2889
11825,0.9578
11826,0.8303
11827,1.2810
11828,0.3774
11829,0.7403
11830,1.0737
11831,1.6857
11832,0.9684
11833,1.0695
11834,0.5881
11835,0.7796
11836,1.0143
11837,0.9273
11838,0.9233
11839,0.8866
11840,0.9599
11841,0.7940
11842,0.8215
11843,0.8209
11844,0.8670
11845,0.7117
11846,1.3811
11847,0.9214
11848,0.9311
11849,0.8309
11850,0.7459
11851,0.9797
11852,0.7105
11853,1.2367
11854,0.9755
11855,0.8156
11856,0.8725
11857,0.7789
11858,0.9160
11859,0.8221
11860,0.9257
11861,1.6776
11862,0.4213
11863,1.0025
11864,0.7756
11865,0.7513
11866,0.8883
11867,0.9670
11868,1.4858
11869,0.9302
11870,0.8065
11871,0.8331
11872,0.7600
11873,0.8152
11874,0.8706
11875,0.8557
11876,1.3005
11877,0.9978
11878,0.6832
11879,0.9603
11880,0.7452
11881,0.8907
11882,0.8220
11883,0.8830
11884,0.8224
11885,1.3704
11886,0.8496
11887,0.8500
11888,0.8050
11889,0.9481
11890,0.6778
11891,1.1603
11892,0.9074
11893,0.9014
11894,0.8477
11895,1.1368
11896,0.3912
11897,1.0062
11898,0.8000
11899,1.3191
11900,0.9689
11901,1.0100
11902,0.7842
11903,0.7829
11904,1.0661
11905,0.7456
11906,0.8529
11907,1.1927
11908,0.8771
11909,0.8456
11910,0.8061
11911,0.8778
11912,0.8065
11913,1.2607
11914,1.0691
11915,0.5835
11916,0.9351
11917,0.8492
11918,0.8316
11919,0.8036
11920,1.0193
11921,0.4832
11922,0.8980
11923,1.6490
11924,0.7069
11925,0.8519
11926,0.8289
11927,0.7954
11928,0.8619
11929,0.8470
11930,1.9935
11931,0.1732
11932,0.7772
11933,1.0841
11934,1.1907
11935,0.8610
11936,0.6522
11937,1.3401
11938,0.9292
11939,0.7910
11940,0.9707
11941,0.7479
11942,0.9576
11943,0.8147
11944,0.7975
11945,1.3461
11946,0.9519
11947,0.5921
11948,0.6968
11949,0.8679
11950,0.9761
11951,0.7078
11952,1.2503
11953,1.3167
11954,0.8565
11955,0.8285
11956,0.9605
11957,0.8065
11958,0.7800
11959,0.6850
11960,1.2774
11961,0.9663
11962,0.8483
11963,0.8160
11964,0.9911
11965,0.6230
11966,0.7545
11967,1.4445
11968,0.7838
11969,0.8756
11970,0.9637
11971,1.0927
11972,0.9231
11973,0.8011
11974,0.8797
11975,1.1954
11976,1.2315
11977,1.0034
11978,0.7439
11979,0.7681
11980,0.9672
11981,0.6361
11982,1.1368
11983,0.9973
11984,0.8282
11985,0.9084
11986,0.8514
11987,0.8201
11988,0.8596
11989,1.1927
11990,0.9700
11991,1.1564
11992,0.8689
11993,0.7895
11994,0.8510
11995,0.9949
11996,0.6743
11997,1.1451
11998,0.9048
11999,0.7845
12000,0.9232
12001,0.8203
12002,0.8265
12003,0.8448
12004,0.7648
12005,1.4248
12006,0.7546
12007,1.0378
12008,1.0970
12009,0.8331
12010,0.9090
12011,0.7552
12012,1.2956
12013,1.2825
12014,0.7538
12015,0.7941
12016,0.8919
12017,0.8520
12018,0.8273
12019,1.1752
12020,1.0662
12021,0.6850
12022,0.7748
12023,0.7227
12024,0.8955
12025,1.2252
12026,0.4834
12027,0.7473
12028,1.4349
12029,1.0903
12030,1.5922
12031,0.2185
12032,0.5119
12033,1.0924
12034,2.2227
12035,0.9000
12036,0.1710
12037,0.9743
12038,0.8977
12039,0.9000
12040,0.7499
12041,0.8571
12042,1.3094
12043,0.8413
12044,0.8412
12045,0.9169
12046,0.8825
12047,0.8156
12048,0.8443
12049,1.2550
12050,0.8712
12051,0.8171
12052,0.7829
12053,0.9091
12054,0.8502
12055,0.8775
12056,0.7312
12057,1.2289
12058,0.9255
12059,0.7797
12060,0.8539
12061,0.8514
12062,0.9939
12063,0.7183
12064,1.0074
12065,0.9117
12066,1.0053
12067,0.8834
12068,1.0681
12069,0.8342
12070,0.8648
12071,0.7670
12072,0.7634
12073,1.2261
12074,0.8530
12075,0.9821
12076,0.8648
12077,0.8563
12078,0.8806
12079,0.5582
12080,1.2247
12081,1.3291
12082,0.9323
12083,0.9805
12084,1.3000
12085,0.9750
12086,0.6882
12087,1.3649
12088,0.9574
12089,0.7856
12090,0.8404
12091,0.7760
12092,1.0215
12093,0.6974
12094,1.2378
12095,0.7833
12096,0.8441
12097,0.9087
12098,1.1093
12099,0.5394
12100,0.9052
12101,0.8185
12102,1.4533
12103,0.8613
12104,0.8255
12105,0.8532
12106,0.7879
12107,1.0575
12108,0.6947
12109,0.8180
12110,1.2196
12111,0.8692
12112,0.8326
12113,0.8699
12114,0.8259
12115,1.1655
12116,0.4402
12117,0.7872
12118,1.5960
12119,0.9159
12120,0.7568
12121,1.0256
12122,1.0810
12123,0.8746
12124,0.8208
12125,1.2297
12126,0.8617
12127,0.8253
12128,0.8289
12129,0.9428
12130,0.8028
12131,0.7776
12132,1.4276
12133,0.9095
12134,0.9748
12135,0.8515
12136,0.8343
12137,0.7952
12138,0.9905
12139,0.7662
12140,1.1404
12141,0.8337
12142,0.8392
12143,0.7998
12144,0.8387
12145,0.9412
12146,0.8320
12147,0.7918
12148,1.6217
12149,0.5161
12150,0.8197
12151,0.9185
12152,0.7662
12153,0.9246
12154,0.7490
12155,0.8065
12156,1.6330
12157,0.6943
12158,1.0165
12159,1.0007
12160,1.1149
12161,0.9907
12162,0.5081
12163,1.2639
12164,0.7132
12165,0.8481
12166,1.0831
12167,0.5200
12168,1.1403
12169,0.4971
12170,1.1059
12171,1.3417
12172,1.1634
12173,0.7090
12174,0.7932
12175,0.7777
12176,0.9353
12177,0.8349
12178,1.2264
12179,0.8513
12180,0.7632
12181,0.8031
12182,0.8864
12183,1.3397
12184,0.4556
12185,1.1946
12186,0.6569
12187,0.8797
12188,0.9419
12189,0.8220
12190,0.8579
12191,0.7663
12192,0.7975
12193,0.7878
12194,1.4504
12195,0.9808
12196,0.9894
12197,0.9711
12198,0.8073
12199,0.8869
12200,2.6924
12201,0.7887
12202,0.3376
12203,0.3820
12204,0.8423
12205,1.0059
12206,0.8091
12207,0.7824
12208,1.1963
12209,1.1900
12210,0.9739
12211,0.8603
12212,0.9193
12213,0.7935
12214,0.8313
12215,1.3621
12216,1.0730
12217,0.6056
12218,0.7603
12219,0.9169
12220,0.7777
12221,0.8379
12222,1.1323
12223,1.2442
12224,0.8527
12225,0.8855
12226,0.9463
12227,0.9034
12228,0.7073
12229,0.7958
12230,1.2326
12231,0.8220
12232,0.8179
12233,1.0778
12234,0.6380
12235,0.8400
12236,0.8319
12237,0.8804
12238,1.2057
12239,0.8200
12240,0.8202
12241,0.8195
12242,0.8305
12243,0.9694
12244,0.7586
12245,0.8153
12246,1.3579
12247,0.8487
12248,0.8052
12249,0.8623
12250,1.5918
12251,0.3452
12252,0.7912
12253,1.1711
12254,1.1076
12255,0.8516
12256,0.9175
12257,0.7699
12258,0.9529
12259,0.9296
12260,1.1860
12261,1.1382
12262,0.7963
12263,0.7958
12264,0.8163
12265,0.9360
12266,1.1760
12267,0.6194
12268,1.0684
12269,0.8232
12270,1.0155
12271,0.7407
12272,0.7531
12273,0.9592
12274,0.7942
12275,1.2306
12276,0.8335
12277,0.8181
12278,0.8306
12279,0.8374
12280,0.8445
12281,1.1941
12282,0.6282
12283,1.1830
12284,0.9004
12285,0.8709
12286,0.8167
12287,0.8414
12288,0.9333
12289,0.7432
12290,1.4041
12291,1.1774
12292,0.7612
12293,0.8635
12294,0.8216
12295,0.8319
12296,0.9865
12297,0.7845
12298,0.7872
12299,2.1076
12300,0.4089
12301,0.5845
12302,1.1044
12303,0.7048
12304,0.8909
12305,0.7496
12306,1.3407
12307,0.7549
12308,1.0423
12309,0.5977
12310,0.7971
12311,0.8327
12312,0.8196
12313,1.3995
12314,1.0187
12315,0.9561
12316,0.8908
12317,0.8248
12318,0.7392
12319,0.9182
12320,0.8351
12321,1.1834
12322,0.9300
12323,0.8288
12324,0.9173
12325,0.8617
12326,0.7946
12327,0.8357
12328,1.1644
12329,0.8211
12330,0.9556
12331,0.7647
12332,0.8500
12333,0.9766
12334,0.8678
12335,0.9527
12336,1.0443
12337,0.9687
12338,0.9694
12339,0.9800
12340,0.9072
12341,0.9759
12342,0.7522
12343,1.2272
12344,0.8112
12345,1.0094
12346,0.7147
12347,0.8251
12348,0.8194
12349,0.9389
12350,0.8259
12351,1.4202
12352,0.8675
12353,1.1096
12354,0.9075
12355,0.7786
12356,0.8794
12357,0.8300
12358,1.2176
12359,0.8233
12360,0.7871
12361,0.7979
12362,0.8420
12363,0.8761
12364,0.9087
12365,1.3055
12366,0.8726
12367,0.9216
12368,0.9830
12369,0.8010
12370,0.8501
12371,0.7510
12372,0.8252
12373,0.8582
12374,1.3506
12375,1.0892
12376,0.9546
12377,0.8899
12378,0.9800
12379,0.7719
12380,0.7881
12381,1.2420
12382,0.8796
12383,0.8267
12384,0.9384
12385,0.9167
12386,0.7430
12387,0.7840
12388,1.0134
12389,1.3058
12390,0.7643
12391,0.8349
12392,0.8062
12393,0.8109
12394,0.8229
12395,0.8678
12396,1.2056
12397,0.9192
12398,0.7508
12399,0.8764
12400,0.9957
12401,0.6792
12402,1.6059
12403,0.7181
12404,0.7200
12405,1.3045
12406,0.7652
12407,0.8094
12408,0.8036
12409,1.0113
12410,0.6673
12411,1.3851
12412,1.0155
12413,0.9271
12414,0.7765
12415,0.9677
12416,0.7976
12417,0.8344
12418,1.3090
12419,0.7000
12420,0.9016
12421,0.8512
12422,0.8820
12423,0.8425
12424,0.8581
12425,0.8048
12426,0.7935
12427,1.4063
12428,0.8486
12429,0.8025
12430,0.7746
12431,0.8957
12432,0.8459
12433,0.9364
12434,1.3708
12435,0.7639
12436,0.7653
12437,0.8016
12438,1.0425
12439,0.8559
12440,0.8446
12441,0.8527
12442,1.3242
12443,1.0283
12444,0.6447
12445,0.8178
12446,0.8564
12447,0.8653
12448,1.0134
12449,1.2500
12450,1.0534
12451,0.7486
12452,1.1211
12453,0.8592
12454,1.2402
12455,0.5023
12456,0.6647
12457,1.1825
12458,0.7901
12459,0.8920
12460,0.8279
12461,0.8336
12462,1.0881
12463,0.7046
12464,0.7157
12465,1.3965
12466,0.8247
12467,0.8793
12468,0.7616
12469,1.1301
12470,0.6519
12471,0.8476
12472,1.1647
12473,0.7830
12474,0.8344
12475,0.8435
12476,0.8839
12477,1.1050
12478,0.6673
12479,0.7634
12480,1.3724
12481,0.7781
12482,0.9674
12483,0.7291
12484,0.8318
12485,1.1496
12486,0.9552
12487,1.3956
12488,0.7151
12489,0.7898
12490,0.8320
12491,0.8368
12492,0.9161
12493,0.9273
12494,0.6784
12495,1.2286
12496,1.3640
12497,0.7890
12498,0.8520
12499,0.8335
12500,0.7979
12501,0.8487
12502,1.1968
12503,0.8349
12504,0.9539
12505,0.9021
12506,0.7641
12507,0.8501
12508,0.8018
12509,0.7887
12510,1.1696
12511,0.9474
12512,0.7990
12513,0.8136
12514,0.8318
12515,0.8345
12516,0.8764
12517,0.8630
12518,1.3318
12519,0.8495
12520,0.9883
12521,1.0203
12522,0.5898
12523,0.9834
12524,1.4329
12525,0.7985
12526,0.8376
12527,0.8423
12528,1.0619
12529,0.6499
12530,1.0288
12531,0.8503
12532,1.1775
12533,1.1147
12534,0.8745
12535,0.8100
12536,0.8245
12537,1.2043
12538,0.6770
12539,1.1790
12540,0.8118
12541,0.8784
12542,0.9276
12543,0.7925
12544,0.7760
12545,0.9234
12546,0.8586
12547,1.2136
12548,1.0269
12549,0.7575
12550,0.8183
12551,1.4726
12552,0.3137
12553,1.0864
12554,1.5306
12555,1.0728
12556,0.6468
12557,0.7976
12558,0.8261
12559,0.8318
12560,0.9511
12561,0.8632
12562,1.1465
12563,0.9559
12564,0.8371
12565,0.7546
12566,0.8323
12567,0.7776
12568,0.9099
12569,1.4781
12570,0.7402
12571,0.8844
12572,0.8685
12573,0.8513
12574,0.8843
12575,0.7047
12576,0.8194
12577,1.1995
12578,0.8509
12579,0.8605
12580,0.8139
12581,0.8942
12582,0.7911
12583,1.1725
12584,0.7427
12585,1.1497
12586,1.1246
12587,0.9485
12588,0.6909
12589,0.8093
12590,1.2418
12591,0.7332
12592,1.2425
12593,0.7608
12594,0.8097
12595,0.8057
12596,0.9737
12597,0.9172
12598,0.8901
12599,0.7668
12600,1.1928
12601,0.8239
12602,0.8129
12603,0.8297
12604,0.9743
12605,0.9676
12606,0.6295
12607,0.8595
12608,0.9012
12609,1.3467
12610,0.8370
12611,0.8087
12612,0.8216
12613,1.0701
12614,0.7064
12615,1.1273
12616,0.9059
12617,0.7700
12618,0.9426
12619,0.8539
12620,0.8127
12621,1.2106
12622,0.5269
12623,1.3136
12624,0.9778
12625,0.8384
12626,0.8443
12627,0.9890
12628,1.3221
12629,0.7196
12630,1.3116
12631,0.8135
12632,0.8190
12633,0.8582
12634,0.8297
12635,0.9531
12636,0.8718
12637,1.7699
12638,0.3446
12639,1.1413
12640,0.8935
12641,0.7465
12642,0.8388
12643,0.8113
12644,0.8672
12645,1.1856
12646,1.0180
12647,0.8122
12648,0.8290
12649,0.7312
12650,1.0241
12651,0.6558
12652,0.9691
12653,1.2125
12654,0.6448
12655,0.8780
12656,1.0614
12657,0.7261
12658,0.9620
12659,0.8684
12660,0.7208
12661,1.3496
12662,0.8983
12663,0.8152
12664,1.1255
12665,1.1356
12666,0.8203
12667,0.7406
12668,1.2106
12669,0.8923
12670,0.9825
12671,0.5929
12672,0.8360
12673,1.1078
12674,0.7582
12675,1.2690
12676,1.1415
12677,0.8672
12678,0.7869
12679,0.9759
12680,0.9171
12681,0.8323
12682,0.7271
12683,1.2514
12684,0.8526
12685,0.7028
12686,0.9568
12687,0.9563
12688,0.6338
12689,0.7366
12690,1.3447
12691,0.9588
12692,0.9043
12693,1.0534
12694,0.6360
12695,0.8689
12696,0.9416
12697,0.7969
12698,0.7901
12699,1.4059
12700,0.8173
12701,0.9875
12702,1.1679
12703,1.2145
12704,0.3710
12705,1.4623
12706,0.9068
12707,0.4332
12708,0.9855
12709,0.8239
12710,0.7799
12711,0.8945
12712,0.8606
12713,1.1925
12714,1.7262
12715,0.7920
12716,0.8154
12717,0.7565
12718,0.7599
12719,0.7900
12720,1.2827
12721,0.8256
12722,0.9341
12723,0.9510
12724,0.8579
12725,0.9187
12726,0.8427
12727,1.1294
12728,0.8685
12729,0.7456
12730,0.9624
12731,0.8562
12732,0.7732
12733,1.0621
12734,0.7170
12735,0.7803
12736,1.7723
12737,0.4430
12738,1.0474
12739,1.1322
12740,1.0470
12741,0.7549
12742,1.3479
12743,0.6111
12744,0.8289
12745,0.8616
12746,0.8163
12747,0.9680
12748,0.7195
12749,0.8731
12750,0.8846
12751,1.2004
12752,1.2751
12753,0.8174
12754,0.9415
12755,0.6729
12756,0.8681
12757,1.2336
12758,0.9099
12759,0.8254
12760,0.7950
12761,0.8397
12762,0.8150
12763,0.9525
12764,0.6622
12765,1.4912
12766,1.1684
12767,0.9595
12768,1.1267
12769,0.6472
12770,0.9656
12771,0.5099
12772,1.2362
12773,0.7570
12774,1.1697
12775,1.1549
12776,0.8670
12777,0.7586
12778,1.0941
12779,1.4409
12780,0.7315
12781,0.7921
12782,0.6981
12783,0.8425
12784,0.7170
12785,1.0218
12786,0.6011
12787,1.6894
12788,0.4169
12789,0.8475
12790,0.9597
12791,0.6240
12792,1.1047
12793,0.7740
12794,0.8328
12795,1.5380
12796,0.9784
12797,0.6376
12798,0.8796
12799,0.6900
12800,1.3936
12801,0.3960
12802,0.9028
12803,1.1143
12804,1.0679
12805,1.0110
12806,0.7318
12807,0.9317
12808,0.9114
12809,0.8439
12810,1.1958
12811,1.2720
12812,0.7333
12813,1.0782
12814,0.6103
12815,1.2019
12816,0.5131
12817,0.6715
12818,1.2701
12819,0.8174
12820,0.9582
12821,0.7995
12822,0.7336
12823,0.8801
12824,1.4338
12825,0.8784
12826,1.1576
12827,0.6678
12828,0.8395
12829,0.8075
12830,0.9036
12831,0.8213
12832,0.8189
12833,1.5827
12834,0.8237
12835,0.7637
12836,0.6913
12837,0.7734
12838,1.6133
12839,0.1343
12840,0.8215
12841,1.7549
12842,0.7783
12843,0.8270
12844,0.8795
12845,0.8692
12846,0.7819
12847,0.7095
12848,1.3533
12849,0.9961
12850,0.8128
12851,0.8106
12852,0.7482
12853,1.1636
12854,0.6630
12855,1.0670
12856,0.6828
12857,1.2264
12858,0.9263
12859,1.0456
12860,0.8997
12861,0.6999
12862,1.1656
12863,0.9529
12864,0.9146
12865,1.2829
12866,0.7178
12867,0.6403
12868,0.6521
12869,0.9598
12870,1.4682
12871,0.8138
12872,0.5975
12873,1.3787
12874,0.7749
12875,0.8590
12876,0.8352
12877,1.1514
12878,0.9699
12879,1.2120
12880,0.7654
12881,0.8442
12882,0.9646
12883,0.7340
12884,1.2419
12885,0.9479
12886,0.9070
12887,1.3492
12888,0.3691
12889,0.9814
12890,0.6782
12891,0.8132
12892,1.3304
12893,0.9229
12894,0.7674
12895,0.8975
12896,0.8775
12897,0.8003
12898,0.9913
12899,1.1221
12900,0.8347
12901,0.7517
12902,0.9811
12903,0.7705
12904,0.9501
12905,0.9315
12906,0.8490
12907,1.3027
12908,0.8067
12909,0.8021
12910,0.7790
12911,0.8407
12912,0.8738
12913,0.8202
12914,0.7943
12915,1.5106
12916,1.1487
12917,0.8358
12918,0.8768
12919,0.8345
12920,1.0554
12921,0.8498
12922,1.1084
12923,0.8506
12924,0.8366
12925,0.8257
12926,0.8539
12927,0.8320
12928,0.9951
12929,0.9023
12930,1.1140
12931,1.0117
12932,0.8922
12933,0.7277
12934,0.8099
12935,0.7962
12936,0.8878
12937,1.1727
12938,2.0860
12939,0.3550
12940,0.7007
12941,0.5761
12942,0.8615
12943,0.9277
12944,0.7849
12945,1.3768
12946,1.0029
12947,0.8199
12948,0.7961
12949,0.8566
12950,0.9465
12951,0.7615
12952,1.2345
12953,0.8200
12954,0.7519
12955,1.1455
12956,0.6776
12957,0.7616
12958,0.9832
12959,0.7849
12960,1.1504
12961,0.8938
12962,0.8631
12963,0.8729
12964,0.8365
12965,0.8363
12966,0.8200
12967,0.8931
12968,1.2031
12969,1.2909
12970,0.8996
12971,1.8868
12972,0.3960
12973,0.4348
12974,1.3640
12975,1.1101
12976,0.7867
12977,0.9671
12978,0.8175
12979,0.7714
12980,1.1009
12981,0.6340
12982,1.2315
12983,1.1296
12984,1.0496
12985,0.8764
12986,0.8330
12987,1.6690
12988,0.3411
12989,0.4214
12990,1.3330
12991,1.0188
12992,0.8005
12993,0.8677
12994,0.8519
12995,1.1251
12996,0.7956
12997,1.2052
12998,0.7338
12999,0.8350
13000,0.8354
13001,0.8142
13002,1.0540
13003,0.6804
13004,1.1404
13005,0.6826
13006,1.2732
13007,0.9893
13008,0.7652
13009,0.8097
13010,0.8871
13011,0.7852
13012,1.2345
13013,0.8708
13014,0.8943
13015,0.8090
13016,0.8425
13017,0.9503
13018,0.8073
13019,0.8298
13020,0.7810
13021,1.3240
13022,1.4235
13023,0.4764
13024,0.8515
13025,0.8645
13026,0.7633
13027,1.3781
13028,1.1512
13029,0.8595
13030,0.8070
13031,0.7673
13032,1.0783
13033,0.6491
13034,1.3427
13035,1.2555
13036,0.8150
13037,0.7622
13038,0.9369
13039,0.9371
13040,0.9010
13041,0.6690
13042,1.6244
13043,0.5520
13044,0.7030
13045,0.8084
13046,1.1931
13047,0.6426
13048,0.6937
13049,0.9293
13050,1.1616
13051,0.8403
13052,0.9066
13053,0.7997
13054,0.8120
13055,2.0503
13056,0.4677
13057,0.7582
13058,1.2394
13059,0.7621
13060,0.8948
13061,0.8893
13062,0.4781
13063,0.8615
13064,0.8809
13065,1.1924
13066,0.8198
13067,1.3352
13068,0.5490
13069,0.9520
13070,0.7437
13071,1.0200
13072,0.6613
13073,1.4028
13074,1.2118
13075,0.9529
13076,0.8300
13077,0.7586
13078,0.8438
13079,0.8177
13080,1.3285
13081,0.6671
13082,0.8204
13083,0.9526
13084,0.9446
13085,0.6795
13086,0.9260
13087,1.3295
13088,0.6861
13089,1.5309
13090,0.4542
13091,0.6405
13092,1.1157
13093,0.8898
13094,0.8180
13095,0.8921
13096,1.1817
13097,1.2191
13098,0.9320
13099,1.2606
13100,0.3891
13101,0.8749
13102,1.4310
13103,1.0581
13104,0.7229
13105,0.9274
13106,1.7234
13107,0.5113
13108,0.3865
13109,0.8630
13110,0.7778
13111,1.3825
13112,1.2916
13113,0.8079
13114,0.8097
13115,0.8329
13116,0.8263
13117,1.1772
13118,0.8456
13119,0.7656
13120,0.8712
13121,0.8322
13122,1.1396
13123,1.0456
13124,0.8046
13125,1.5472
13126,0.6316
13127,0.8354
13128,0.6901
13129,0.8010
13130,0.9850
13131,1.0696
13132,1.0525
13133,0.7393
13134,0.9390
13135,1.0037
13136,0.7977
13137,1.0627
13138,0.6144
13139,0.9702
13140,1.1272
13141,0.7511
13142,0.8069
13143,0.8662
13144,1.7368
13145,0.9296
13146,0.4293
13147,0.7544
13148,2.2541
13149,0.5112
13150,0.8930
13151,0.8816
13152,0.5467
13153,0.7984
13154,1.2029
13155,0.8955
13156,0.9348
13157,0.8443
13158,0.6995
13159,1.0966
13160,0.5679
13161,1.1999
13162,1.3134
13163,0.8366
13164,0.8323
13165,0.8828
13166,0.8757
13167,0.8152
13168,1.1700
13169,0.8000
13170,0.8222
13171,0.9383
13172,0.7450
13173,1.0133
13174,0.8022
13175,0.7045
13176,1.2314
13177,0.9649
13178,1.0016
13179,0.9899
13180,0.9199
13181,1.0138
13182,1.2218
13183,0.6416
13184,0.7925
13185,1.4768
13186,0.8376
13187,0.7676
13188,0.7950
13189,1.3009
13190,0.3653
13191,1.3682
13192,0.8185
13193,0.8844
13194,0.7647
13195,0.8346
13196,0.7730
13197,0.8718
13198,0.8133
13199,1.3539
13200,0.9665
13201,0.7328
13202,0.8247
13203,0.8991
13204,1.1944
13205,0.4187
13206,0.8251
13207,1.4229
13208,0.7336
13209,0.9300
13210,0.7924
13211,0.7677
13212,0.8943
13213,0.8002
13214,1.2278
13215,1.2263
13216,0.7595
13217,0.9019
13218,0.7796
13219,1.1004
13220,0.7062
13221,1.2883
13222,0.8290
13223,0.8199
13224,0.8966
13225,0.9294
13226,0.7806
13227,0.7941
13228,0.9232
13229,1.1246
13230,1.1565
13231,0.5784
13232,0.7858
13233,0.8130
13234,0.8697
13235,0.7902
13236,0.8717
13237,1.5866
13238,0.6858
13239,0.8924
13240,0.9394
13241,0.7294
13242,0.8302
13243,0.9599
13244,1.3676
13245,0.7857
13246,0.7759
13247,0.8299
13248,1.0056
13249,0.7334
13250,0.7961
13251,0.9003
13252,1.1613
13253,1.2004
13254,0.8134
13255,0.8335
13256,1.0419
13257,1.3775
13258,1.5510
13259,0.8998
13260,0.3982
13261,0.8292
13262,0.8434
13263,0.9763
13264,0.7191
13265,0.9241
13266,0.8473
13267,1.1869
13268,0.8049
13269,0.9295
13270,0.8321
13271,0.8914
13272,0.8794
13273,1.2991
13274,1.5109
13275,0.3658
13276,0.5636
13277,1.0445
13278,1.1580
13279,0.9973
13280,0.6655
13281,1.6153
13282,0.6389
13283,0.7976
13284,0.8085
13285,0.8119
13286,0.9568
13287,0.7662
13288,0.8458
13289,1.0370
13290,1.1994
13291,1.0227
13292,0.8402
13293,0.8181
13294,0.9618
13295,0.7796
13296,1.2015
13297,0.7909
13298,0.8448
13299,0.8316
13300,0.8967
13301,0.7577
13302,0.8619
13303,1.4856
13304,0.6200
13305,0.9234
13306,0.9042
13307,0.9496
13308,1.1462
13309,0.4797
13310,0.9542
13311,1.3964
13312,0.7445
13313,0.7659
13314,1.1482
13315,1.0709
13316,0.8041
13317,0.9259
13318,0.7724
13319,1.3390
13320,0.7432
13321,0.8488
13322,0.9117
13323,0.7871
13324,1.0489
13325,0.6318
13326,1.4594
13327,1.0999
13328,0.8371
13329,0.9243
13330,0.8632
13331,0.8636
13332,0.8302
13333,1.3080
13334,0.8424
13335,0.8422
13336,0.8581
13337,0.8528
13338,0.7979
13339,0.8742
13340,0.8369
13341,1.4061
13342,0.8063
13343,0.8896
13344,0.7927
13345,0.8289
13346,0.8772
13347,0.7811
13348,0.8369
13349,1.2818
13350,0.7844
13351,1.0676
13352,0.8278
13353,0.8651
13354,0.9746
13355,0.8259
13356,1.1986
13357,1.1362
13358,0.4820
13359,0.8556
13360,0.8723
13361,0.8083
13362,1.0414
13363,1.0928
13364,1.3136
13365,0.8054
13366,0.8413
13367,0.7244
13368,0.9441
13369,1.0054
13370,0.6637
13371,1.4095
13372,0.7907
13373,2.0303
13374,0.2422
13375,0.2222
13376,0.9440
13377,0.9384
13378,1.0341
13379,1.3064
13380,0.8480
13381,0.8012
13382,0.8970
13383,0.8369
13384,0.9079
13385,0.7053
13386,1.8609
13387,0.3624
13388,1.0906
13389,1.0113
13390,0.8733
13391,0.8897
13392,1.2047
13393,1.2137
13394,0.9356
13395,0.7644
13396,0.8506
13397,0.8412
13398,0.8233
13399,0.9774
13400,0.7704
13401,1.2172
13402,0.8194
13403,0.8756
13404,0.7967
13405,0.8278
13406,0.9336
13407,0.8866
13408,1.1329
13409,0.7662
13410,0.8716
13411,0.8524
13412,0.8065
13413,0.8617
13414,0.9172
13415,0.7928
13416,0.8061
13417,1.3583
13418,0.8965
13419,0.7642
13420,0.7849
13421,0.9547
13422,0.8079
13423,0.8469
13424,1.5376
13425,0.7180
13426,1.0942
13427,0.9191
13428,0.9441
13429,0.7767
13430,0.8311
13431,1.4191
13432,1.0087
13433,0.6190
13434,0.8372
13435,0.8417
13436,0.8046
13437,0.8709
13438,1.4624
13439,0.5791
13440,0.9019
13441,0.9000
13442,0.8089
13443,1.0799
13444,0.7753
13445,0.7712
13446,1.0950
13447,0.9352
13448,0.9262
13449,0.8558
13450,0.8191
13451,0.8634
13452,0.8794
13453,1.4788
13454,1.1383
13455,0.8903
13456,0.8398
13457,0.7933
13458,0.8778
13459,0.7942
13460,1.0200
13461,1.2913
13462,1.1571
13463,0.7768
13464,0.8581
13465,0.8604
13466,0.9177
13467,0.8341
13468,1.2156
13469,1.2001
13470,0.7647
13471,0.9803
13472,0.9991
13473,0.8898
13474,0.6922
13475,1.3682
13476,0.8642
13477,0.7551
13478,0.9670
13479,0.6891
13480,1.0646
13481,1.2451
13482,0.2808
13483,1.5126
13484,0.7523
13485,0.8397
13486,0.8495
13487,0.7859
13488,0.8499
13489,0.8539
13490,1.2507
13491,0.9805
13492,0.8347
13493,0.8070
13494,0.7674
13495,0.8455
13496,0.8527
13497,0.9189
13498,1.5639
13499,1.3684
13500,0.6456
13501,0.6831
13502,0.8738
13503,0.7421
13504,0.7783
13505,0.7911
13506,1.3494
13507,0.8021
13508,1.1386
13509,0.6445
13510,0.8496
13511,0.8826
13512,0.9387
13513,1.1161
13514,0.8884
13515,0.8140
13516,0.8424
13517,0.8820
13518,0.7562
13519,0.8921
13520,0.8086
13521,1.2421
13522,1.3086
13523,1.0220
13524,0.9116
13525,1.0974
13526,0.7463
13527,0.9629
13528,1.1291
13529,0.7510
13530,0.7207
13531,0.9091
13532,0.8418
13533,1.1776
13534,0.5769
13535,1.3158
13536,1.1897
13537,0.8038
13538,0.8505
13539,0.9292
13540,0.7354
13541,0.9771
13542,0.7710
13543,1.3162
13544,1.3133
13545,0.5605
13546,1.3826
13547,0.2861
13548,0.9337
13549,0.7659
13550,1.1752
13551,0.8739
13552,0.8041
13553,1.2070
13554,0.6477
13555,0.8637
13556,1.0085
13557,0.5226
13558,0.8564
13559,1.2956
13560,1.4320
13561,0.2669
13562,0.8243
13563,0.8792
13564,0.8962
13565,0.8105
13566,1.2345
13567,0.7749
13568,0.8427
13569,0.8657
13570,0.8755
13571,0.7709
13572,1.0549
13573,1.3522
13574,0.8298
13575,0.8054
13576,1.0117
13577,0.9032
13578,0.6276
13579,0.8582
13580,0.8606
13581,1.2502
13582,0.8379
13583,0.8159
13584,0.8246
13585,0.8963
13586,0.8547
13587,0.8375
13588,0.8084
13589,1.2198
13590,0.8728
13591,0.8869
13592,0.8522
13593,0.7790
13594,1.1242
13595,0.6286
13596,0.8495
13597,1.3391
13598,0.8049
13599,0.9305
13600,0.8199
13601,0.8002
13602,1.2996
13603,0.3950
13604,1.0153
13605,1.0445
13606,0.9173
13607,0.8495
13608,0.7031
13609,1.1074
13610,1.1118
13611,1.8741
13612,0.6107
13613,0.6373
13614,0.7736
13615,0.8946
13616,0.9417
13617,0.6729
13618,1.0403
13619,1.2211
13620,0.6942
13621,0.8566
13622,0.8200
13623,0.9069
13624,1.0366
13625,0.6859
13626,0.9441
13627,1.1038
13628,0.8644
13629,0.8717
13630,0.7688
13631,0.9274
13632,0.7781
13633,0.9037
13634,1.2244
13635,1.2122
13636,1.0648
13637,0.7594
13638,0.8875
13639,0.8794
13640,0.9019
13641,1.1771
13642,0.8537
13643,0.8258
13644,1.3541
13645,0.3944
13646,9.3174
13647,0.4926
13648,0.8293
13649,0.8421
13650,1.1809
13651,0.6346
13652,0.8304
13653,3.1887
13654,0.5651
13655,0.3844
13656,0.7609
13657,1.1134
13658,1.7774
13659,0.4115
13660,10.0475
13661,0.4411
13662,0.4484
13663,0.9488
13664,0.7735
13665,0.7641
13666,0.9001
13667,1.1469
13668,0.4143
13669,1.3302
13670,1.4663
13671,0.5048
13672,0.7985
13673,0.9297
13674,1.2824
13675,1.0031
13676,0.9785
13677,0.8837
13678,0.5193
13679,0.8337
13680,0.8404
13681,0.8952
13682,0.8037
13683,1.3526
13684,0.7552
13685,0.9037
13686,0.6542
13687,0.8068
13688,0.9053
13689,0.9296
13690,0.7705
13691,1.2439
13692,0.7298
13693,1.3906
13694,0.2002
13695,1.0115
13696,0.6509
13697,0.7809
13698,1.0089
13699,1.3001
13700,0.7574
13701,0.9145
13702,0.8306
13703,0.7765
13704,0.9233
13705,0.8950
13706,0.8109
13707,1.2545
13708,1.0079
13709,0.6541
13710,0.8807
13711,1.3439
13712,0.4024
13713,1.0445
13714,1.0215
13715,0.8961
13716,0.8569
13717,0.8323
13718,0.9102
13719,1.0437
13720,0.5536
13721,0.8374
13722,1.4068
13723,0.8069
13724,0.9472
13725,0.7549
13726,0.8668
13727,1.0046
13728,1.2925
13729,0.2430
13730,1.2352
13731,0.7626
13732,0.8302
13733,0.8309
13734,0.8777
13735,0.9074
13736,1.0429
13737,1.3129
13738,0.8719
13739,0.9212
13740,0.7162
13741,0.8845
13742,0.8306
13743,0.7986
13744,0.9235
13745,1.2671
13746,0.7089
13747,0.8584
13748,0.9856
13749,0.6830
13750,1.0653
13751,0.7649
13752,0.8763
13753,1.2355
13754,0.6899
13755,0.8091
13756,0.9013
13757,0.8579
13758,1.3303
13759,0.3390
13760,0.8124
13761,1.3671
13762,0.8100
13763,0.8395
13764,0.8454
13765,0.8385
13766,0.8499
13767,1.0404
13768,1.2041
13769,0.9378
13770,0.6405
13771,0.8128
13772,1.2928
13773,0.6840
13774,1.0413
13775,1.4743
13776,0.9893
13777,1.3042
13778,0.5973
13779,0.7142
13780,1.1691
13781,0.4627
13782,1.2662
13783,0.8168
13784,0.8294
13785,0.8264
13786,0.8286
13787,0.9284
13788,0.8011
13789,1.3891
13790,0.8286
13791,0.8243
13792,0.8245
13793,0.8620
13794,0.8050
13795,0.8352
13796,0.9144
13797,0.8514
13798,1.3484
13799,0.7837
13800,0.8434
13801,0.8298
13802,0.7982
13803,1.0363
13804,0.8275
13805,1.1613
13806,0.9821
13807,0.6622
13808,0.8800
13809,0.8437
13810,1.7062
13811,0.4982
13812,1.1130
13813,1.1973
13814,0.9115
13815,0.7982
13816,0.8209
13817,0.8914
13818,0.7973
13819,0.8517
13820,1.2086
13821,0.7921
13822,0.9355
13823,0.7625
13824,0.8433
13825,0.8478
13826,0.9430
13827,0.7815
13828,1.3976
13829,0.8383
13830,0.7225
13831,0.8452
13832,0.9066
13833,0.8856
13834,0.7705
13835,1.2653
13836,0.8404
13837,0.8497
13838,0.8545
13839,0.8373
13840,0.8758
13841,0.9459
13842,1.2912
13843,0.7436
13844,0.8516
13845,0.8586
13846,0.8274
13847,1.0207
13848,1.1539
13849,0.9353
13850,0.8467
13851,1.3575
13852,0.7751
13853,0.9161
13854,0.7478
13855,1.0053
13856,0.8245
13857,0.8105
13858,1.3248
13859,0.7735
13860,1.1998
13861,0.4404
13862,0.9000
13863,0.9409
13864,0.7899
13865,1.2123
13866,1.2139
13867,0.8862
13868,0.7599
13869,0.9038
13870,0.8698
13871,0.8450
13872,0.8287
13873,1.2901
13874,0.7209
13875,0.9253
13876,0.9371
13877,0.7321
13878,1.0404
13879,0.6899
13880,1.4233
13881,0.6788
13882,0.8618
13883,0.7315
13884,1.0917
13885,0.8038
13886,0.9222
13887,0.9008
13888,0.7746
13889,1.4213
13890,0.9834
13891,0.8054
13892,0.8254
13893,1.1768
13894,0.7606
13895,1.0035
13896,0.8229
13897,0.8450
13898,0.9283
13899,0.8597
13900,0.8535
13901,0.7595
13902,1.0049
13903,1.1577
13904,1.2040
13905,0.8262
13906,0.7804
13907,0.8803
13908,0.8694
13909,0.8059
13910,1.2562
13911,1.2459
13912,0.4294
13913,0.8831
13914,0.8597
13915,0.8666
13916,0.8038
13917,0.8579
13918,1.4379
13919,1.0040
13920,0.8310
13921,0.9008
13922,1.1249
13923,0.9721
13924,0.9509
13925,1.1594
13926,0.8539
13927,0.8599
13928,1.1153
13929,0.5630
13930,0.8561
13931,1.4622
13932,15.4067
13933,0.4668
13934,0.2780
13935,2.9831
13936,0.1990
13937,3.2026
13938,0.7728
13939,0.3761
13940,1.1487
13941,0.7758
13942,1.2123
13943,0.7861
13944,1.3789
13945,1.4597
13946,1.0344
13947,0.8993
13948,1.3211
13949,0.9160
13950,1.2483
13951,1.0437
13952,1.0651
13953,1.1419
13954,0.9957
13955,1.0984
13956,1.5110
13957,1.6993
13958,1.1403
13959,1.0019
13960,3.3059
13961,0.1359
13962,1.1001
13963,1.0271
13964,1.1459
13965,1.8129
13966,0.1988
13967,0.9274
13968,1.6654
13969,1.1474
13970,0.9194
13971,1.0119
13972,1.0314
13973,0.9698
13974,1.4243
13975,0.9367
13976,1.0383
13977,1.1107
13978,0.9267
13979,1.1795
13980,1.5116
13981,0.9965
13982,1.0113
13983,1.1349
13984,1.4208
13985,0.7279
13986,1.2611
13987,0.9458
13988,1.1922
13989,0.7180
13990,0.9294
13991,0.9956
13992,1.1280
13993,1.4641
13994,1.1797
13995,0.9667
13996,0.8399
13997,1.1167
13998,0.9016
13999,1.0627
14000,1.5133
14001,1.0124
14002,0.9676
14003,1.0180
14004,1.0445
14005,1.5036
14006,0.9816
14007,0.8799
14008,1.1569
14009,1.0496
14010,0.9662
14011,1.0931
14012,1.5677
14013,0.9828
14014,1.0097
14015,1.0765
14016,1.1198
14017,0.8828
14018,1.4674
14019,1.1752
14020,1.0405
14021,1.2254
14022,0.8501
14023,1.0203
14024,1.4244
14025,1.0986
14026,0.8733
14027,1.0288
14028,1.0198
14029,0.8590
14030,1.0721
14031,1.6090
14032,1.0447
14033,0.9075
14034,0.9512
14035,1.3138
14036,0.6743
14037,1.3050
14038,0.9818
14039,0.9760
14040,1.0616
14041,0.9798
14042,1.5026
14043,0.7755
14044,1.1929
14045,0.9186
14046,1.0245
14047,1.0355
14048,0.9843
14049,0.9176
14050,1.4605
14051,1.1916
14052,0.7676
14053,1.0049
14054,1.0103
14055,1.0287
14056,0.8876
14057,1.3135
14058,1.3140
14059,1.1760
14060,0.8856
14061,1.1088
14062,0.7858
14063,1.4694
14064,1.0713
14065,0.9113
14066,0.9410
14067,1.1075
14068,0.9574
14069,0.9690
14070,1.8872
14071,1.0005
14072,0.9102
14073,1.0489
14074,1.0480
14075,0.7964
14076,1.5466
14077,0.8767
14078,0.8872
14079,1.0902
14080,0.9735
14081,0.9554
14082,0.9935
14083,1.4236
14084,1.1322
14085,1.1823
14086,0.8844
14087,0.8924
14088,0.8478
14089,1.4075
14090,1.2807
14091,0.9441
14092,0.8551
14093,1.0192
14094,1.1006
14095,0.8389
14096,1.4808
14097,0.7985
14098,0.9135
14099,1.1692
14100,1.0104
14101,0.9483
14102,1.3388
14103,0.8783
14104,1.0167
14105,1.0726
14106,1.0267
14107,1.1236
14108,0.9240
14109,1.7071
14110,1.0173
14111,1.0097
14112,1.0332
14113,1.1425
14114,0.8335
14115,1.3843
14116,1.0406
14117,0.9268
14118,1.0750
14119,1.0050
14120,0.9761
14121,1.0338
14122,1.4474
14123,1.2736
14124,1.0401
14125,1.0029
14126,1.2518
14127,1.3934
14128,0.6990
14129,0.8419
14130,0.9798
14131,0.9225
14132,1.1306
14133,0.9267
14134,0.9941
14135,1.5594
14136,1.2153
14137,1.0242
14138,0.8430
14139,0.8992
14140,1.8180
14141,0.5519
14142,1.1485
14143,0.7186
14144,1.0069
14145,0.9713
14146,1.1435
14147,0.6486
14148,1.3045
14149,1.1148
14150,1.1639
14151,1.4671
14152,0.8489
14153,1.0518
14154,0.8710
14155,1.4204
14156,1.3821
14157,0.8469
14158,0.8913
14159,1.0519
14160,0.9036
14161,1.4044
14162,0.9794
14163,1.2673
14164,0.8404
14165,1.1454
14166,0.7641
14167,1.2640
14168,1.3406
14169,0.9476
14170,2.5998
14171,0.2928
14172,0.3725
14173,0.6552
14174,1.4859
14175,0.9566
14176,1.1384
14177,0.8678
14178,1.0502
14179,0.9328
14180,1.2905
14181,1.0883
14182,0.9872
14183,0.9264
14184,0.8848
14185,1.2776
14186,0.6913
14187,1.3808
14188,1.5092
14189,1.0033
14190,0.9328
14191,1.1724
14192,0.7420
14193,1.3681
14194,0.8374
14195,0.9729
14196,1.1005
14197,0.8754
14198,1.0598
14199,0.9774
14200,1.5501
14201,0.9918
14202,1.1221
14203,0.8991
14204,1.0447
14205,0.8861
14206,1.3329
14207,1.1206
14208,1.0370
14209,1.0351
14210,1.0301
14211,0.9373
14212,1.0207
14213,1.4576
14214,1.5924
14215,0.5892
14216,1.1053
14217,1.1301
14218,0.7894
14219,1.3933
14220,0.9097
14221,0.9410
14222,0.8454
14223,1.1280
14224,0.9514
14225,1.0370
14226,1.5380
14227,1.3102
14228,1.7143
14229,0.8100
14230,0.8659
14231,0.4340
14232,1.3586
14233,1.3039
14234,1.0478
14235,1.0744
14236,1.0532
14237,0.8944
14238,1.3952
14239,0.8897
14240,0.9746
14241,0.8757
14242,0.8676
14243,1.1690
14244,0.9455
14245,1.3652
14246,1.2337
14247,0.9960
14248,0.9194
14249,0.9899
14250,1.4564
14251,0.7665
14252,0.9836
14253,1.0713
14254,0.9659
14255,1.0541
14256,1.2539
14257,1.5819
14258,0.6772
14259,1.0659
14260,0.8070
14261,1.0723
14262,0.8854
14263,1.0273
14264,0.9245
14265,1.4204
14266,1.8250
14267,0.8506
14268,0.8100
14269,1.0576
14270,0.8220
14271,1.3878
14272,1.0681
14273,0.8730
14274,1.0956
14275,1.1668
14276,0.9111
14277,0.8634
14278,1.4283
14279,0.9882
14280,0.8789
14281,1.1048
14282,1.2429
14283,0.7864
14284,1.2978
14285,1.0651
14286,1.1223
14287,0.8254
14288,0.8533
14289,0.8784
14290,0.9271
14291,1.3915
14292,0.9584
14293,0.9767
14294,0.9499
14295,0.9214
14296,0.9416
14297,1.3211
14298,0.9675
14299,0.9726
14300,0.9291
14301,0.9193
14302,0.9610
14303,0.9702
14304,1.2491
14305,1.2413
14306,1.1921
14307,1.0116
14308,1.1105
14309,0.9024
14310,0.9478
14311,1.5943
14312,1.4344
14313,0.5757
14314,0.9261
14315,1.5041
14316,1.2890
14317,0.8011
14318,0.8642
14319,0.7782
14320,0.8425
14321,0.8781
14322,1.1700
14323,0.8419
14324,1.5542
14325,0.9957
14326,0.8482
14327,1.1032
14328,0.9733
14329,1.0013
14330,0.9482
14331,1.2832
14332,1.1701
14333,0.8525
14334,1.0938
14335,0.8934
14336,0.8992
14337,1.2714
14338,1.1239
14339,1.0312
14340,0.9758
14341,1.0644
14342,1.0337
14343,1.0557
14344,1.4232
14345,1.5690
14346,1.1151
14347,1.0128
14348,0.9893
14349,0.9227
14350,1.2807
14351,0.9833
14352,0.9401
14353,1.0362
14354,1.0094
14355,0.9247
14356,0.9758
14357,1.4421
14358,1.0748
14359,1.5114
14360,0.4807
14361,1.1106
14362,0.8497
14363,1.5056
14364,0.8705
14365,0.8931
14366,1.0032
14367,0.9979
14368,1.1803
14369,0.7455
14370,1.4047
14371,1.1848
14372,1.0346
14373,0.9288
14374,1.2557
14375,1.4556
14376,0.6175
14377,0.9977
14378,0.9095
14379,0.9168
14380,1.0230
14381,0.9473
14382,0.8291
14383,1.3240
14384,1.3194
14385,1.1000
14386,0.9690
14387,1.0491
14388,1.0087
14389,1.0555
14390,1.2233
14391,1.2518
14392,0.8707
14393,0.8645
14394,0.8964
14395,1.0926
14396,1.2922
14397,0.8725
14398,0.8794
14399,0.9829
14400,0.9754
14401,0.8263
14402,1.0570
14403,1.6798
14404,0.8220
14405,0.7989
14406,1.1287
14407,0.8916
14408,0.9322
14409,1.0061
14410,1.2793
14411,0.9651
14412,0.9402
14413,1.0012
14414,1.0359
14415,1.0118
14416,1.1545
14417,1.3046
14418,1.0975
14419,0.9396
14420,0.8763
14421,1.0523
14422,1.1257
14423,1.1801
14424,1.5818
14425,1.0494
14426,0.8898
14427,1.3311
14428,0.7276
14429,1.3750
14430,1.0249
14431,1.1748
14432,0.7156
14433,1.3178
14434,1.0250
14435,0.6846
14436,0.8728
14437,1.4558
14438,0.9883
14439,0.8092
14440,0.9350
14441,0.9705
14442,0.9149
14443,1.4357
14444,0.8541
14445,0.9438
14446,1.0404
14447,0.8991
14448,0.9324
14449,1.4475
14450,0.8941
14451,1.2376
14452,1.0154
14453,1.0275
14454,1.0321
14455,0.9436
14456,1.3781
14457,0.7550
14458,0.9706
14459,0.8952
14460,1.0801
14461,1.1456
14462,0.7796
14463,1.6156
14464,0.8098
14465,1.0383
14466,1.2342
14467,1.1256
14468,0.9068
14469,0.9651
14470,1.2970
14471,1.3938
14472,0.8556
14473,1.0202
14474,0.8394
14475,1.0190
14476,1.4516
14477,0.7624
14478,0.9914
14479,1.0316
14480,0.9932
14481,0.9559
14482,1.3595
14483,1.2373
14484,1.0152
14485,0.9272
14486,1.0013
14487,1.0785
14488,0.8767
14489,1.3064
14490,0.9928
14491,0.9285
14492,1.3144
14493,0.7632
14494,1.0352
14495,0.8272
14496,1.2441
14497,0.9037
14498,1.0250
14499,0.8742
14500,0.9424
14501,0.9061
14502,1.1557
14503,1.1509
14504,1.5078
14505,1.1078
14506,0.9149
14507,1.8407
14508,0.1945
14509,0.7771
14510,1.4296
14511,0.8607
14512,0.8229
14513,0.9693
14514,1.2407
14515,0.7379
14516,1.3855
14517,0.8468
14518,0.9793
14519,1.0402
14520,0.9140
14521,0.8796
14522,1.0081
14523,1.3001
14524,0.8620
14525,0.9997
14526,0.9365
14527,0.7802
14528,0.9647
14529,1.0784
14530,1.4876
14531,0.9227
14532,0.9180
14533,0.7871
14534,1.1004
14535,0.9348
14536,1.4403
14537,0.9024
14538,1.0343
14539,0.9939
14540,1.0196
14541,1.0975
14542,0.8713
14543,1.2871
14544,1.1155
14545,1.1059
14546,1.2059
14547,1.0460
14548,0.9614
14549,0.9530
14550,1.4295
14551,1.0825
14552,1.2246
14553,0.6169
14554,0.9529
14555,1.0078
14556,1.3420
14557,0.9139
14558,0.8705
14559,0.8733
14560,0.9010
14561,1.1202
14562,0.9989
14563,1.3026
14564,1.2676
14565,0.9027
14566,1.0260
14567,0.9083
14568,0.9910
14569,0.9053
14570,1.2979
14571,0.9397
14572,0.8838
14573,1.1446
14574,0.8336
14575,0.9048
14576,1.0091
14577,1.3797
14578,0.8461
14579,1.0588
14580,1.0424
14581,0.9079
14582,1.3048
14583,0.7003
14584,1.7498
14585,0.8787
14586,0.8777
14587,0.9756
14588,0.9331
14589,0.9335
14590,1.6366
14591,0.7685
14592,0.9271
14593,1.0040
14594,1.0566
14595,0.8992
14596,0.9626
14597,1.5072
14598,2.5455
14599,1.4582
14600,0.5946
14601,0.3207
14602,0.4578
14603,1.2521
14604,1.0361
14605,0.9540
14606,0.8447
14607,0.7826
14608,0.9736
14609,0.9998
14610,1.4225
14611,1.2790
14612,1.0964
14613,0.8359
14614,0.7370
14615,1.0654
14616,1.3003
14617,0.9005
14618,0.8865
14619,1.0193
14620,1.1285
14621,0.9607
14622,0.8167
14623,1.3515
14624,1.1040
14625,1.1374
14626,1.1003
14627,1.3009
14628,0.8625
14629,0.9840
14630,1.2218
14631,1.0555
14632,1.0362
14633,0.8921
14634,1.0814
14635,0.9829
14636,1.2022
14637,0.8666
14638,0.9294
14639,1.3763
14640,0.6806
14641,1.1147
14642,1.4334
14643,1.0952
14644,0.7387
14645,1.0999
14646,1.0241
14647,0.9431
14648,1.0493
14649,1.3111
14650,0.8628
14651,1.4180
14652,0.5336
14653,1.0210
14654,1.1841
14655,0.7528
14656,1.4816
14657,0.7774
14658,0.8166
14659,1.0122
14660,1.1000
14661,0.8561
14662,1.0032
14663,1.6614
14664,1.2358
14665,1.0039
14666,1.0693
14667,1.1509
14668,0.9009
14669,1.1556
14670,0.8684
14671,0.9916
14672,1.1925
14673,0.8095
14674,0.9942
14675,0.7719
14676,1.4738
14677,1.1001
14678,0.9407
14679,0.8640
14680,1.0120
14681,0.9011
14682,0.9657
14683,1.3606
14684,0.9812
14685,0.9804
14686,0.9247
14687,1.8138
14688,0.2463
14689,0.8165
14690,1.4311
14691,1.0728
14692,1.0657
14693,0.9047
14694,1.2164
14695,0.7378
14696,1.5599
14697,0.9504
14698,0.7447
14699,0.9864
14700,0.8271
14701,0.9091
14702,1.2815
14703,1.1260
14704,1.2065
14705,1.0270
14706,0.9457
14707,0.8434
14708,0.9027
14709,0.9251
14710,1.4441
14711,0.8345
14712,0.9741
14713,0.8698
14714,1.0221
14715,0.9915
14716,1.4842
14717,0.9449
14718,1.0505
14719,0.9088
14720,0.8445
14721,1.1165
14722,0.9278
14723,1.2714
14724,1.2941
14725,1.1952
14726,0.8336
14727,1.0327
14728,0.9252
14729,1.0677
14730,1.2795
14731,1.7153
14732,0.4023
14733,0.7893
14734,0.8686
14735,1.0466
14736,0.9761
14737,1.2863
14738,0.7834
14739,1.0084
14740,0.8736
14741,1.0184
14742,1.5730
14743,0.4743
14744,1.8284
14745,0.9947
14746,1.5563
14747,0.2727
14748,0.9695
14749,0.9234
14750,1.3714
14751,1.0158
14752,0.8004
14753,0.9957
14754,0.9588
14755,1.0976
14756,0.8135
14757,1.3929
14758,1.2941
14759,0.9397
14760,2.0093
14761,0.2358
14762,0.5578
14763,1.8295
14764,0.3638
14765,0.8595
14766,1.0273
14767,1.1237
14768,1.0795
14769,0.6871
14770,1.3935
14771,1.2109
14772,1.0629
14773,0.9723
14774,1.1176
14775,1.4393
14776,1.0220
14777,0.7319
14778,0.8466
14779,1.0302
14780,0.8678
14781,1.0560
14782,1.0457
14783,1.2162
14784,1.1084
14785,1.1467
14786,1.0761
14787,1.0887
14788,1.1859
14789,0.6444
14790,0.9325
14791,1.5399
14792,0.9220
14793,0.9202
14794,0.9104
14795,0.9686
14796,1.2888
14797,0.9187
14798,0.8737
14799,0.8860
14800,1.0843
14801,0.9153
14802,0.9216
14803,1.0877
14804,1.1765
14805,1.5677
14806,0.8585
14807,0.6774
14808,1.1185
14809,0.8163
14810,1.2401
14811,1.1045
14812,1.0320
14813,0.8734
14814,0.8803
14815,1.3437
14816,0.6606
14817,1.2083
14818,1.0942
14819,0.9451
14820,0.8717
14821,1.2314
14822,0.9576
14823,0.7559
14824,0.8715
14825,1.5054
14826,1.0287
14827,1.4642
14828,1.4251
14829,0.3345
14830,1.3522
14831,1.0178
14832,0.7667
14833,1.0427
14834,1.0155
14835,1.4230
14836,0.5094
14837,1.5962
14838,0.7885
14839,1.0368
14840,0.8058
14841,1.0530
14842,0.9201
14843,0.8814
14844,1.5340
14845,0.9298
14846,0.9067
14847,0.9252
14848,1.0247
14849,0.7933
14850,1.0155
14851,1.5149
14852,0.9161
14853,1.0595
14854,0.8960
14855,0.8694
14856,0.9292
14857,1.3207
14858,1.0002
14859,0.9308
14860,0.9796
14861,1.1239
14862,0.9936
14863,0.8377
14864,1.3022
14865,1.1343
14866,1.1357
14867,1.1823
14868,0.9437
14869,0.9208
14870,0.8820
14871,1.4096
14872,1.0373
14873,0.9906
14874,1.0028
14875,0.9258
14876,0.9661
14877,1.4278
14878,0.9804
14879,0.9362
14880,1.0786
14881,1.4465
14882,0.6815
14883,0.7689
14884,1.3074
14885,1.2664
14886,1.0378
14887,1.0513
14888,1.0627
14889,0.9906
14890,1.3243
14891,0.8640
14892,0.9320
14893,0.9898
14894,1.0023
14895,1.1618
14896,1.0638
14897,1.1333
14898,0.9382
14899,1.0115
14900,0.9804
14901,0.8125
14902,1.0745
14903,0.8518
14904,1.3294
14905,1.4483
14906,1.0982
14907,0.9029
14908,1.2469
14909,0.6562
14910,1.2599
14911,1.3561
14912,0.8575
14913,0.7313
14914,0.9582
14915,1.1987
14916,0.6617
14917,1.3303
14918,1.1665
14919,1.1024
14920,1.0645
14921,0.9251
14922,0.9825
14923,0.8719
14924,1.2962
14925,1.2084
14926,0.8605
14927,1.5219
14928,0.4422
14929,0.8172
14930,0.8802
14931,1.4184
14932,0.8793
14933,1.2417
14934,0.7399
14935,0.9090
14936,1.0152
14937,1.2753
14938,1.0523
14939,1.0127
14940,0.8356
14941,0.9057
14942,1.5176
14943,0.5306
14944,1.2253
14945,1.0513
14946,1.1589
14947,1.2611
14948,1.1202
14949,0.8039
14950,0.9609
14951,1.4023
14952,0.9561
14953,0.9141
14954,0.9719
14955,1.2513
14956,0.7202
14957,1.3399
14958,1.0340
14959,0.9114
14960,0.9039
14961,0.9060
14962,0.9986
14963,0.8635
14964,1.4710
14965,1.2085
14966,0.9053
14967,0.8975
14968,1.0298
14969,0.8972
14970,0.9310
14971,1.3838
14972,1.1857
14973,0.7903
14974,0.8251
14975,0.9393
14976,1.1035
14977,0.7938
14978,1.3998
14979,0.8684
14980,0.9379
14981,0.9377
14982,0.9396
14983,0.9359
14984,1.0170
14985,1.4110
14986,1.3574
14987,1.2122
14988,0.7359
14989,0.9837
14990,0.9193
14991,1.2693
14992,1.0205
14993,0.9417
14994,1.0398
14995,1.0595
14996,0.9089
14997,0.9209
14998,1.2074
14999,1.2696
15000,0.8594
15001,1.0361
15002,1.2627
15003,0.7052
15004,1.1777
15005,0.9729
15006,0.8910
15007,0.9023
15008,0.8893
15009,0.9153
15010,0.9736
15011,0.9606
15012,1.2589
15013,1.2542
15014,1.0298
15015,1.1191
15016,1.0591
15017,0.7512
15018,1.3207
15019,0.8030
15020,0.8593
15021,1.0241
15022,1.0255
15023,1.1213
15024,0.8554
15025,1.3435
15026,0.9618
15027,1.1325
15028,1.0957
15029,1.1283
15030,0.8860
15031,0.8948
15032,2.1874
15033,0.2632
15034,1.0364
15035,0.7597
15036,0.9786
15037,0.8737
15038,1.3055
15039,1.0286
15040,0.9195
15041,1.0285
15042,0.8745
15043,1.3169
15044,0.9008
15045,1.2769
15046,1.1908
15047,1.4775
15048,0.5126
15049,0.9320
15050,0.8197
15051,0.9246
15052,1.3002
15053,0.9077
15054,1.1362
15055,0.9346
15056,0.8284
15057,0.8852
15058,1.0737
15059,1.3444
15060,0.9745
15061,1.0384
15062,1.0472
15063,1.4497
15064,0.7797
15065,0.7030
15066,1.5528
15067,0.9643
15068,1.2010
15069,1.1447
15070,0.9409
15071,1.1410
15072,1.0713
15073,1.0269
15074,1.3723
15075,0.4095
15076,0.7523
15077,0.9907
15078,1.9057
15079,0.8778
15080,0.8980
15081,1.2109
15082,1.0462
15083,0.8025
15084,0.8661
15085,1.2898
15086,1.3207
15087,0.8463
15088,0.8701
15089,1.0079
15090,1.0806
15091,1.3272
15092,0.9766
15093,1.1335
15094,0.9703
15095,1.1692
15096,0.8495
15097,0.8089
15098,1.3611
15099,1.1077
15100,0.9307
15101,1.0670
15102,0.9209
15103,0.7784
15104,0.9837
15105,1.4498
15106,1.0476
15107,1.4262
15108,0.7551
15109,1.0679
15110,0.9598
15111,1.1949
15112,1.4654
15113,0.8870
15114,0.8744
15115,1.0622
15116,0.9357
15117,0.9238
15118,1.3963
15119,0.8693
15120,1.1052
15121,0.8861
15122,0.8203
15123,1.1899
15124,0.5839
15125,1.5289
15126,1.0222
15127,0.9002
15128,1.1983
15129,0.8225
15130,0.8924
15131,0.6632
15132,1.3537
15133,1.1888
15134,0.9043
15135,0.8724
15136,1.0977
15137,0.9032
15138,1.1276
15139,1.0604
15140,0.9444
15141,0.8879
15142,0.9953
15143,1.2383
15144,0.6090
15145,1.5354
15146,1.4859
15147,1.0153
15148,0.9700
15149,1.2645
15150,0.6209
15151,1.3400
15152,1.3780
15153,0.5706
15154,1.0113
15155,1.1546
15156,1.1615
15157,0.5910
15158,1.5567
15159,1.0884
15160,0.8131
15161,0.9872
15162,0.8556
15163,0.8915
15164,1.1300
15165,1.1747
15166,1.2043
15167,1.4509
15168,0.1301
15169,0.9860
15170,1.1398
15171,0.9020
15172,1.2588
15173,1.2933
15174,0.9197
15175,0.9246
15176,1.1036
15177,0.9150
15178,1.3743
15179,0.9867
15180,0.8984
15181,0.9181
15182,0.9268
15183,1.1535
15184,0.8049
15185,1.2419
15186,1.1429
15187,1.1083
15188,1.1884
15189,1.5820
15190,0.5963
15191,0.8625
15192,1.5781
15193,0.9537
15194,0.8882
15195,0.9133
15196,1.1342
15197,0.6663
15198,1.2283
15199,0.9637
15200,0.8758
15201,1.2513
15202,0.9025
15203,1.0944
15204,1.3878
15205,1.0301
15206,0.9119
15207,0.9855
15208,1.1368
15209,0.9996
15210,0.8545
15211,1.3168
15212,0.8996
15213,0.9630
15214,0.9868
15215,0.8300
15216,0.9091
15217,1.0685
15218,0.8615
15219,1.2680
15220,0.9222
15221,0.9553
15222,0.8720
15223,0.9764
15224,1.1655
15225,0.8632
15226,1.3137
15227,1.3285
15228,1.6149
15229,0.5490
15230,0.9642
15231,1.4564
15232,0.9888
15233,1.0654
15234,0.9479
15235,0.8883
15236,1.2003
15237,0.8571
15238,1.3800
15239,1.2392
15240,0.8351
15241,0.9789
15242,0.8667
15243,1.2899
15244,0.6998
15245,1.3963
15246,0.8502
15247,0.9071
15248,0.8135
15249,1.0383
15250,0.8393
15251,0.9524
15252,1.3315
15253,0.9690
15254,0.8900
15255,1.0732
15256,0.9240
15257,0.8808
15258,1.3603
15259,1.0037
15260,1.0879
15261,0.8923
15262,1.4616
15263,0.2904
15264,0.9826
15265,1.5757
15266,0.9080
15267,1.2386
15268,1.1035
15269,1.0020
15270,1.0578
15271,0.9312
15272,1.8545
15273,0.8058
15274,1.0378
15275,0.7977
15276,0.9711
15277,1.0424
15278,1.1602
15279,1.0094
15280,0.9259
15281,1.0258
15282,0.8766
15283,1.0902
15284,1.0666
15285,1.2712
15286,0.9778
15287,1.1250
15288,1.1596
15289,0.8969
15290,1.0390
15291,0.8735
15292,1.2578
15293,0.9886
15294,1.0224
15295,0.8936
15296,0.8116
15297,0.8781
15298,0.9717
15299,1.4394
15300,0.9038
15301,0.9042
15302,1.3021
15303,0.6181
15304,0.9939
15305,0.8669
15306,1.0217
15307,1.6612
15308,1.3360
15309,0.7055
15310,1.0681
15311,0.7589
15312,1.3117
15313,1.0588
15314,0.8034
15315,0.8582
15316,0.9993
15317,1.5254
15318,0.4534
15319,1.3260
15320,1.1873
15321,0.9359
15322,0.9152
15323,1.0311
15324,0.8627
15325,0.8831
15326,1.2790
15327,0.9554
15328,0.9943
15329,0.9090
15330,1.1344
15331,0.9188
15332,1.2908
15333,1.2962
15334,1.1135
15335,1.0319
15336,0.9226
15337,0.8305
15338,1.1043
15339,1.2928
15340,1.0026
15341,1.1181
15342,1.0023
15343,1.1071
15344,0.8905
15345,1.4068
15346,1.2827
15347,1.0711
15348,1.0144
15349,0.9165
15350,1.0460
15351,0.8559
15352,1.3752
15353,1.2833
15354,0.8840
15355,1.0123
15356,0.9950
15357,1.0598
15358,1.1980
15359,0.8700
15360,1.0795
15361,1.7652
15362,0.3176
15363,0.8122
15364,0.7425
15365,1.2014
15366,1.1282
15367,1.1314
15368,1.1158
15369,0.9800
15370,0.9421
15371,1.0602
15372,1.1950
15373,0.9299
15374,0.9206
15375,0.8649
15376,1.2110
15377,0.8725
15378,0.8828
15379,1.3852
15380,1.0983
15381,0.9143
15382,0.7888
15383,1.3520
15384,0.5308
15385,1.1536
15386,1.2688
15387,1.5516
15388,1.0220
15389,0.8567
15390,1.0390
15391,1.2349
15392,0.9481
15393,0.8655
15394,1.0589
15395,0.9100
15396,0.8606
15397,0.8856
15398,0.8858
15399,1.3421
15400,1.2653
15401,1.0573
15402,1.1763
15403,0.9445
15404,0.7846
15405,1.3531
15406,1.1864
15407,0.7190
15408,0.8504
15409,0.9052
15410,1.2699
15411,0.6984
15412,1.2545
15413,1.3767
15414,1.0284
15415,0.8891
15416,1.0875
15417,1.1361
15418,0.7138
15419,1.3602
15420,0.9781
15421,1.2725
15422,0.7554
15423,1.0283
15424,1.0389
15425,1.2851
15426,1.0287
15427,1.2521
15428,1.1836
15429,0.8307
15430,0.9203
15431,0.8928
15432,1.4311
15433,1.3183
15434,0.8943
15435,1.0439
15436,1.0628
15437,0.8189
15438,1.2750
15439,1.3590
15440,0.5160
15441,0.9869
15442,0.8733
15443,1.0292
15444,0.9631
15445,1.4970
15446,0.9102
15447,0.8014
15448,0.9677
15449,1.0911
15450,0.8819
15451,1.0854
15452,1.2868
15453,1.0408
15454,0.8588
15455,1.5961
15456,0.3855
15457,1.1081
15458,1.1341
15459,0.9806
15460,0.9858
15461,1.0172
15462,1.0079
15463,1.1927
15464,0.8792
15465,1.5959
15466,1.0990
15467,1.1137
15468,1.0618
15469,1.1189
15470,1.0184
15471,1.3942
15472,0.8973
15473,0.9447
15474,0.9055
15475,0.9859
15476,1.1531
15477,0.8158
15478,1.2620
15479,1.2611
15480,0.9377
15481,1.0621
15482,0.9127
15483,0.9890
15484,0.8841
15485,1.5208
15486,0.8481
15487,0.9090
15488,0.9554
15489,0.9096
15490,1.0411
15491,0.8701
15492,1.3722
15493,1.2126
15494,0.8369
15495,1.0786
15496,1.0473
15497,0.7254
15498,1.3037
15499,0.9579
15500,0.9444
15501,0.8542
15502,0.9554
15503,1.1758
15504,0.8450
15505,1.3160
15506,0.8159
15507,1.1588
15508,1.1980
15509,0.8804
15510,1.2584
15511,0.6342
15512,1.4042
15513,0.9366
15514,0.9747
15515,0.8925
15516,1.0259
15517,0.8568
15518,0.9087
15519,1.4765
15520,0.8540
15521,0.8783
15522,0.9109
15523,0.9124
15524,0.9381
15525,0.9146
15526,1.5088
15527,1.0563
15528,0.8904
15529,0.9888
15530,0.9468
15531,0.9018
15532,1.2980
15533,0.9166
15534,0.9491
15535,1.0494
15536,0.9292
15537,0.9365
15538,0.9627
15539,1.1861
15540,0.9218
15541,1.0947
15542,0.8110
15543,0.9211
15544,1.0580
15545,1.3376
15546,0.5926
15547,1.2198
15548,1.3408
15549,0.9068
15550,0.9019
15551,0.9747
15552,0.8958
15553,1.4597
15554,1.0178
15555,1.1308
15556,0.5660
15557,1.2886
15558,0.6410
15559,1.1450
15560,0.9523
15561,1.3294
15562,0.9138
15563,0.9599
15564,1.0163
15565,0.8365
15566,1.2583
15567,0.8787
15568,0.9850
15569,0.9321
15570,0.9368
15571,0.9507
15572,0.8741
15573,0.9950
15574,1.4519
15575,1.3323
15576,0.6984
15577,1.1705
15578,0.3917
15579,0.9740
15580,0.9484
15581,1.3602
15582,1.1850
15583,0.9584
15584,1.0182
15585,0.9819
15586,1.2139
15587,0.9600
15588,1.0330
15589,0.8306
15590,0.9285
15591,0.8867
15592,1.0869
15593,0.8648
15594,1.0205
15595,1.4225
15596,0.7840
15597,0.9787
15598,0.9285
15599,1.1525
15600,0.7733
15601,1.3586
15602,0.8197
15603,1.6784
15604,0.2343
15605,0.9044
15606,1.1579
15607,0.8166
15608,1.3424
15609,1.2724
15610,0.8295
15611,1.0678
15612,0.9205
15613,0.8962
15614,1.0097
15615,1.3088
15616,0.8651
15617,0.9028
15618,1.5494
15619,0.9972
15620,0.7650
15621,0.9768
15622,1.2516
15623,1.0642
15624,0.7588
15625,0.9599
15626,0.8515
15627,1.1557
15628,0.8931
15629,1.4464
15630,0.8370
15631,0.8845
15632,0.9297
15633,0.9562
15634,0.9478
15635,1.4742
15636,0.7142
15637,0.9208
15638,0.8745
15639,1.0324
15640,0.9766
15641,0.8953
15642,1.3037
15643,1.4358
15644,0.9426
15645,0.8643
15646,0.9191
15647,0.9256
15648,0.9266
15649,1.5174
15650,0.7636
15651,0.8778
15652,0.9732
15653,1.0472
15654,0.9012
15655,1.0511
15656,1.2441
15657,1.2844
15658,0.8959
15659,0.9171
15660,0.9308
15661,1.1187
15662,0.8062
15663,1.4619
15664,1.0061
15665,1.2742
15666,0.7783
15667,0.7427
15668,0.9193
15669,1.3047
15670,0.9495
15671,0.8334
15672,1.0380
15673,0.9835
15674,0.9429
15675,0.8477
15676,0.8742
15677,1.4194
15678,0.9072
15679,1.2993
15680,0.6157
15681,0.9390
15682,0.9415
15683,1.3671
15684,0.9614
15685,0.8681
15686,0.8908
15687,1.0178
15688,0.9316
15689,0.8875
15690,1.3015
15691,0.8846
15692,1.3086
15693,1.3633
15694,0.9347
15695,0.9223
15696,0.9578
15697,1.1685
15698,0.9417
15699,0.9251
15700,0.8998
15701,0.9583
15702,1.1444
15703,0.8582
15704,1.2190
15705,1.6821
15706,0.3716
15707,1.0341
15708,1.1051
15709,0.8919
15710,0.8893
15711,0.8835
15712,1.3372
15713,0.8746
15714,0.8836
15715,0.9520
15716,0.8977
15717,0.9591
15718,1.2646
15719,1.0506
15720,0.7943
15721,0.8725
15722,1.0930
15723,0.9267
15724,0.8284
15725,1.5464
15726,0.8413
15727,0.9225
15728,0.9097
15729,1.6291
15730,0.6506
15731,1.3576
15732,1.0805
15733,1.0206
15734,0.9940
15735,0.8144
15736,0.8805
15737,0.9866
15738,1.4367
15739,0.9273
15740,0.9481
15741,0.9201
15742,0.9431
15743,1.2093
15744,0.9882
15745,1.1862
15746,0.8849
15747,0.9626
15748,1.1304
15749,0.8481
15750,1.2766
15751,0.7016
15752,1.3013
15753,0.9753
15754,0.8628
15755,0.8718
15756,1.4217
15757,0.2389
15758,0.9786
15759,1.3584
15760,1.1798
15761,0.8901
15762,1.0964
15763,1.3017
15764,0.5350
15765,0.5675
15766,1.4217
15767,1.6663
15768,0.8916
15769,0.7906
15770,1.4138
15771,0.3765
15772,0.8494
15773,1.4036
15774,1.2358
15775,0.6531
15776,0.9249
15777,1.2530
15778,1.0896
15779,0.5566
15780,1.1856
15781,1.0786
15782,0.7792
15783,0.9465
15784,1.1884
15785,0.7095
15786,1.4236
15787,0.9782
15788,0.8982
15789,0.9091
15790,0.9691
15791,1.3757
15792,0.7101
15793,0.7047
15794,1.4654
15795,0.9894
15796,1.0109
15797,0.7608
15798,0.9512
15799,0.9514
15800,1.3598
15801,1.0078
15802,1.5491
15803,0.4011
15804,1.2259
15805,1.1812
15806,1.2468
15807,1.1862
15808,1.0064
15809,0.9216
15810,1.2401
15811,0.9276
15812,0.7724
15813,1.0267
15814,1.0243
15815,0.9870
15816,0.9463
15817,1.0005
15818,1.0283
15819,0.6612
15820,1.2914
15821,1.3720
15822,0.8893
15823,1.0441
15824,0.9251
15825,0.8063
15826,0.9292
15827,1.2970
15828,0.9421
15829,1.0841
15830,1.1158
15831,0.7160
15832,0.8546
15833,0.8694
15834,1.2999
15835,0.9836
15836,0.9511
15837,0.8915
15838,0.9318
15839,0.9262
15840,1.0758
15841,1.9604
15842,0.8036
15843,1.0139
15844,0.9629
15845,1.1551
15846,0.5328
15847,2.7376
15848,0.3466
15849,0.4205
15850,1.3851
15851,0.8807
15852,0.8704
15853,1.2260
15854,1.0338
15855,1.0960
15856,0.8238
15857,0.9568
15858,0.9116
15859,1.0264
15860,1.2014
15861,0.9456
15862,0.9802
15863,0.9422
15864,0.9540
15865,1.0651
15866,0.8411
15867,1.2165
15868,1.1318
15869,0.9702
15870,0.9187
15871,1.0398
15872,0.9396
15873,0.9831
15874,0.8734
15875,1.4577
15876,1.1772
15877,0.9353
15878,1.9454
15879,0.2253
15880,1.2510
15881,1.0828
15882,0.7774
15883,0.8916
15884,1.3232
15885,0.5121
15886,0.9459
15887,1.0669
15888,1.2480
15889,1.3694
15890,0.9780
15891,0.9403
15892,0.9840
15893,0.9182
15894,1.3685
15895,1.0445
15896,0.8933
15897,0.8959
15898,0.9150
15899,0.9933
15900,0.8666
15901,1.3860
15902,1.2384
15903,0.9305
15904,0.9730
15905,0.8914
15906,1.1892
15907,0.7075
15908,1.6387
15909,1.0360
15910,0.5927
15911,0.8472
15912,0.8975
15913,1.0066
15914,1.0024
15915,1.3144
15916,0.9380
15917,1.0963
15918,0.8876
15919,1.0717
15920,0.8367
15921,1.2622
15922,0.9186
15923,1.1889
15924,0.6787
15925,0.8934
15926,0.9255
15927,1.1005
15928,1.1546
15929,1.0082
15930,1.2640
15931,1.1575
15932,0.7349
15933,1.0595
15934,0.7944
15935,1.2830
15936,1.2734
15937,0.8861
15938,1.3251
15939,0.5655
15940,0.9240
15941,0.9787
15942,1.2099
15943,0.9457
15944,0.9817
15945,0.9078
15946,0.9304
15947,1.0609
15948,0.9381
15949,1.2973
15950,0.8955
15951,0.8999
15952,0.9691
15953,1.0829
15954,1.4629
15955,0.9874
15956,1.1260
15957,1.2120
15958,0.8592
15959,0.9685
15960,1.0272
15961,0.9067
15962,1.3246
15963,0.9557
15964,0.9085
15965,0.8938
15966,0.8773
15967,1.1360
15968,0.8425
15969,1.3949
15970,1.2655
15971,0.8090
15972,0.9486
15973,0.9507
15974,0.9451
15975,0.9158
15976,1.3501
15977,1.4495
15978,0.5211
15979,0.8149
15980,1.0069
15981,1.1116
15982,1.3838
15983,1.1584
15984,0.8755
15985,0.9632
15986,1.1619
15987,0.9122
15988,0.6733
15989,1.0944
15990,0.8661
15991,0.7706
15992,0.8739
15993,0.8344
15994,0.7385
15995,1.2116
15996,0.5606
15997,1.2755
15998,0.6778
15999,0.9671
16000,1.6992
16001,0.7809
16002,0.5672
16003,0.8102
16004,0.7707
16005,1.3510
16006,0.7877
16007,0.8902
16008,0.8287
16009,0.7493
16010,0.9591
16011,0.7312
16012,1.0740
16013,0.9862
16014,0.9283
16015,0.7939
16016,1.0543
16017,0.5195
16018,0.8429
16019,0.8493
16020,1.2347
16021,1.2337
16022,0.9006
16023,0.6829
16024,0.8515
16025,0.8758
16026,0.7408
16027,1.2849
16028,0.8123
16029,0.8307
16030,0.9768
16031,0.6415
16032,0.7813
16033,0.8151
16034,0.9805
16035,1.0016
16036,0.9217
16037,0.8520
16038,0.9614
16039,0.7102
16040,0.8651
16041,0.8954
16042,0.8697
16043,1.1094
16044,1.3310
16045,0.9509
16046,0.9394
16047,0.9077
16048,1.5291
16049,0.2122
16050,0.7712
16051,1.3594
16052,0.7173
16053,0.8799
16054,0.7376
16055,0.7672
16056,1.0389
16057,0.7539
16058,1.2041
16059,1.1204
16060,0.8674
16061,0.8540
16062,0.8809
16063,0.8645
16064,0.8205
16065,1.1566
16066,0.8330
16067,1.0073
16068,0.6362
16069,0.8630
16070,0.7063
16071,0.9003
16072,1.0395
16073,1.2598
16074,0.9393
16075,1.0643
16076,0.8480
16077,0.7422
16078,0.8014
16079,0.8634
16080,1.5075
16081,1.1062
16082,0.4302
16083,1.2448
16084,1.3465
16085,1.0015
16086,0.5686
16087,0.4375
16088,1.0009
16089,0.5740
16090,1.0076
16091,1.1510
16092,1.0206
16093,0.8917
16094,0.7848
16095,0.8536
16096,1.3410
16097,0.8420
16098,0.8168
16099,0.8660
16100,1.0130
16101,0.7154
16102,0.8321
16103,1.1222
16104,0.8333
16105,0.8172
16106,0.8138
16107,0.9195
16108,0.8226
16109,0.7874
16110,0.9292
16111,1.1834
16112,1.0724
16113,0.9157
16114,1.1755
16115,0.7965
16116,0.8847
16117,1.3286
16118,0.5712
16119,0.8805
16120,0.7301
16121,1.3470
16122,0.3471
16123,0.8381
16124,0.8884
16125,0.7908
16126,1.1202
16127,1.0463
16128,0.9852
16129,0.6039
16130,0.8126
16131,0.9127
16132,0.7914
16133,0.9021
16134,1.5710
16135,0.6775
16136,0.8996
16137,1.0699
16138,1.0009
16139,0.8335
16140,0.9026
16141,1.1808
16142,0.8679
16143,0.8411
16144,0.8168
16145,0.8197
16146,0.8406
16147,0.8108
16148,1.2778
16149,1.1255
16150,1.0634
16151,0.9233
16152,0.7877
16153,0.7719
16154,0.8030
16155,0.8499
16156,1.2336
16157,0.9666
16158,0.9195
16159,0.7578
16160,0.8173
16161,1.0066
16162,0.7901
16163,1.1140
16164,1.1509
16165,0.9171
16166,1.2056
16167,1.4748
16168,0.7024
16169,0.5706
16170,0.5160
16171,1.2337
16172,0.8672
16173,0.7479
16174,0.8841
16175,0.7619
16176,0.9658
16177,1.1242
16178,2.0321
16179,0.2330
16180,0.7540
16181,1.3079
16182,0.5684
16183,0.9202
16184,0.9523
16185,0.7034
16186,1.2350
16187,0.9442
16188,0.9243
16189,0.7756
16190,0.8860
16191,0.8138
16192,0.8103
16193,1.2051
16194,0.8596
16195,0.7869
16196,0.8827
16197,0.8250
16198,0.8214
16199,0.8559
16200,0.8412
16201,1.3864
16202,1.1038
16203,0.7614
16204,0.8991
16205,0.9112
16206,0.7692
16207,0.7642
16208,1.1765
16209,0.8735
16210,0.7989
16211,0.8159
16212,0.9285
16213,0.8506
16214,0.7887
16215,0.8961
16216,1.1695
16217,0.9507
16218,0.8821
16219,0.8076
16220,0.8529
16221,0.7718
16222,0.8493
16223,0.9684
16224,1.1812
16225,1.6604
16226,0.5344
16227,0.9271
16228,1.0500
16229,0.6845
16230,1.2482
16231,0.7324
16232,1.1285
16233,0.8184
16234,1.3515
16235,0.2232
16236,0.9225
16237,0.7821
16238,1.1121
16239,1.1660
16240,1.1224
16241,1.0076
16242,0.8777
16243,0.8429
16244,0.7641
16245,1.2289
16246,0.8929
16247,1.0919
16248,0.8327
16249,0.7366
16250,0.8507
16251,1.5603
16252,0.3476
16253,1.1221
16254,0.8351
16255,0.9557
16256,0.8277
16257,0.8081
16258,0.9564
16259,0.9644
16260,0.9614
16261,0.9200
16262,0.8669
16263,0.8065
16264,0.8090
16265,0.8250
16266,0.8841
16267,0.8830
16268,1.1298
16269,1.0707
16270,0.8412
16271,1.1179
16272,1.0929
16273,0.8625
16274,0.8942
16275,0.8715
16276,1.0795
16277,1.1815
16278,0.7654
16279,1.0310
16280,0.8023
16281,0.7840
16282,0.8574
16283,1.1793
16284,0.9233
16285,0.7287
16286,0.7740
16287,1.2436
16288,0.4874
16289,0.8862
16290,1.0226
16291,1.0342
16292,0.9592
16293,0.9994
16294,0.8950
16295,0.5754
16296,1.0895
16297,0.6816
16298,1.2520
16299,0.6974
16300,1.3889
16301,0.3614
16302,0.8117
16303,0.8442
16304,1.1607
16305,0.5485
16306,1.1397
16307,1.0418
16308,1.0236
16309,0.8159
16310,0.9313
16311,0.9380
16312,0.7169
16313,0.5969
16314,1.5288
16315,1.2236
16316,0.9922
16317,0.7375
16318,0.9103
16319,0.7506
16320,0.7873
16321,1.3106
16322,1.1821
16323,1.0321
16324,0.4470
16325,0.8917
16326,0.8688
16327,0.9149
16328,1.2046
16329,1.1110
16330,0.9835
16331,0.9014
16332,0.7992
16333,0.9459
16334,0.9473
16335,1.0225
16336,0.7321
16337,0.7753
16338,0.8881
16339,1.0718
16340,0.8885
16341,0.7659
16342,0.8047
16343,0.7835
16344,1.4263
16345,1.0555
16346,0.9082
16347,0.8923
16348,1.0489
16349,0.7497
16350,0.9381
16351,0.8926
16352,0.9993
16353,0.6983
16354,0.9394
16355,0.9525
16356,0.9045
16357,0.6653
16358,1.3407
16359,0.8449
16360,1.0554
16361,0.9990
16362,0.9689
16363,0.9215
16364,0.7504
16365,0.6999
16366,1.4310
16367,0.8141
16368,0.7085
16369,0.9719
16370,0.7852
16371,1.1265
16372,0.6734
16373,1.1930
16374,1.0366
16375,0.6434
16376,1.0079
16377,0.6500
16378,0.8483
16379,0.8513
16380,0.8435
16381,1.2340
16382,1.2248
16383,0.8966
16384,1.2928
16385,0.1732
16386,0.9990
16387,0.6669
16388,1.4910
16389,0.7577
16390,0.8518
16391,0.7861
16392,0.9335
16393,0.8052
16394,0.9117
16395,0.7906
16396,1.2206
16397,0.9809
16398,0.9023
16399,0.8083
16400,0.8371
16401,0.7527
16402,0.8399
16403,1.5626
16404,1.0737
16405,1.1962
16406,0.7576
16407,1.1026
16408,0.9064
16409,0.4717
16410,0.6070
16411,1.3474
16412,0.9616
16413,0.9206
16414,0.7829
16415,0.8019
16416,0.9194
16417,1.1755
16418,0.9990
16419,0.8101
16420,1.1391
16421,0.8711
16422,0.7376
16423,0.7773
16424,0.8605
16425,0.8527
16426,1.2089
16427,1.0124
16428,0.8361
16429,0.8105
16430,0.8423
16431,1.1389
16432,0.5681
16433,1.1911
16434,1.8805
16435,0.4529
16436,0.7539
16437,0.7103
16438,0.8017
16439,1.1130
16440,1.0007
16441,0.8890
16442,0.7087
16443,0.8520
16444,0.8338
16445,0.8111
16446,0.8557
16447,0.8391
16448,1.3248
16449,1.0368
16450,0.7670
16451,1.5083
16452,0.6739
16453,1.0352
16454,0.7829
16455,0.8685
16456,1.3100
16457,0.8900
16458,0.7820
16459,0.9503
16460,0.8260
16461,0.7439
16462,0.8817
16463,1.1970
16464,0.9711
16465,0.6922
16466,0.8428
16467,0.8438
16468,0.9044
16469,0.8029
16470,1.2643
16471,1.0598
16472,1.1821
16473,0.9409
16474,0.7663
16475,0.8834
16476,0.7336
16477,0.8634
16478,1.3056
16479,0.8860
16480,0.7886
16481,0.7843
16482,0.8718
16483,0.8394
16484,0.8171
16485,1.3102
16486,0.7756
16487,0.8167
16488,0.8419
16489,0.7780
16490,0.8616
16491,0.8970
16492,0.8448
16493,0.9469
16494,1.5425
16495,1.0112
16496,0.9224
16497,0.7853
16498,0.9439
16499,0.7390
16500,1.3140
16501,1.5227
16502,0.3100
16503,0.7038
16504,0.8231
16505,0.8189
16506,0.9560
16507,0.8198
16508,1.1035
16509,1.1710
16510,0.8906
16511,1.0296
16512,0.9315
16513,0.8313
16514,0.8300
16515,1.2321
16516,0.8741
16517,0.9114
16518,0.7986
16519,0.9471
16520,0.7485
16521,0.9968
16522,0.6595
16523,1.2071
16524,1.2229
16525,0.8732
16526,0.8282
16527,0.9771
16528,0.7045
16529,0.8449
16530,1.2221
16531,0.8738
16532,0.8427
16533,0.8581
16534,0.7901
16535,0.9008
16536,1.0424
16537,0.6281
16538,1.3999
16539,0.6257
16540,0.8354
16541,0.8750
16542,0.8182
16543,0.8522
16544,0.9620
16545,0.8610
16546,1.1350
16547,1.1904
16548,0.9173
16549,0.9636
16550,1.1146
16551,1.1682
16552,0.5327
16553,1.1480
16554,0.8828
16555,0.8708
16556,0.7933
16557,0.9222
16558,0.8494
16559,0.8084
16560,1.3124
16561,1.1892
16562,0.8886
16563,0.8003
16564,0.7877
16565,0.8619
16566,0.8742
16567,0.8715
16568,1.1918
16569,0.8631
16570,0.9007
16571,0.9043
16572,0.7649
16573,0.9007
16574,0.7763
16575,1.1860
16576,0.8498
16577,0.8339
16578,0.8352
16579,0.8481
16580,0.8455
16581,0.8537
16582,1.1144
16583,0.5784
16584,1.4454
16585,0.9318
16586,0.7460
16587,1.0994
16588,1.3081
16589,0.7066
16590,1.2002
16591,0.8202
16592,0.9980
16593,0.8538
16594,0.7879
16595,0.8238
16596,0.8954
16597,0.7751
16598,1.4290
16599,0.7195
16600,1.8935
16601,0.2384
16602,0.6665
16603,0.9335
16604,0.7642
16605,1.1230
16606,0.7804
16607,1.0094
16608,0.8598
16609,0.7686
16610,0.8659
16611,0.8862
16612,0.8541
16613,1.2645
16614,0.8624
16615,0.8295
16616,0.7778
16617,0.9347
16618,0.8560
16619,1.4982
16620,0.1706
16621,1.2693
16622,0.8152
16623,0.8110
16624,0.7878
16625,0.8340
16626,1.0390
16627,0.9708
16628,1.0283
16629,0.7728
16630,0.8806
16631,0.7323
16632,0.9104
16633,0.8429
16634,1.0723
16635,0.6412
16636,0.9728
16637,1.3028
16638,0.8883
16639,1.0349
16640,1.0818
16641,1.0843
16642,0.4974
16643,1.3266
16644,0.7279
16645,0.9515
16646,0.8407
16647,0.8420
16648,0.7898
16649,0.8270
16650,0.8893
16651,1.5003
16652,0.8842
16653,0.8288
16654,0.8480
16655,0.9645
16656,0.8293
16657,0.8295
16658,1.3370
16659,0.8176
16660,0.7585
16661,0.8546
16662,0.9627
16663,0.8210
16664,0.7922
16665,0.9418
16666,1.2178
16667,0.9982
16668,0.8339
16669,0.6472
16670,0.9005
16671,0.9440
16672,0.8166
16673,0.9809
16674,1.1672
16675,0.8017
16676,0.8772
16677,1.1108
16678,1.5094
16679,0.6413
16680,1.1162
16681,0.7667
16682,0.8298
16683,0.7834
16684,1.0488
16685,0.7439
16686,1.0914
16687,0.6192
16688,1.2213
16689,1.4582
16690,0.5868
16691,0.8853
16692,0.8338
16693,0.8327
16694,0.9224
16695,0.8282
16696,1.2009
16697,0.8319
16698,0.8485
16699,0.8641
16700,0.7925
16701,1.5252
16702,0.3836
16703,1.0619
16704,1.2112
16705,0.9852
16706,0.8719
16707,0.8487
16708,0.8288
16709,0.9322
16710,1.2373
16711,0.9327
16712,0.7751
16713,0.7970
16714,1.0245
16715,0.8611
16716,0.8577
16717,0.8787
16718,1.3265
16719,0.8745
16720,0.9321
16721,0.8107
16722,0.7290
16723,0.9275
16724,0.8545
16725,0.8726
16726,1.3222
16727,0.8273
16728,0.9045
16729,0.8463
16730,0.8112
16731,1.2106
16732,0.4375
16733,1.1874
16734,0.8978
16735,0.7907
16736,0.8604
16737,0.8271
16738,0.8042
16739,0.8809
16740,1.2232
16741,1.1730
16742,0.9379
16743,0.8365
16744,0.8292
16745,0.8710
16746,0.9088
16747,0.7881
16748,1.2419
16749,0.8230
16750,0.8747
16751,1.0466
16752,1.2095
16753,0.9356
16754,0.9337
16755,1.0455
16756,0.8589
16757,0.7752
16758,0.8360
16759,0.8219
16760,0.7928
16761,0.9183
16762,0.9191
16763,0.7996
16764,1.4295
16765,0.9456
16766,0.8757
16767,0.8253
16768,1.0294
16769,1.0687
16770,0.4892
16771,1.1268
16772,0.9544
16773,0.9120
16774,0.8275
16775,0.8817
16776,1.2460
16777,0.4977
16778,1.2162
16779,1.2763
16780,0.7791
16781,0.8364
16782,0.8274
16783,0.9049
16784,1.0536
16785,0.6668
16786,1.1749
16787,0.9889
16788,0.9393
16789,1.1271
16790,0.8416
16791,0.8493
16792,0.8924
16793,1.2570
16794,0.8517
16795,0.8434
16796,0.9172
16797,0.8466
16798,1.1821
16799,1.7946
16800,0.3876
16801,0.6928
16802,0.8952
16803,0.8823
16804,0.6815
16805,0.7616
16806,0.9157
16807,0.9529
16808,1.1032
16809,0.7863
16810,0.8839
16811,0.6940
16812,0.9271
16813,0.9281
16814,0.7353
16815,0.8447
16816,1.4533
16817,0.8174
16818,1.5090
16819,0.2093
16820,0.9749
16821,0.7587
16822,0.8537
16823,1.2167
16824,0.9182
16825,0.9007
16826,0.8457
16827,0.9659
16828,0.9132
16829,0.7275
16830,0.9412
16831,1.4656
16832,0.7552
16833,0.7162
16834,0.9842
16835,0.8498
16836,1.1370
16837,0.4489
16838,1.4084
16839,1.2416
16840,0.9423
16841,0.7134
16842,0.7225
16843,0.9117
16844,0.7823
16845,1.1863
16846,1.0265
16847,0.6829
16848,0.9723
16849,0.8978
16850,0.8481
16851,0.7571
16852,1.1045
16853,0.7217
16854,1.3396
16855,0.8172
16856,0.8109
16857,0.9869
16858,0.9182
16859,0.6099
16860,0.8099
16861,1.2958
16862,1.0780
16863,0.5484
16864,0.9279
16865,0.8186
16866,1.1049
16867,0.6047
16868,0.8797
16869,1.4417
16870,0.9873
16871,0.8697
16872,0.7878
16873,0.9658
16874,0.6599
16875,1.3244
16876,1.1171
16877,0.9257
16878,0.7733
16879,0.8438
16880,0.9103
16881,0.8156
16882,0.8499
16883,1.2345
16884,1.3193
16885,0.8424
16886,0.9704
16887,0.7127
16888,0.8012
16889,0.8581
16890,1.3448
16891,0.7340
16892,0.8350
16893,0.8352
16894,0.8445
16895,0.9423
16896,0.8590
16897,0.7662
16898,1.3012
16899,0.7393
16900,0.8072
16901,0.9799
16902,0.7961
16903,0.7872
16904,0.9090
16905,0.8678
16906,1.4425
16907,0.8348
16908,0.7973
16909,0.8017
16910,0.8134
16911,0.9089
16912,0.7455
16913,1.3530
16914,1.0649
16915,0.9857
16916,1.0026
16917,0.6789
16918,0.8107
16919,0.9062
16920,1.2158
16921,1.2446
16922,0.9141
16923,0.7693
16924,0.8311
16925,0.8315
16926,0.8938
16927,0.9893
16928,1.1573
16929,0.7986
16930,0.8749
16931,0.8153
16932,0.8157
16933,1.2301
16934,0.5985
16935,1.0341
16936,1.2532
16937,0.8586
16938,0.8082
16939,0.8321
16940,0.7580
16941,1.1282
16942,0.7873
16943,0.7988
16944,1.3983
16945,0.8473
16946,0.8415
16947,0.8191
16948,0.9608
16949,0.9256
16950,0.7767
16951,1.2309
16952,1.2681
16953,0.8799
16954,0.8202
16955,0.8266
16956,0.8069
16957,0.8877
16958,1.2501
16959,1.2823
16960,0.8458
16961,0.7207
16962,0.9082
16963,0.8831
16964,0.8246
16965,1.2245
16966,0.8235
16967,0.8312
16968,1.4915
16969,0.3428
16970,0.7668
16971,0.9365
16972,0.7822
16973,1.3504
16974,0.8467
16975,0.8970
16976,0.7532
16977,0.8014
16978,1.0978
16979,0.7708
16980,1.0751
16981,0.8700
16982,0.8500
16983,0.7924
16984,0.8276
16985,1.0435
16986,0.8181
16987,0.7865
16988,1.1902
16989,1.0754
16990,0.9947
16991,0.8871
16992,0.8311
16993,1.0679
16994,0.6326
16995,0.8552
16996,1.3446
16997,0.9810
16998,0.8760
16999,0.8447
17000,0.8539
17001,0.8570
17002,1.3363
17003,0.8306
17004,0.8598
17005,0.8023
17006,0.7704
17007,0.8344
17008,0.8645
17009,0.8178
17010,1.1699
17011,1.2512
17012,0.8965
17013,0.8904
17014,0.7900
17015,0.7932
17016,0.8889
17017,0.8305
17018,1.3895
17019,0.9965
17020,0.5189
17021,0.8736
17022,0.8189
17023,0.8374
17024,1.0283
17025,0.6786
17026,1.2076
17027,1.0237
17028,0.8182
17029,0.8491
17030,0.8473
17031,0.9824
17032,0.8253
17033,0.9073
17034,1.8471
17035,0.3181
17036,0.7332
17037,0.9495
17038,0.7396
17039,0.9687
17040,1.1179
17041,0.9012
17042,0.8898
17043,0.8839
17044,0.7999
17045,0.8253
17046,0.9971
17047,0.7210
17048,1.3614
17049,0.8663
17050,0.8477
17051,0.7443
17052,0.8114
17053,0.9675
17054,0.7368
17055,1.3392
17056,0.7986
17057,0.8465
17058,0.8707
17059,0.8639
17060,0.8241
17061,0.7379
17062,1.2270
17063,0.9909
17064,1.1219
17065,1.1736
17066,0.8291
17067,0.8588
17068,1.4776
17069,0.9110
17070,0.1724
17071,1.1901
17072,0.8216
17073,0.8040
17074,0.8383
17075,0.8582
17076,0.9374
17077,0.8004
17078,1.3272
17079,0.8453
17080,0.7714
17081,0.7915
17082,0.8988
17083,0.8214
17084,1.1207
17085,0.5809
17086,0.9597
17087,1.3027
17088,0.7503
17089,0.7567
17090,0.9914
17091,0.8503
17092,0.7989
17093,0.8465
17094,1.2280
17095,0.8345
17096,0.8161
17097,0.8178
17098,0.8279
17099,0.8802
17100,0.8514
17101,1.1153
17102,1.2292
17103,1.2198
17104,0.7244
17105,0.8118
17106,0.8010
17107,0.9351
17108,0.7640
17109,1.2649
17110,0.9771
17111,0.8033
17112,0.9829
17113,0.8510
17114,0.8114
17115,0.8088
17116,1.2914
17117,0.8087
17118,0.8442
17119,0.9779
17120,0.7359
17121,0.7725
17122,0.9987
17123,0.7637
17124,0.8182
17125,1.4383
17126,0.8544
17127,0.8451
17128,0.8214
17129,0.7891
17130,0.8336
17131,1.3002
17132,0.7897
17133,0.8370
17134,0.8432
17135,0.8497
17136,0.8285
17137,0.9993
17138,1.0854
17139,1.2708
17140,0.8004
17141,0.7710
17142,0.8849
17143,0.8301
17144,0.9477
17145,0.7681
17146,0.8127
17147,1.2307
17148,0.8527
17149,0.8913
17150,0.8926
17151,0.9640
17152,0.5656
17153,1.1880
17154,0.8606
17155,1.0168
17156,1.0768
17157,0.9045
17158,0.7954
17159,0.8622
17160,0.9419
17161,0.9604
17162,0.7168
17163,1.2021
17164,0.7727
17165,0.9937
17166,0.6359
17167,0.9745
17168,0.8541
17169,0.9990
17170,1.0799
17171,0.9626
17172,0.9835
17173,1.3495
17174,0.1600
17175,1.2182
17176,1.0339
17177,1.3178
17178,0.8584
17179,0.9229
17180,0.7525
17181,0.9117
17182,0.9858
17183,0.6940
17184,0.7523
17185,1.2995
17186,0.8452
17187,1.3357
17188,0.7058
17189,0.4874
17190,0.8013
17191,0.7699
17192,1.2799
17193,1.2068
17194,0.8721
17195,0.7250
17196,0.7942
17197,0.8499
17198,0.8876
17199,1.2434
17200,0.9868
17201,0.8274
17202,0.7155
17203,0.9052
17204,0.9343
17205,1.0348
17206,0.5894
17207,0.8703
17208,1.2210
17209,0.7699
17210,0.8656
17211,0.8857
17212,0.8269
17213,0.9313
17214,0.8878
17215,1.2135
17216,0.9689
17217,0.8377
17218,0.7542
17219,0.7592
17220,0.8726
17221,0.9720
17222,0.8163
17223,1.2348
17224,0.8274
17225,0.8556
17226,0.8009
17227,0.9131
17228,0.8255
17229,0.8518
17230,1.1435
17231,1.2111
17232,1.0049
17233,0.9679
17234,0.7052
17235,0.8297
17236,0.9424
17237,0.7710
17238,1.4118
17239,0.6444
17240,0.8693
17241,0.8592
17242,0.8233
17243,1.0015
17244,0.6987
17245,0.8369
17246,1.1655
17247,1.2482
17248,1.0203
17249,0.9316
17250,0.8100
17251,0.8614
17252,0.9251
17253,1.0440
17254,1.3168
17255,0.7261
17256,0.8086
17257,0.8716
17258,1.3649
17259,0.2960
17260,1.2783
17261,0.8954
17262,0.7901
17263,0.7964
17264,0.8805
17265,0.8856
17266,0.7801
17267,0.8654
17268,1.2011
17269,1.2641
17270,0.8364
17271,0.7677
17272,0.8685
17273,0.9400
17274,0.7739
17275,0.8386
17276,1.1626
17277,0.8590
17278,0.8723
17279,0.8212
17280,0.7739
17281,0.9097
17282,0.9117
17283,1.1513
17284,1.2579
17285,0.7982
17286,0.9931
17287,0.7798
17288,0.9632
17289,1.0160
17290,0.9964
17291,1.0544
17292,0.8478
17293,0.7978
17294,0.8515
17295,0.7916
17296,1.1215
17297,0.6612
17298,1.2362
17299,0.8206
17300,0.8414
17301,0.7867
17302,0.8747
17303,0.9168
17304,0.8823
17305,1.5321
17306,0.5791
17307,1.1429
17308,0.7860
17309,0.8492
17310,0.8354
17311,0.8571
17312,0.8641
17313,1.2318
17314,0.8113
17315,0.8268
17316,0.8673
17317,0.8642
17318,0.9895
17319,0.8190
17320,0.7522
17321,1.1474
17322,1.3426
17323,1.0109
17324,0.8126
17325,0.7303
17326,0.8851
17327,0.9864
17328,1.2234
17329,1.0406
17330,0.8625
17331,0.7389
17332,0.8755
17333,0.9685
17334,0.7547
17335,0.8161
17336,1.3430
17337,0.8247
17338,0.8323
17339,1.2082
17340,0.7537
17341,1.3211
17342,0.4135
17343,0.6886
17344,1.2736
17345,0.7849
17346,0.7915
17347,0.9904
17348,0.7367
17349,0.8414
17350,0.7810
17351,1.2460
17352,0.9747
17353,0.7727
17354,0.6918
17355,0.9944
17356,1.4763
17357,0.3390
17358,0.6422
17359,1.2938
17360,1.1842
17361,0.7589
17362,0.9413
17363,0.8915
17364,0.7527
17365,0.8001
17366,1.2670
17367,0.9583
17368,0.8010
17369,0.8591
17370,0.8213
17371,0.8954
17372,0.8252
17373,0.9430
17374,1.2104
17375,1.0289
17376,0.7625
17377,0.8346
17378,0.8512
17379,0.7888
17380,0.8002
17381,1.2891
17382,0.9525
17383,0.6895
17384,0.9452
17385,0.8656
17386,0.9045
17387,0.6903
17388,1.4822
17389,0.5674
17390,1.6661
17391,0.2746
17392,0.7211
17393,1.0344
17394,0.9152
17395,0.8219
17396,0.8339
17397,1.1687
17398,1.2965
17399,0.8342
17400,0.8034
17401,0.7926
17402,0.9138
17403,0.7807
17404,1.2414
17405,0.9410
17406,0.7338
17407,0.8522
17408,0.8690
17409,0.8875
17410,0.9393
17411,1.0650
17412,1.2817
17413,0.8187
17414,0.8367
17415,0.7363
17416,1.0599
17417,0.6533
17418,0.8373
17419,1.2399
17420,0.8742
17421,0.7782
17422,0.8727
17423,0.8088
17424,1.6745
17425,0.3172
17426,0.6273
17427,1.3323
17428,1.2373
17429,0.7975
17430,0.8179
17431,0.8478
17432,0.8418
17433,0.7943
17434,1.2582
17435,0.9122
17436,0.9159
17437,0.8359
17438,0.9042
17439,0.8873
17440,0.8594
17441,0.8483
17442,1.1991
17443,0.8974
17444,0.9588
17445,0.7862
17446,0.7475
17447,0.8485
17448,1.2679
17449,0.8898
17450,1.0643
17451,0.8160
17452,0.8437
17453,0.7849
17454,0.9942
17455,0.6988
17456,0.8935
17457,1.1902
17458,1.0908
17459,0.6006
17460,0.9040
17461,0.8207
17462,0.7920
17463,0.8337
17464,1.2343
17465,1.4048
17466,0.8825
17467,0.8160
17468,0.8212
17469,1.0490
17470,0.7890
17471,1.1149
17472,0.8554
17473,0.8003
17474,0.8215
17475,0.9146
17476,0.8794
17477,0.8824
17478,0.8185
17479,1.2576
17480,0.7957
17481,0.9668
17482,0.6503
17483,0.8635
17484,0.8329
17485,0.8706
17486,0.8333
17487,1.2136
17488,1.1946
17489,0.9883
17490,1.0583
17491,1.4875
17492,0.3920
17493,0.9546
17494,0.9060
17495,0.7431
17496,0.8127
17497,0.7936
17498,0.8439
17499,0.8295
17500,0.9953
17501,0.9767
17502,1.2948
17503,1.0602
17504,0.8457
17505,0.7782
17506,0.7606
17507,2.4960
17508,0.2556
17509,0.1999
17510,0.9918
17511,0.8401
17512,0.9373
17513,0.7158
17514,0.8761
17515,0.8372
17516,0.8630
17517,1.3253
17518,0.8236
17519,0.8511
17520,0.8386
17521,0.8446
17522,1.3891
17523,0.4469
17524,0.8472
17525,1.5182
17526,0.4249
17527,0.8499
17528,0.8141
17529,0.8290
17530,0.8225
17531,0.9012
17532,1.2193
17533,0.9004
17534,0.7637
17535,0.8577
17536,1.0429
17537,0.9101
17538,0.9175
17539,0.7832
17540,1.2519
17541,1.5497
17542,0.5717
17543,0.8567
17544,0.7734
17545,0.8422
17546,0.8569
17547,1.2967
17548,0.8219
17549,0.7970
17550,0.8027
17551,0.9530
17552,0.7321
17553,0.8315
17554,0.9881
17555,1.2438
17556,0.7402
17557,1.0956
17558,0.7333
17559,0.9032
17560,0.8503
17561,0.8290
17562,0.7410
17563,1.1694
17564,1.2593
17565,0.6120
17566,1.2539
17567,0.6143
17568,0.8422
17569,1.1131
17570,0.5243
17571,0.9756
17572,0.8529
17573,0.8959
17574,0.8154
17575,1.1276
17576,1.0561
17577,0.9206
17578,1.3937
17579,0.8359
17580,0.8821
17581,0.7363
17582,0.9254
17583,0.8062
17584,0.7656
17585,1.3199
17586,0.8164
17587,0.8453
17588,0.8522
17589,0.8683
17590,1.1042
17591,0.5125
17592,0.8239
17593,1.5340
17594,0.6580
17595,0.8216
17596,0.8348
17597,0.8771
17598,0.9165
17599,0.7637
17600,0.7457
17601,1.5025
17602,0.7119
17603,0.8323
17604,0.8389
17605,0.8034
17606,0.9083
17607,0.8572
17608,0.6459
17609,1.3440
17610,1.0747
17611,0.6726
17612,1.1725
17613,0.9459
17614,0.8673
17615,1.3117
17616,0.9999
17617,0.8615
17618,0.7078
17619,0.9632
17620,0.6958
17621,0.9057
17622,0.7330
17623,1.2356
17624,1.0256
17625,0.6978
17626,0.8103
17627,1.3993
17628,0.3478
17629,0.7256
17630,0.8640
17631,1.3916
17632,0.8241
17633,0.9623
17634,0.8252
17635,0.8314
17636,0.8536
17637,0.5610
17638,0.9204
17639,1.2817
17640,1.1022
17641,0.9025
17642,0.8313
17643,0.7140
17644,1.1781
17645,0.6288
17646,0.6349
17647,1.4685
17648,0.9423
17649,0.9340
17650,0.9976
17651,0.8203
17652,0.9857
17653,1.2284
17654,0.8645
17655,0.8097
17656,0.9495
17657,0.8445
17658,0.8159
17659,0.7615
17660,0.8193
17661,1.2020
17662,0.9446
17663,0.8027
17664,0.8492
17665,0.8984
17666,0.8246
17667,0.8923
17668,1.1508
17669,1.1499
17670,1.2717
17671,0.8121
17672,0.8066
17673,1.0429
17674,0.7678
17675,0.7733
17676,1.2162
17677,1.1587
17678,1.1636
17679,0.2058
17680,0.8878
17681,0.8032
17682,1.0076
17683,1.2187
17684,1.1208
17685,0.9151
17686,1.0492
17687,0.8607
17688,0.7169
17689,0.9183
17690,1.0521
17691,1.0236
17692,0.8692
17693,0.8393
17694,0.8483
17695,0.7573
17696,0.7835
17697,0.8861
17698,1.5518
17699,0.6938
17700,0.8958
17701,0.8330
17702,0.8138
17703,0.9052
17704,0.8639
17705,0.7587
17706,1.1980
17707,0.8119
17708,0.8682
17709,0.7684
17710,0.9122
17711,1.0220
17712,0.6661
17713,1.2826
17714,0.8510
17715,0.8446
17716,0.8747
17717,0.6517
17718,1.0171
17719,0.8149
17720,0.7852
17721,0.9995
17722,1.0797
17723,1.1746
17724,1.0141
17725,0.9286
17726,0.8985
17727,0.8699
17728,1.3555
17729,0.6697
17730,0.9822
17731,0.6903
17732,0.9699
17733,0.6977
17734,0.7833
17735,1.0850
17736,1.0673
17737,1.3199
17738,0.7007
17739,0.9619
17740,0.8793
17741,0.8945
17742,0.8410
17743,1.1080
17744,0.8193
17745,1.0467
17746,0.6634
17747,0.8162
17748,0.8050
17749,0.8972
17750,0.8476
17751,1.2392
17752,0.8100
17753,0.9702
17754,0.6916
17755,0.8547
17756,0.8200
17757,0.8726
17758,0.8782
17759,1.3450
17760,0.9666
17761,1.2808
17762,0.7338
17763,0.8574
17764,0.9323
17765,0.8265
17766,1.1890
17767,0.8812
17768,0.8603
17769,0.7401
17770,0.8640
17771,0.8885
17772,0.8890
17773,0.8089
17774,1.3282
17775,0.9186
17776,0.8915
17777,0.8163
17778,0.8580
17779,1.0892
17780,1.4146
17781,0.5819
17782,0.7450
17783,0.6996
17784,0.8807
17785,0.7470
17786,1.0657
17787,0.6971
17788,0.8750
17789,0.7999
17790,1.4022
17791,0.8544
17792,0.8794
17793,0.7247
17794,0.8995
17795,0.8597
17796,0.7990
17797,1.3915
17798,0.9677
17799,1.1419
17800,0.9039
17801,0.8781
17802,0.7222
17803,0.8655
17804,1.2468
17805,0.7778
17806,0.8916
17807,0.8436
17808,0.9706
17809,0.8902
17810,0.7779
17811,0.8191
17812,1.3290
17813,1.1505
17814,0.5884
17815,0.8250
17816,0.8416
17817,0.8243
17818,0.8342
17819,0.9996
17820,1.1696
17821,0.9341
17822,0.8177
17823,0.8941
17824,0.8843
17825,0.7988
17826,0.8569
17827,1.3885
17828,0.8590
17829,0.9744
17830,0.8810
17831,0.6533
17832,0.9254
17833,0.8707
17834,0.7971
17835,1.1367
17836,0.9944
17837,1.0769
17838,0.9724
17839,0.9506
17840,0.7760
17841,0.7783
17842,1.2239
17843,0.9056
17844,0.9649
17845,0.8318
17846,0.7710
17847,1.3681
17848,0.4649
17849,1.1838
17850,1.0934
17851,1.0481
17852,0.8302
17853,0.8543
17854,0.9168
17855,0.9423
17856,1.1496
17857,0.9249
17858,0.7835
17859,0.7487
17860,0.9685
17861,0.7204
17862,0.9317
17863,1.0317
17864,1.2085
17865,0.7850
17866,0.9066
17867,0.8818
17868,0.7743
17869,1.0297
17870,0.7600
17871,0.7932
17872,1.4171
17873,0.9826
17874,0.9922
17875,0.9573
17876,0.9094
17877,0.6677
17878,0.9264
17879,1.2606
17880,1.2180
17881,0.9861
17882,0.7279
17883,0.9238
17884,0.7540
17885,0.7715
17886,1.2131
17887,0.9068
17888,0.8218
17889,0.8407
17890,0.7918
17891,0.9460
17892,0.8753
17893,0.8019
17894,1.2214
17895,0.8209
17896,1.4421
17897,0.2838
17898,0.8350
17899,0.9901
17900,0.7831
17901,1.1097
17902,0.8804
17903,1.2674
17904,0.7961
17905,0.9597
17906,0.7586
17907,0.8447
17908,1.0634
17909,0.9237
17910,0.8055
17911,1.1564
17912,1.3862
17913,0.8768
17914,0.8574
17915,0.7650
17916,1.0013
17917,1.1932
17918,0.9972
17919,0.8730
17920,0.8180
17921,0.8243
17922,0.8377
17923,1.2772
17924,0.8467
17925,0.8119
17926,0.9617
17927,0.8135
17928,0.8447
17929,0.7888
17930,1.2954
17931,0.7552
17932,0.9593
17933,0.8977
17934,0.7668
17935,0.8611
17936,0.9029
17937,0.8824
17938,0.8208
17939,1.2072
17940,1.1999
17941,0.8099
17942,0.8142
17943,0.9358
17944,0.9241
17945,0.7633
17946,1.2144
17947,1.2438
17948,0.4724
17949,1.2010
17950,1.0926
17951,1.0633
17952,0.8701
17953,1.0119
17954,1.0473
17955,0.8452
17956,0.8697
17957,0.8773
17958,0.9405
17959,0.8679
17960,0.7338
17961,1.1726
17962,0.8580
17963,0.8414
17964,1.0817
17965,0.7032
17966,0.7864
17967,0.8469
17968,0.8182
17969,1.3333
17970,1.2225
17971,0.7820
17972,0.8324
17973,0.9186
17974,0.8268
17975,1.1439
17976,0.8462
17977,0.8538
17978,0.8853
17979,0.7791
17980,1.0098
17981,0.9231
17982,0.9443
17983,0.9728
17984,0.8980
17985,0.7930
17986,1.0672
17987,1.0055
17988,0.9752
17989,0.8325
17990,1.3078
17991,1.0836
17992,0.9938
17993,0.8484
17994,0.8343
17995,0.9438
17996,0.9230
17997,0.7917
17998,1.2089
17999,0.8129
18000,0.7947
18001,0.9218
18002,0.8195
18003,0.8297
18004,0.8621
18005,1.1616
18006,1.1421
18007,0.8931
18008,0.8417
18009,0.8620
18010,0.9289
18011,0.7966
18012,1.0409
18013,1.1675
18014,0.6552
18015,0.9322
18016,0.8558
18017,1.1586
18018,0.7884
18019,0.8230
18020,1.1920
18021,0.9767
18022,0.9673
18023,0.8396
18024,0.6940
18025,0.9310
18026,0.8655
18027,0.8756
18028,1.1647
18029,1.1799
18030,1.0111
18031,0.9707
18032,0.7102
18033,0.7800
18034,0.8239
18035,1.1494
18036,0.8312
18037,0.8649
18038,0.8079
18039,0.8384
18040,0.9890
18041,0.7750
18042,0.7329
18043,1.3811
18044,1.2455
18045,0.8395
18046,1.1376
18047,0.6610
18048,0.7751
18049,0.8277
18050,1.1654
18051,0.8021
18052,0.8177
18053,0.9785
18054,1.2379
18055,0.8733
18056,0.7935
18057,1.1564
18058,1.1766
18059,1.0558
18060,0.8193
18061,0.8693
18062,1.7760
18063,0.2799
18064,1.0777
18065,0.6556
18066,0.8964
18067,0.7488
18068,0.8305
18069,1.0441
18070,0.7535
18071,0.9977
18072,0.9875
18073,0.8147
18074,0.8754
18075,0.7779
18076,0.8785
18077,0.8365
18078,0.9028
18079,0.8299
18080,1.2801
18081,1.1942
18082,0.8015
18083,0.8508
18084,0.8131
18085,0.9335
18086,0.8335
18087,0.8604
18088,1.1888
18089,0.8120
18090,0.9595
18091,1.1793
18092,0.8813
18093,0.8819
18094,0.7274
18095,1.3897
18096,1.0326
18097,0.5404
18098,0.8460
18099,0.8632
18100,0.9086
18101,0.8069
18102,1.1853
18103,0.8161
18104,0.7887
18105,0.7882
18106,0.8985
18107,0.9255
18108,0.8357
18109,1.2068
18110,0.7646
18111,0.8772
18112,0.8596
18113,0.8802
18114,0.7976
18115,1.1491
18116,0.6008
18117,1.2665
18118,0.8158
18119,1.2193
18120,0.8259
18121,0.8357
18122,0.8079
18123,0.9661
18124,0.8199
18125,1.2263
18126,0.7863
18127,1.1997
18128,0.9332
18129,0.8309
18130,0.9935
18131,1.3697
18132,0.7565
18133,1.0568
18134,0.9090
18135,0.9145
18136,0.8351
18137,0.8603
18138,0.7792
18139,1.2284
18140,0.9671
18141,0.7882
18142,0.7761
18143,0.8423
18144,0.8757
18145,0.8191
18146,0.8514
18147,1.1788
18148,1.2646
18149,0.7909
18150,1.2299
18151,0.4326
18152,0.9904
18153,0.7303
18154,1.2090
18155,0.9024
18156,0.8027
18157,0.7372
18158,0.8520
18159,0.8745
18160,0.8687
18161,0.9151
18162,1.1587
18163,0.9903
18164,0.7062
18165,1.2148
18166,0.9286
18167,1.0684
18168,0.6356
18169,0.7836
18170,1.3649
18171,0.7429
18172,0.8934
18173,0.8320
18174,0.7526
18175,0.9078
18176,0.8111
18177,1.2339
18178,0.8200
18179,0.7747
18180,0.9008
18181,0.9324
18182,0.6864
18183,0.8529
18184,0.8043
18185,1.2280
18186,1.1613
18187,0.9596
18188,1.0383
18189,0.6674
18190,0.9562
18191,0.7807
18192,1.2169
18193,0.9707
18194,0.9682
18195,0.7219
18196,0.9067
18197,0.8194
18198,0.8794
18199,0.8625
18200,1.1762
18201,0.9124
18202,0.7995
18203,1.0052
18204,1.1248
18205,0.8844
18206,0.8446
18207,1.1897
18208,1.1627
18209,0.9656
18210,0.8759
18211,0.7280
18212,1.0509
18213,0.8091
18214,1.3116
18215,0.6967
18216,0.8035
18217,0.8888
18218,0.8005
18219,0.7740
18220,0.9101
18221,0.8405
18222,1.2350
18223,1.1581
18224,0.9310
18225,0.9450
18226,0.7245
18227,0.9880
18228,0.7458
18229,0.9147
18230,1.2387
18231,0.8022
18232,0.9889
18233,0.7959
18234,0.7180
18235,0.8426
18236,0.8004
18237,0.8785
18238,1.3312
18239,0.8504
18240,1.0944
18241,0.9874
18242,0.9554
18243,0.9384
18244,0.7153
18245,1.2334
18246,0.7904
18247,0.8076
18248,0.9704
18249,0.7462
18250,0.7677
18251,0.9849
18252,0.7544
18253,1.3710
18254,0.6617
18255,0.8557
18256,0.8345
18257,0.8253
18258,0.9677
18259,0.8249
18260,1.1773
18261,1.1731
18262,0.8352
18263,0.8510
18264,0.7994
18265,1.1189
18266,0.5969
18267,0.8281
18268,1.2722
18269,0.8324
18270,0.8628
18271,0.9521
18272,0.6658
18273,0.8629
18274,0.7733
18275,1.2589
18276,1.1945
18277,0.9339
18278,0.8660
18279,1.1123
18280,1.1304
18281,1.5917
18282,0.4920
18283,0.8320
18284,0.7710
18285,0.8792
18286,0.8141
18287,1.0538
18288,0.7294
18289,1.2147
18290,0.7892
18291,0.8404
18292,0.7951
18293,0.8470
18294,0.8278
18295,0.8793
18296,0.9366
18297,0.8199
18298,1.2685
18299,0.9080
18300,0.7923
18301,0.7723
18302,0.8393
18303,1.0291
18304,0.7538
18305,1.2577
18306,0.8982
18307,0.9344
18308,0.9008
18309,0.7886
18310,1.0176
18311,0.7593
18312,1.1503
18313,1.2197
18314,0.7568
18315,0.9298
18316,1.0322
18317,1.0654
18318,0.8698
18319,1.2603
18320,0.6504
18321,0.9460
18322,0.7651
18323,0.9108
18324,0.8039
18325,1.0365
18326,0.7905
18327,1.1656
18328,1.2570
18329,0.8353
18330,0.7970
18331,0.8344
18332,1.3506
18333,0.4785
18334,0.8675
18335,1.2504
18336,0.8195
18337,0.8044
18338,0.8323
18339,0.7709
18340,0.8718
18341,0.9128
18342,1.2219
18343,0.8247
18344,0.7746
18345,0.8009
18346,0.9145
18347,0.8198
18348,0.8987
18349,0.8864
18350,1.2538
18351,0.9673
18352,0.7831
18353,0.7296
18354,1.0829
18355,1.0706
18356,0.9129
18357,1.1641
18358,0.9493
18359,0.9105
18360,0.7494
18361,0.8319
18362,0.8983
18363,0.8029
18364,0.8654
18365,1.3560
18366,0.8276
18367,1.1624
18368,0.5602
18369,0.8333
18370,0.8368
18371,0.8517
18372,1.2913
18373,0.7676
18374,0.8307
18375,0.9063
18376,0.8200
18377,0.8393
18378,0.8334
18379,1.0002
18380,1.1972
18381,0.8726
18382,0.8924
18383,1.2311
18384,0.4752
18385,0.8979
18386,0.8666
18387,0.7548
18388,1.3758
18389,0.8452
18390,0.9071
18391,0.7828
18392,1.0649
18393,1.7736
18394,0.5995
18395,0.8516
18396,0.8246
18397,0.8726
18398,0.7397
18399,0.8998
18400,1.2945
18401,0.4797
18402,0.7969
18403,1.4080
18404,0.6894
18405,0.9464
18406,0.7314
18407,0.8443
18408,0.9320
18409,0.8570
18410,1.1882
18411,0.8635
18412,0.8165
18413,0.8584
18414,0.7867
18415,0.8172
18416,1.0010
18417,0.9813
18418,1.1140
18419,0.7864
18420,0.8970
18421,0.7744
18422,0.8542
18423,1.2557
18424,0.4792
18425,0.8662
18426,1.1488
18427,0.8065
18428,0.9297
18429,0.9824
18430,0.8568
18431,0.9644
18432,0.8495
18433,1.1874
18434,1.0173
18435,0.6748
18436,0.8345
18437,0.8199
18438,0.9112
18439,0.7546
18440,0.8593
18441,1.2880
18442,1.1520
18443,0.9254
18444,0.9106
18445,0.9050
18446,0.8870
18447,0.8060
18448,1.1543
18449,0.9561
18450,1.4204
18451,0.1858
18452,0.9074
18453,0.9998
18454,0.6347
18455,1.2319
18456,1.1878
18457,0.9859
18458,0.8442
18459,0.8662
18460,0.8137
18461,0.9168
18462,1.1925
18463,0.8860
18464,0.8339
18465,0.8165
18466,0.7951
18467,1.1065
18468,0.9533
18469,1.0552
18470,1.1185
18471,0.9163
18472,0.8604
18473,0.8431
18474,0.8652
18475,0.9750
18476,1.0929
18477,0.4771
18478,1.1017
18479,1.2121
18480,0.9740
18481,0.9309
18482,0.8372
18483,0.9359
18484,0.8641
18485,1.1193
18486,0.8811
18487,0.8240
18488,0.7607
18489,0.8353
18490,1.0982
18491,0.7479
18492,0.7927
18493,1.2076
18494,1.1799
18495,0.9821
18496,0.9000
18497,0.8321
18498,0.9750
18499,0.7874
18500,1.5273
18501,0.4854
18502,0.8958
18503,0.8394
18504,0.7417
18505,1.1234
18506,1.0051
18507,0.6548
18508,1.3231
18509,0.8254
18510,0.8119
18511,0.8333
18512,0.7675
18513,0.9056
18514,0.8704
18515,1.2241
18516,0.8108
18517,0.9749
18518,0.7080
18519,0.8036
18520,0.8718
18521,1.0236
18522,0.7353
18523,1.1256
18524,0.8159
18525,0.8687
18526,0.8606
18527,0.8296
18528,0.8948
18529,0.7797
18530,0.8065
18531,1.3838
18532,0.9750
18533,0.8463
18534,0.8142
18535,0.9436
18536,0.9018
18537,0.8302
18538,0.8143
18539,1.1334
18540,0.9124
18541,0.8160
18542,0.8109
18543,0.7789
18544,1.3315
18545,0.7551
18546,1.3828
18547,0.7632
18548,0.8529
18549,0.8677
18550,0.8147
18551,2.6028
18552,0.2617
18553,0.3121
18554,1.1065
18555,0.7960
18556,0.7714
18557,0.8877
18558,0.9993
18559,0.7265
18560,0.8965
18561,1.1826
18562,1.0190
18563,0.7599
18564,0.9646
18565,0.7830
18566,0.9414
18567,0.8877
18568,1.2092
18569,1.5795
18570,1.0203
18571,1.0086
18572,0.2247
18573,2.3396
18574,0.1297
18575,0.9827
18576,0.9547
18577,0.9543
18578,1.1898
18579,0.3826
18580,0.8406
18581,1.4544
18582,1.1521
18583,1.0153
18584,1.0276
18585,0.4215
18586,0.8028
18587,0.8322
18588,0.9675
18589,0.7267
18590,1.1866
18591,1.0031
18592,0.6875
18593,0.9414
18594,0.7436
18595,0.8329
18596,0.9429
18597,1.2528
18598,0.9317
18599,1.0656
18600,0.6472
18601,0.9113
18602,0.9369
18603,0.6707
18604,0.7604
18605,1.3405
18606,0.8783
18607,0.9687
18608,0.8089
18609,0.9136
18610,0.8344
18611,0.8154
18612,1.1871
18613,1.0203
18614,0.8795
18615,1.4304
18616,0.6241
18617,0.7015
18618,0.8873
18619,0.8186
18620,1.3470
18621,0.9425
18622,0.7526
18623,0.8798
18624,0.7668
18625,0.8231
18626,0.9326
18627,1.1913
18628,0.9065
18629,0.8014
18630,0.8636
18631,0.8575
18632,0.7729
18633,0.9750
18634,0.9018
18635,1.2541
18636,0.8219
18637,0.8332
18638,0.7969
18639,0.9125
18640,0.8192
18641,1.0846
18642,1.0220
18643,1.3208
18644,0.6770
18645,0.9378
18646,0.8388
18647,0.7835
18648,0.8969
18649,1.2205
18650,0.8647
18651,1.0704
18652,0.8028
18653,0.7638
18654,0.8946
18655,1.0095
18656,0.6767
18657,0.8330
18658,1.2170
18659,1.2045
18660,0.8861
18661,0.9558
18662,0.7081
18663,1.0243
18664,0.8451
18665,1.2072
18666,0.9529
18667,0.6806
18668,0.8724
18669,0.9025
18670,0.9396
18671,0.7205
18672,1.2077
18673,1.2329
18674,0.9139
18675,0.8699
18676,0.9031
18677,0.9483
18678,0.8418
18679,1.1643
18680,0.8075
18681,0.7417
18682,0.9419
18683,0.8727
18684,0.7908
18685,0.9171
18686,0.7718
18687,1.1972
18688,1.3945
18689,0.9571
18690,0.8883
18691,0.9176
18692,0.7868
18693,0.8675
18694,1.2838
18695,0.7770
18696,0.7925
18697,0.9226
18698,0.8464
18699,0.9086
18700,0.7574
18701,0.8957
18702,1.3444
18703,0.7594
18704,0.7567
18705,0.8585
18706,1.2408
18707,0.7940
18708,0.8590
18709,1.2411
18710,0.8231
18711,0.7700
18712,0.9436
18713,0.8213
18714,0.8171
18715,0.8428
18716,1.4743
18717,0.6066
18718,0.9043
18719,0.8109
18720,0.8592
18721,0.8448
18722,0.7246
18723,0.9558
18724,0.7538
18725,1.2361
18726,1.3992
18727,1.0103
18728,0.9335
18729,0.8042
18730,0.8919
18731,0.7940
18732,1.4184
18733,0.6119
18734,0.9358
18735,0.6926
18736,0.8574
18737,1.0373
18738,0.6961
18739,0.7768
18740,1.2622
18741,0.8341
18742,1.2348
18743,0.8541
18744,0.8115
18745,0.9796
18746,0.8417
18747,1.2030
18748,0.8024
18749,0.9073
18750,0.7835
18751,0.8831
18752,0.8620
18753,0.8668
18754,0.8824
18755,1.1667
18756,0.9612
18757,0.9234
18758,0.8101
18759,0.8095
18760,0.9475
18761,0.8565
18762,1.1750
18763,1.0494
18764,0.9736
18765,0.8865
18766,1.3798
18767,0.6443
18768,0.6216
18769,0.8363
18770,1.2935
18771,0.9768
18772,0.8589
18773,0.8489
18774,0.8276
18775,0.9735
18776,0.6786
18777,1.1676
18778,0.8331
18779,0.9407
18780,0.8548
18781,0.8664
18782,0.8305
18783,0.7379
18784,1.2318
18785,1.2868
18786,0.8387
18787,0.7942
18788,0.8232
18789,0.8421
18790,0.8775
18791,0.9068
18792,1.2430
18793,0.8966
18794,0.6788
18795,0.8943
18796,0.8696
18797,0.8718
18798,0.9186
18799,0.6808
18800,1.3943
18801,0.9964
18802,1.0577
18803,0.9918
18804,0.8293
18805,0.8843
18806,0.8833
18807,1.1779
18808,0.9486
18809,0.7455
18810,0.8441
18811,0.7505
18812,0.8858
18813,0.8969
18814,0.8258
18815,1.1796
18816,0.8903
18817,0.8618
18818,1.3653
18819,0.3207
18820,0.9231
18821,0.8309
18822,1.1488
18823,1.2191
18824,0.9658
18825,0.8780
18826,0.7920
18827,1.0691
18828,0.7925
18829,0.8062
18830,1.1227
18831,0.9379
18832,0.8707
18833,0.8541
18834,0.8536
18835,0.8415
18836,0.8427
18837,1.2003
18838,1.3865
18839,1.0132
18840,0.9653
18841,0.8619
18842,0.9021
18843,0.8754
18844,1.1965
18845,0.8354
18846,0.8317
18847,0.8139
18848,0.8804
18849,0.8819
18850,0.8417
18851,1.0309
18852,1.1859
18853,1.0891
18854,0.5867
18855,0.8317
18856,0.7526
18857,1.0285
18858,0.7693
18859,1.2271
18860,0.8224
18861,0.8278
18862,0.8189
18863,0.8720
18864,0.7973
18865,0.9758
18866,0.9238
18867,0.7861
18868,1.1159
18869,0.8026
18870,0.9547
18871,0.7671
18872,0.8170
18873,0.9184
18874,0.8400
18875,1.4634
18876,0.7525
18877,0.8492
18878,0.7644
18879,0.8869
18880,1.1694
18881,0.6424
18882,1.2786
18883,0.8349
18884,0.8669
18885,0.7963
18886,0.8580
18887,0.8360
18888,0.8641
18889,0.8515
18890,1.2705
18891,1.2214
18892,0.8673
18893,0.8479
18894,0.8179
18895,1.0410
18896,0.7029
18897,0.7969
18898,1.3855
18899,0.9138
18900,0.8150
18901,0.8166
18902,1.1215
18903,0.7144
18904,0.7774
18905,1.2379
18906,0.7840
18907,0.8007
18908,0.8719
18909,0.8525
18910,0.9287
18911,1.1194
18912,1.2779
18913,0.8570
18914,1.2171
18915,0.8545
18916,0.8273
18917,1.1873
18918,0.7425
18919,0.6839
18920,1.1907
18921,0.9254
18922,0.8891
18923,0.8349
18924,0.8555
18925,0.8865
18926,0.8166
18927,0.7998
18928,1.2983
18929,1.1102
18930,0.9500
18931,0.7665
18932,1.0094
18933,0.6835
18934,1.0434
18935,0.9867
18936,0.8974
18937,0.7773
18938,0.8851
18939,0.9603
18940,0.8535
18941,0.8730
18942,1.0676
18943,1.2732
18944,0.8893
18945,0.8269
18946,0.8516
18947,0.9983
18948,1.0084
18949,1.2029
18950,0.9813
18951,0.9831
18952,0.8228
18953,0.6918
18954,0.8267
18955,0.9529
18956,0.7774
18957,1.1888
18958,0.8247
18959,1.0098
18960,0.8414
18961,0.8261
18962,0.9893
18963,0.8603
18964,0.6801
18965,1.3436
18966,0.7686
18967,0.8509
18968,0.7902
18969,0.7994
18970,0.8623
18971,0.9462
18972,1.2048
18973,0.8284
18974,0.8832
18975,0.7869
18976,0.8311
18977,0.9622
18978,0.7649
18979,0.7732
18980,1.3129
18981,1.2572
18982,0.8132
18983,0.9432
18984,0.6853
18985,1.2532
18986,1.0404
18987,1.2139
18988,0.6425
18989,0.8364
18990,0.8412
18991,0.8161
18992,1.0379
18993,0.7492
18994,1.1742
18995,0.8247
18996,0.8304
18997,0.8790
18998,0.8284
18999,0.7874
19000,0.9359
19001,0.9318
19002,1.1296
19003,1.1393
19004,0.8233
19005,0.8803
19006,0.8872
19007,0.8007
19008,0.9215
19009,0.8623
19010,1.3165
19011,0.7164
19012,0.8400
19013,0.8735
19014,0.7960
19015,1.1528
19016,0.6371
19017,0.7804
19018,1.1823
19019,1.7678
19020,0.5338
19021,1.1176
19022,1.1341
19023,1.0926
19024,0.9479
19025,0.7607
19026,1.0561
19027,0.5277
19028,0.7733
19029,0.8424
19030,0.7765
19031,0.9159
19032,1.5531
19033,0.9307
19034,0.8534
19035,0.6183
19036,0.7596
19037,0.8782
19038,0.8142
19039,0.8442
19040,1.0654
19041,0.9155
19042,0.9007
19043,0.7837
19044,0.8126
19045,0.9913
19046,0.6716
19047,1.0349
19048,1.0007
19049,0.8542
19050,0.8727
19051,0.8063
19052,0.8587
19053,0.8551
19054,0.9151
19055,1.3434
19056,0.7714
19057,0.9212
19058,0.8465
19059,0.8314
19060,1.0138
19061,1.0935
19062,1.1569
19063,0.9741
19064,0.8167
19065,0.9123
19066,0.7538
19067,0.8517
19068,1.1190
19069,0.6825
19070,1.3271
19071,0.8642
19072,0.8422
19073,0.8221
19074,0.7857
19075,0.9484
19076,0.7384
19077,1.3242
19078,0.7770
19079,0.8487
19080,0.8600
19081,0.8594
19082,0.8107
19083,0.9324
19084,0.8520
19085,1.5672
19086,0.9242
19087,0.8445
19088,0.8239
19089,0.8386
19090,0.7933
19091,0.8287
19092,1.2021
19093,0.9420
19094,0.9389
19095,0.7359
19096,0.8630
19097,0.7924
19098,1.0980
19099,1.4170
19100,0.9362
19101,0.9922
19102,0.8227
19103,0.7413
19104,0.8602
19105,1.0167
19106,0.7677
19107,0.7826
19108,1.2407
19109,1.1964
19110,0.8551
19111,0.7418
19112,0.8690
19113,0.9670
19114,1.2704
19115,0.7930
19116,0.8904
19117,0.9266
19118,0.7352
19119,0.8438
19120,0.8331
19121,0.7970
19122,0.8629
19123,1.3162
19124,1.1119
19125,0.8587
19126,0.7959
19127,0.8410
19128,0.8613
19129,0.8516
19130,1.2905
19131,0.7479
19132,0.8261
19133,0.8330
19134,1.0491
19135,1.5128
19136,0.6189
19137,0.8648
19138,1.1217
19139,0.8285
19140,0.8184
19141,0.8367
19142,0.8400
19143,1.2130
19144,0.5005
19145,1.2599
19146,1.2371
19147,0.7864
19148,0.8189
19149,0.8318
19150,0.8733
19151,1.1457
19152,0.8924
19153,0.9576
19154,0.7508
19155,0.8509
19156,0.8314
19157,0.7583
19158,1.0439
19159,0.7721
19160,1.2282
19161,1.1026
19162,0.8195
19163,0.8650
19164,0.8192
19165,0.9802
19166,0.7899
19167,0.8177
19168,1.2300
19169,1.0537
19170,0.5867
19171,0.9905
19172,1.1235
19173,0.8594
19174,0.8304
19175,1.4253
19176,0.7906
19177,0.8306
19178,0.8444
19179,0.8507
19180,0.9990
19181,0.8252
19182,1.1788
19183,0.7842
19184,0.8257
19185,0.8247
19186,0.7811
19187,0.9216
19188,0.8226
19189,0.8624
19190,1.2119
19191,0.8823
19192,0.8588
19193,0.8428
19194,0.7918
19195,0.8202
19196,0.9564
19197,0.7652
19198,1.2972
19199,1.1754
19200,0.8658
19201,1.2637
19202,0.4878
19203,0.8799
19204,0.8868
19205,1.1964
19206,0.7478
19207,0.8367
19208,0.9961
19209,1.2069
19210,0.8785
19211,0.8853
19212,1.3327
19213,0.8252
19214,0.8227
19215,0.7589
19216,0.8592
19217,0.8326
19218,0.9041
19219,0.8362
19220,1.1732
19221,0.9298
19222,0.8065
19223,0.8370
19224,0.7261
19225,0.8710
19226,0.9317
19227,1.2001
19228,0.8670
19229,0.8271
19230,0.7730
19231,0.8968
19232,0.7589
19233,1.1656
19234,0.6283
19235,0.7915
19236,1.3260
19237,1.3114
19238,0.3504
19239,0.8781
19240,0.7817
19241,0.9239
19242,0.7953
19243,1.2325
19244,0.7882
19245,1.0455
19246,1.0964
19247,0.9132
19248,1.0238
19249,0.6605
19250,1.1881
19251,1.1873
19252,1.1620
19253,0.7175
19254,0.7754
19255,1.0995
19256,0.6777
19257,0.9139
19258,1.1982
19259,0.8734
19260,0.7370
19261,0.8344
19262,0.7951
19263,0.9897
19264,0.8066
19265,1.3272
19266,0.8737
19267,0.8387
19268,0.8366
19269,0.8426
19270,0.9191
19271,0.7111
19272,0.9034
19273,1.2148
19274,0.7302
19275,0.9648
19276,0.7716
19277,0.8571
19278,0.7835
19279,0.9611
19280,1.0809
19281,0.8517
19282,1.0075
19283,0.7939
19284,0.7970
19285,1.0645
19286,1.0482
19287,0.7465
19288,0.7752
19289,1.3058
19290,0.8113
19291,0.8383
19292,0.8192
19293,0.8497
19294,0.8732
19295,0.9166
19296,1.1678
19297,0.9286
19298,0.7509
19299,0.8714
19300,0.7909
19301,0.8338
19302,0.9507
19303,1.8011
19304,0.6103
19305,0.7325
19306,0.8038
19307,0.8481
19308,0.9044
19309,0.9646
19310,0.8000
19311,1.1300
19312,1.0026
19313,0.8539
19314,0.9161
19315,0.8280
19316,0.9269
19317,0.8635
19318,0.7365
19319,1.2550
19320,0.8997
19321,0.8793
19322,0.9263
19323,1.0696
19324,1.8312
19325,0.2264
19326,1.0559
19327,0.8847
19328,0.9265
19329,0.7210
19330,0.8760
19331,0.8991
19332,0.8003
19333,1.1786
19334,0.8956
19335,0.6750
19336,0.8576
19337,1.3031
19338,0.6442
19339,1.0392
19340,0.4919
19341,1.1218
19342,1.2188
19343,0.8263
19344,0.8399
19345,0.8447
19346,0.8989
19347,0.9006
19348,0.8157
19349,1.2729
19350,0.8658
19351,0.8373
19352,0.9599
19353,0.9089
19354,0.7154
19355,0.9252
19356,1.2073
19357,1.2051
19358,0.8578
19359,1.0418
19360,1.0775
19361,0.8608
19362,0.8240
19363,1.2173
19364,0.8439
19365,0.8214
19366,0.8262
19367,0.8206
19368,0.8957
19369,0.8893
19370,0.7822
19371,1.2300
19372,0.7548
19373,0.9088
19374,0.7935
19375,0.8655
19376,0.8736
19377,0.7747
19378,0.8782
19379,1.3757
19380,0.8058
19381,0.8416
19382,0.8360
19383,0.8667
19384,1.0141
19385,0.7543
19386,1.2116
19387,0.7867
19388,0.7955
19389,0.8586
19390,0.8052
19391,0.9404
19392,0.8010
19393,0.8490
19394,1.2880
19395,0.8298
19396,1.0274
19397,1.2652
19398,0.7562
19399,0.7997
19400,0.8467
19401,1.2844
19402,0.8054
19403,0.7946
19404,0.8155
19405,0.8717
19406,0.8173
19407,0.8855
19408,0.8349
19409,1.2724
19410,0.8772
19411,0.8715
19412,0.9159
19413,0.8425
19414,0.9624
19415,0.6618
19416,1.1896
19417,1.2358
19418,1.0060
19419,0.7952
19420,0.8559
19421,0.7988
19422,1.0761
19423,0.7159
19424,1.1727
19425,0.8197
19426,0.8424
19427,0.8195
19428,0.8641
19429,0.7970
19430,0.9450
19431,0.7838
19432,1.2887
19433,1.0577
19434,1.0046
19435,0.9444
19436,0.8436
19437,0.8136
19438,0.8990
19439,1.4105
19440,0.7224
19441,0.9468
19442,0.8223
19443,0.8486
19444,0.9541
19445,0.7174
19446,0.8077
19447,1.3961
19448,0.8128
19449,0.7509
19450,0.8468
19451,0.8420
19452,0.8683
19453,0.9383
19454,1.1131
19455,0.9100
19456,1.0227
19457,0.6115
19458,0.7926
19459,0.7846
19460,0.9391
19461,0.8619
19462,1.1803
19463,0.8978
19464,0.8260
19465,0.8267
19466,0.8221
19467,0.8131
19468,0.9828
19469,0.7948
19470,1.3536
19471,1.0760
19472,0.8116
19473,1.4845
19474,0.3091
19475,0.8560
19476,1.2258
19477,0.8053
19478,0.7864
19479,0.9482
19480,0.7130
19481,0.9526
19482,0.8377
19483,0.8802
19484,0.8584
19485,1.3144
19486,0.7242
19487,0.8993
19488,0.7966
19489,0.9032
19490,1.2409
19491,0.5918
19492,0.7434
19493,1.2356
19494,0.7665
19495,0.8630
19496,0.8346
19497,0.8303
19498,0.9428
19499,0.7197
19500,0.9265
19501,1.1322
19502,0.8916
19503,0.7552
19504,0.9735
19505,0.8639
19506,0.7966
19507,1.3439
19508,1.0644
19509,0.7928
19510,0.8122
19511,0.8135
19512,0.9262
19513,1.0638
19514,0.6378
19515,1.1857
19516,0.8405
19517,0.7646
19518,0.9369
19519,0.8511
19520,0.8251
19521,1.0702
19522,0.5818
19523,1.4544
19524,0.7971
19525,1.0433
19526,0.5914
19527,0.8344
19528,0.8897
19529,0.8547
19530,0.8294
19531,1.2642
19532,0.7738
19533,0.9247
19534,0.7559
19535,0.9000
19536,0.9665
19537,0.7558
19538,1.2076
19539,1.2094
19540,0.9138
19541,0.7528
19542,0.9560
19543,0.7846
19544,1.0077
19545,1.3372
19546,0.8418
19547,0.8334
19548,0.9386
19549,0.7345
19550,0.8756
19551,0.9635
19552,0.8285
19553,1.1291
19554,1.0685
19555,0.9002
19556,0.8152
19557,0.8413
19558,0.8366
19559,1.8149
19560,0.2118
19561,1.0422
19562,0.8708
19563,1.1456
19564,0.9167
19565,0.8351
19566,0.8505
19567,0.8735
19568,1.2217
19569,0.7593
19570,0.8781
19571,0.8763
19572,0.8257
19573,0.9478
19574,0.7700
19575,1.2738
19576,0.8460
19577,0.9414
19578,0.7923
19579,0.7265
19580,0.9091
19581,1.1267
19582,1.0708
19583,1.0803
19584,1.0985
19585,0.8686
19586,0.9042
19587,0.7762
19588,0.9760
19589,0.8645
19590,1.1526
19591,0.9750
19592,0.6790
19593,0.8431
19594,0.8603
19595,0.8195
19596,0.8522
19597,0.9208
19598,1.1404
19599,1.2167
19600,0.8560
19601,0.7717
19602,0.8407
19603,1.0143
19604,0.8169
19605,1.0728
19606,0.8176
19607,0.8225
19608,0.8764
19609,0.8702
19610,0.8586
19611,0.8888
19612,0.7843
19613,1.2332
19614,1.2118
19615,1.2993
19616,0.2234
19617,0.9130
19618,1.2225
19619,0.9972
19620,1.1563
19621,0.8978
19622,0.8233
19623,0.7740
19624,0.8738
19625,0.8765
19626,0.8125
19627,0.8000
19628,1.3231
19629,0.9359
19630,0.8229
19631,0.8061
19632,0.8907
19633,0.9511
19634,0.7473
19635,0.8318
19636,1.2030
19637,0.8674
19638,0.7848
19639,0.8452
19640,0.8529
19641,1.0769
19642,0.7313
19643,1.0477
19644,0.9122
19645,0.8053
19646,0.8473
19647,0.8454
19648,0.8461
19649,0.7686
19650,0.8837
19651,1.1717
19652,1.2440
19653,0.9728
19654,0.8259
19655,1.0340
19656,1.3505
19657,0.6988
19658,1.4894
19659,0.6019
19660,0.8830
19661,0.7440
19662,0.8490
19663,0.8397
19664,0.8741
19665,0.8414
19666,1.4435
19667,0.7528
19668,0.8069
19669,0.8937
19670,0.8438
19671,0.8809
19672,0.9004
19673,1.2035
19674,0.7912
19675,1.4766
19676,0.3363
19677,0.6805
19678,0.8805
19679,0.8161
19680,0.9505
19681,0.7500
19682,1.2066
19683,0.8431
19684,0.8190
19685,0.9493
19686,0.7304
19687,0.9159
19688,0.8992
19689,1.2649
19690,0.8142
19691,0.8778
19692,0.7367
19693,1.1261
19694,0.8799
19695,0.9469
19696,0.6830
19697,1.2200
19698,0.7551
19699,0.9193
19700,0.8430
19701,0.7791
19702,0.9536
19703,0.7929
19704,1.2458
19705,1.1693
19706,0.9458
19707,0.8679
19708,0.9402
19709,1.1133
19710,0.5965
19711,0.8381
19712,1.2393
19713,0.8400
19714,0.8221
19715,0.7825
19716,0.7915
19717,0.9735
19718,0.8664
19719,1.3947
19720,0.9917
19721,0.9512
19722,0.7956
19723,0.7596
19724,0.9357
19725,0.7784
19726,1.2895
19727,0.7866
19728,0.9569
19729,0.8150
19730,0.9018
19731,1.2720
19732,0.7405
19733,0.8917
19734,1.1434
19735,0.8647
19736,0.8245
19737,0.7965
19738,0.8554
19739,0.9774
19740,0.7911
19741,0.8697
19742,2.4946
19743,0.2974
19744,0.2378
19745,1.5663
19746,0.7717
19747,0.6531
19748,1.1773
19749,1.0387
19750,0.7951
19751,0.8392
19752,0.8944
19753,0.7382
19754,0.8858
19755,0.8376
19756,1.3757
19757,0.8827
19758,0.7670
19759,0.8302
19760,0.7745
19761,0.8848
19762,0.8451
19763,1.2200
19764,0.7966
19765,0.8710
19766,0.8009
19767,0.9687
19768,0.8367
19769,0.8931
19770,0.7737
19771,1.2468
19772,0.8049
19773,0.8715
19774,0.8599
19775,0.7580
19776,0.8941
19777,0.8300
19778,0.8417
19779,1.2173
19780,1.2236
19781,0.8855
19782,1.1333
19783,0.8066
19784,0.8390
19785,0.8915
19786,1.1697
19787,0.8573
19788,0.7533
19789,0.9510
19790,0.8873
19791,0.8596
19792,0.8071
19793,1.3327
19794,0.8869
19795,0.8593
19796,0.8245
19797,0.8413
19798,0.8319
19799,0.8610
19800,0.8346
19801,0.8491
19802,1.3540
19803,0.7980
19804,0.8319
19805,0.8470
19806,0.8574
19807,0.8880
19808,0.8816
19809,1.1420
19810,1.4292
19811,0.7438
19812,0.9109
19813,0.8131
19814,1.0189
19815,0.7364
19816,0.8962
19817,1.1268
19818,0.8315
19819,1.0621
19820,1.0834
19821,0.8932
19822,0.8289
19823,0.8167
19824,1.2641
19825,0.7984
19826,0.8380
19827,0.8749
19828,0.8685
19829,1.0563
19830,0.9114
19831,0.5864
19832,1.2706
19833,0.9343
19834,0.7456
19835,0.9262
19836,0.8090
19837,0.8817
19838,0.8710
19839,1.1881
19840,0.7188
19841,0.9026
19842,0.9889
19843,0.8061
19844,1.0379
19845,0.6603
19846,0.8032
19847,1.3595
19848,0.7978
19849,0.8264
19850,0.8526
19851,0.8397
19852,1.1130
19853,0.5649
19854,1.3709
19855,0.7120
19856,0.8206
19857,1.0180
19858,1.2213
19859,0.8436
19860,0.7948
19861,0.9406
19862,1.1893
19863,0.8754
19864,0.8559
19865,0.8348
19866,0.8433
19867,1.0914
19868,0.9906
19869,0.7263
19870,1.2358
19871,0.7973
19872,0.8364
19873,0.8209
19874,0.7621
19875,0.9985
19876,0.8049
19877,1.1846
19878,0.8317
19879,0.9008
19880,0.8237
19881,0.8049
19882,0.8586
19883,0.8067
19884,0.8660
19885,1.2494
19886,1.2178
19887,0.8850
19888,0.8974
19889,0.9466
19890,0.7860
19891,1.2723
19892,0.8133
19893,1.0121
19894,0.9359
19895,1.1113
19896,0.7930
19897,0.9335
19898,0.8147
19899,1.3358
19900,0.7794
19901,0.8262
19902,0.8662
19903,0.8209
19904,0.9925
19905,0.7787
19906,0.8779
19907,1.1272
19908,0.8344
19909,0.8302
19910,0.8461
19911,0.7689
19912,1.6039
19913,0.3661
19914,0.6584
19915,1.3296
19916,0.8164
19917,0.7996
19918,0.8703
19919,0.8553
19920,1.1525
19921,0.5510
19922,1.1507
19923,1.2103
19924,0.8642
19925,0.8173
19926,0.8048
19927,1.0652
19928,0.7582
19929,1.1409
19930,0.8927
19931,0.8194
19932,0.8080
19933,0.8324
19934,0.9275
19935,0.8038
19936,0.8790
19937,1.3903
19938,0.7359
19939,0.9383
19940,0.7768
19941,0.8119
19942,0.8524
19943,0.8982
19944,0.8417
19945,1.2617
19946,0.7277
19947,3.5985
19948,0.9800
19949,0.3826
19950,0.4599
19951,1.3100
19952,0.8862
19953,0.9618
19954,0.7541
19955,0.8132
19956,0.9504
19957,1.3032
19958,1.0089
19959,0.6455
19960,0.9402
19961,0.8289
19962,0.8170
19963,0.8297
19964,0.7812
19965,1.2906
19966,0.7873
19967,0.7762
19968,0.9176
19969,0.7242
19970,0.8297
19971,0.9161
19972,0.7686
19973,1.4334
19974,0.8791
19975,0.6969
19976,0.7828
19977,0.9360
19978,0.8576
19979,0.9675
19980,0.6842
19981,1.2445
19982,1.0889
19983,0.9761
19984,0.8060
19985,0.8576
19986,0.9807
19987,0.6759
19988,1.2961
19989,1.1937
19990,0.7366
19991,0.9835
19992,0.8063
19993,0.7637
19994,0.9685
19995,1.1173
19996,0.9717
19997,0.7450
19998,0.7856
19999,0.9155
20000,0.8015
20001,0.8257
20002,0.8653
20003,1.2735
20004,0.7949
20005,0.8524
20006,0.8521
20007,0.8397
20008,0.8426
20009,0.8902
20010,0.8840
20011,1.1481
20012,1.6925
20013,0.5059
20014,0.8861
20015,0.8614
20016,0.9618
20017,0.7606
20018,1.2879
20019,1.0367
20020,0.9154
20021,0.8652
20022,0.6970
20023,0.8609
20024,0.9396
20025,0.8863
20026,1.3350
20027,0.7890
20028,0.8302
20029,0.7860
20030,1.4042
20031,0.4591
20032,0.7312
20033,1.2008
20034,0.8212
20035,0.8204
20036,0.8938
20037,0.8432
20038,0.8229
20039,1.0098
20040,0.6763
20041,0.9283
20042,1.1309
20043,0.8339
20044,0.7451
20045,0.8218
20046,0.9392
20047,0.8421
20048,0.9289
20049,1.8374
20050,0.2432
20051,0.8979
20052,0.7552
20053,0.8703
20054,0.9059
20055,0.8329
20056,0.9958
20057,1.1609
20058,1.0216
20059,0.8581
20060,0.8312
20061,0.8931
20062,1.0343
20063,0.6771
20064,1.2144
20065,1.2104
20066,0.7367
20067,0.9453
20068,0.7904
20069,1.0303
20070,0.6869
20071,1.2755
20072,0.8327
20073,0.8544
20074,0.8515
20075,0.7460
20076,0.8784
20077,0.8561
20078,0.8366
20079,1.3724
20080,0.8301
20081,0.8889
20082,0.8700
20083,0.8022
20084,0.9224
20085,0.7354
20086,0.7969
20087,1.3152
20088,0.7074
20089,0.8450
20090,0.9188
20091,0.8259
20092,0.8360
20093,0.9979
20094,1.4978
20095,0.6873
20096,0.8415
20097,0.8718
20098,0.7842
20099,0.9342
20100,0.8786
20101,1.0027
20102,1.0646
20103,0.9513
20104,1.1084
20105,0.8211
20106,0.8381
20107,0.9545
20108,0.7951
20109,0.8360
20110,1.1682
20111,0.8423
20112,0.8519
20113,0.8224
20114,0.8580
20115,0.8645
20116,0.8592
20117,1.6714
20118,0.5693
20119,0.9788
20120,0.8433
20121,0.8017
20122,0.8916
20123,0.9328
20124,1.1986
20125,0.7695
20126,0.8204
20127,0.9821
20128,0.7617
20129,0.8271
20130,1.0861
20131,1.2005
20132,1.1617
20133,1.0331
20134,0.8985
20135,0.8174
20136,0.8059
20137,0.9329
20138,0.8418
20139,0.8142
20140,1.3129
20141,0.9234
20142,0.8730
20143,0.8644
20144,0.8627
20145,0.7849
20146,0.8454
20147,1.1742
20148,1.0946
20149,0.8178
20150,1.0501
20151,0.6016
20152,0.8256
20153,1.0918
20154,1.0914
20155,1.1195
20156,0.8406
20157,0.8250
20158,0.9087
20159,0.8856
20160,0.6583
20161,0.9176
20162,1.2393
20163,0.8656
20164,0.8043
20165,0.8762
20166,0.8447
20167,1.5992
20168,0.4409
20169,0.9303
20170,1.3682
20171,0.8184
20172,0.7896
20173,0.8425
20174,0.8094
20175,0.9094
20176,0.8095
20177,1.2276
20178,0.7883
20179,0.9623
20180,0.7775
20181,0.9392
20182,0.9435
20183,0.5385
20184,0.8388
20185,1.3418
20186,0.8683
20187,0.7988
20188,0.7863
20189,0.9013
20190,0.8695
20191,0.7616
20192,0.8208
20193,1.4144
20194,0.7907
20195,0.9209
20196,0.7950
20197,0.8654
20198,1.0732
20199,0.5477
20200,1.3011
20201,0.9558
20202,0.8099
20203,0.7624
20204,1.0452
20205,1.0255
20206,0.9695
20207,1.3690
20208,0.9128
20209,0.8178
20210,0.9080
20211,0.7553
20212,0.8794
20213,0.8712
20214,0.8064
20215,1.2178
20216,0.8758
20217,0.8366
20218,0.9943
20219,0.5432
20220,1.2657
20221,0.5583
20222,0.8306
20223,1.1909
20224,0.9639
20225,0.8090
20226,0.8037
20227,0.8207
20228,0.8976
20229,0.9533
20230,0.8506
20231,1.1011
20232,1.3394
20233,0.8419
20234,0.9490
20235,0.8952
20236,0.4885
20237,0.8508
20238,1.3496
20239,0.8921
20240,0.8818
20241,0.8180
20242,0.8110
20243,1.0768
20244,0.9935
20245,1.0952
20246,1.1408
20247,0.9447
20248,0.6973
20249,0.9127
20250,0.8196
20251,0.9005
20252,0.7922
20253,1.1822
20254,0.8350
20255,0.8094
20256,0.9353
20257,0.9161
20258,0.6636
20259,0.8909
20260,1.2169
20261,1.0936
20262,1.0076
20263,0.9021
20264,0.9776
20265,0.7441
20266,0.9425
20267,1.1001
20268,0.9154
20269,0.7050
20270,0.8525
20271,0.8980
20272,0.9195
20273,0.6872
20274,1.0994
20275,1.1506
20276,0.7950
20277,0.7916
20278,0.8797
20279,1.3237
20280,0.1979
20281,1.1926
20282,1.3597
20283,1.1642
20284,1.0788
20285,0.6323
20286,0.9534
20287,0.7744
20288,0.8796
20289,0.8180
20290,1.1550
20291,0.7989
20292,0.9344
20293,0.8534
20294,0.8800
20295,0.8593
20296,0.7671
20297,0.8953
20298,1.3148
20299,0.8634
20300,0.8176
20301,0.8798
20302,0.7627
20303,0.8493
20304,0.8347
20305,1.3224
20306,0.7918
20307,0.7840
20308,0.8375
20309,0.8649
20310,0.8295
20311,0.9666
20312,0.8838
20313,1.0284
20314,0.8829
20315,0.7968
20316,0.8528
20317,0.8842
20318,0.9449
20319,1.2264
20320,1.4010
20321,0.6507
20322,1.0501
20323,0.8140
20324,0.8179
20325,0.8334
20326,0.9714
20327,1.1281
20328,0.8873
20329,0.8448
20330,0.8825
20331,0.8197
20332,0.8211
20333,0.7638
20334,0.8369
20335,1.7954
20336,0.7073
20337,0.8918
20338,0.7982
20339,0.8377
20340,0.7781
20341,0.8706
20342,0.8880
20343,1.1373
20344,0.8358
20345,0.9390
20346,0.8312
20347,0.8335
20348,0.6992
20349,0.9980
20350,0.7774
20351,1.3191
20352,0.9123
20353,0.8131
20354,0.8612
20355,0.8439
20356,1.0160
20357,1.3555
20358,0.9116
20359,0.8193
20360,0.7437
20361,0.8331
20362,0.9221
20363,0.8367
20364,0.9265
20365,0.8212
20366,1.1359
20367,0.9035
20368,0.7636
20369,0.8535
20370,0.8983
20371,0.8962
20372,0.8762
20373,1.1931
20374,1.1972
20375,0.8553
20376,0.8128
20377,0.8393
20378,0.7499
20379,0.9282
20380,0.8728
20381,1.1518
20382,0.8760
20383,0.7647
20384,0.9807
20385,0.7888
20386,0.8424
20387,0.7734
20388,1.1395
20389,1.1771
20390,1.2378
20391,0.3584
20392,0.7705
20393,1.1682
20394,1.1063
20395,1.1353
20396,0.9453
20397,0.8044
20398,0.8660
20399,0.7883
20400,0.8854
20401,0.8395
20402,0.8152
20403,0.7964
20404,1.5564
20405,0.6376
20406,0.8840
20407,0.7538
20408,0.7781
20409,0.9440
20410,0.8296
20411,1.1374
20412,1.2724
20413,0.9091
20414,0.9173
20415,0.7997
20416,0.9351
20417,0.7456
20418,1.2383
20419,0.8353
20420,0.9972
20421,0.9067
20422,0.9054
20423,0.7146
20424,0.9223
20425,0.8784
20426,0.7339
20427,1.3491
20428,1.0072
20429,0.7942
20430,1.1074
20431,1.0841
20432,0.8205
20433,1.3079
20434,0.7991
20435,0.8094
20436,0.7977
20437,0.9560
20438,1.7923
20439,0.2367
20440,0.6591
20441,1.2353
20442,0.8667
20443,0.8553
20444,0.8443
20445,0.8364
20446,0.9583
20447,0.7905
20448,0.8319
20449,1.1258
20450,0.8480
20451,0.8055
20452,0.8223
20453,0.8405
20454,0.8556
20455,0.8278
20456,1.2886
20457,0.9259
20458,0.7377
20459,0.8796
20460,0.8484
20461,0.8057
20462,0.8979
20463,0.7939
20464,1.4406
20465,0.8100
20466,0.7971
20467,0.9012
20468,0.7763
20469,0.9780
20470,0.7705
20471,1.2105
20472,0.7886
20473,0.8428
20474,0.8487
20475,0.7763
20476,1.0754
20477,1.1563
20478,0.8646
20479,1.3227
20480,0.8238
20481,0.8011
20482,0.8453
20483,0.7906
20484,0.8869
20485,0.7749
20486,0.9104
20487,1.2156
20488,0.8405
20489,0.7886
20490,1.0148
20491,0.7942
20492,0.9628
20493,0.7474
20494,1.1393
20495,0.8526
20496,0.8301
20497,0.8429
20498,0.8130
20499,0.8304
20500,0.9582
20501,0.8731
20502,1.1124
20503,1.2101
20504,0.8155
20505,0.8576
20506,0.8457
20507,1.0365
20508,0.7004
20509,0.8202
20510,1.1608
20511,0.8322
20512,0.8136
20513,0.9687
20514,0.9323
20515,0.8581
20516,0.8975
20517,1.1848
20518,1.1789
20519,0.8534
20520,0.7652
20521,0.8262
20522,1.0853
20523,0.6465
20524,0.9328
20525,1.1768
20526,0.7837
20527,0.8731
20528,0.8284
20529,0.7832
20530,0.8675
20531,0.7912
20532,1.2432
20533,1.2006
20534,0.9450
20535,0.9832
20536,0.7815
20537,0.9325
20538,0.8256
20539,1.1982
20540,0.8090
20541,0.7808
20542,0.8663
20543,0.8196
20544,0.9199
20545,0.7850
20546,0.8431
20547,1.2456
20548,1.2842
20549,0.3449
20550,1.0780
20551,1.1054
20552,1.0275
20553,0.7738
20554,1.1804
20555,1.2485
20556,0.9078
20557,1.1473
20558,0.7213
20559,0.9331
20560,0.7998
20561,1.0770
20562,0.8106
20563,0.8490
20564,0.8297
20565,0.7968
20566,0.8034
20567,1.0612
20568,0.7587
20569,0.8810
20570,1.2478
20571,0.9241
20572,0.9252
20573,1.0273
20574,0.6889
20575,0.8104
20576,0.8341
20577,1.2742
20578,0.7599
20579,0.8195
20580,0.8743
20581,0.7891
20582,0.8171
20583,0.9140
20584,0.7799
20585,1.3030
20586,0.8155
20587,0.9875
20588,1.0820
20589,0.8638
20590,0.8782
20591,0.7988
20592,1.2076
20593,1.2087
20594,0.9768
20595,0.8447
20596,0.7879
20597,1.1650
20598,0.9583
20599,0.8338
20600,0.8876
20601,0.7959
20602,0.8934
20603,0.7717
20604,0.9312
20605,0.8692
20606,0.8142
20607,1.3681
20608,1.0439
20609,0.8624
20610,0.7614
20611,0.8141
20612,1.0182
20613,0.7917
20614,1.1392
20615,0.8702
20616,0.8865
20617,0.8029
20618,0.8700
20619,0.8787
20620,0.7837
20621,1.2327
20622,0.8276
20623,1.2748
20624,1.0926
20625,0.6808
20626,1.0646
20627,0.8952
20628,0.9238
20629,1.3190
20630,0.7037
20631,0.7612
20632,0.8956
20633,0.8583
20634,0.8053
20635,0.9289
20636,0.8059
20637,1.0992
20638,0.9021
20639,0.8721
20640,0.8326
20641,0.7800
20642,1.1043
20643,0.7105
20644,0.8014
20645,1.2100
20646,1.2297
20647,0.9030
20648,0.8733
20649,0.9189
20650,0.8197
20651,0.8761
20652,1.2134
20653,0.7750
20654,0.8350
20655,0.8553
20656,0.8710
20657,1.0364
20658,1.4094
20659,0.5690
20660,0.8162
20661,1.1433
20662,0.8768
20663,0.8837
20664,1.4426
20665,0.6267
20666,0.8133
20667,1.1645
20668,0.8786
20669,0.7916
20670,0.8756
20671,0.8259
20672,0.8761
20673,0.8425
20674,0.9341
20675,1.2581
20676,0.8404
20677,0.8968
20678,0.8260
20679,0.8919
20680,0.7668
20681,0.7983
20682,1.4094
20683,0.7786
20684,0.8465
20685,0.9755
20686,0.7715
20687,1.0731
20688,0.6756
20689,0.8596
20690,1.1228
20691,0.8505
20692,0.8350
20693,0.8601
20694,0.8141
20695,0.9502
20696,0.7968
20697,1.1746
20698,1.1879
20699,1.1019
20700,0.9310
20701,0.8045
20702,0.9203
20703,0.8793
20704,1.1935
20705,0.8076
20706,0.7759
20707,0.8115
20708,1.5621
20709,0.7382
20710,0.5225
20711,0.8763
20712,1.2260
20713,0.8837
20714,0.8270
20715,0.8690
20716,0.7344
20717,0.9627
20718,0.8380
20719,1.1531
20720,0.8705
20721,0.8139
20722,0.8453
20723,0.7791
20724,0.9337
20725,1.0446
20726,0.6678
20727,0.8022
20728,1.2185
20729,0.9382
20730,0.7376
20731,0.8393
20732,0.8407
20733,0.9644
20734,0.8475
20735,1.1933
20736,1.1803
20737,0.7914
20738,0.8736
20739,0.8717
20740,1.0317
20741,0.9325
20742,1.1718
20743,0.5523
20744,0.9028
20745,0.7944
20746,0.8007
20747,1.0611
20748,1.1547
20749,0.8689
20750,1.1250
20751,1.1843
20752,0.9646
20753,0.9395
20754,0.8265
20755,0.8901
20756,0.8608
20757,1.1645
20758,0.8772
20759,1.0293
20760,0.7681
20761,0.6779
20762,1.1096
20763,0.5097
20764,1.1350
20765,0.9531
20766,0.7778
20767,0.9125
20768,0.7434
20769,0.8634
20770,1.0871
20771,0.7559
20772,1.0907
20773,1.1474
20774,0.9690
20775,1.1548
20776,0.6278
20777,0.9517
20778,1.0395
20779,0.4757
20780,1.2040
20781,0.9406
20782,0.7228
20783,0.7825
20784,1.1734
20785,1.0256
20786,0.5940
20787,0.8488
20788,1.3646
20789,0.9649
20790,0.8847
20791,0.7869
20792,0.8435
20793,1.0350
20794,0.6847
20795,1.2540
20796,0.8146
20797,0.8184
20798,0.8620
20799,0.8720
20800,0.7143
20801,0.8834
20802,0.9310
20803,1.3105
20804,0.8135
20805,0.8664
20806,0.8851
20807,0.7650
20808,0.9263
20809,0.7865
20810,0.8304
20811,1.3060
20812,0.9825
20813,0.8426
20814,0.8113
20815,0.8508
20816,0.9343
20817,0.8078
20818,1.2118
20819,0.8140
20820,0.8566
20821,0.8222
20822,1.0147
20823,1.1949
20824,0.8378
20825,0.8345
20826,1.2273
20827,1.4558
20828,0.6735
20829,0.8018
20830,0.9217
20831,0.8867
20832,0.8133
20833,1.1593
20834,0.7188
20835,0.9225
20836,0.8258
20837,0.8720
20838,0.8807
20839,0.8736
20840,1.1703
20841,1.1888
20842,0.8305
20843,0.8099
20844,0.8926
20845,0.9675
20846,0.7405
20847,0.8702
20848,1.0425
20849,0.8850
20850,0.9480
20851,0.7900
20852,0.8212
20853,0.8774
20854,0.8440
20855,0.8685
20856,1.1071
20857,0.8463
20858,0.8259
20859,1.0261
20860,1.7246
20861,0.3429
20862,0.8670
20863,1.2511
20864,0.9447
20865,0.8930
20866,0.8851
20867,0.8289
20868,0.9835
20869,0.7570
20870,1.2177
20871,0.8015
20872,0.8612
20873,0.8224
20874,0.7935
20875,0.9609
20876,0.8522
20877,1.8073
20878,0.6341
20879,0.7810
20880,0.8295
20881,0.8966
20882,0.8053
20883,0.8936
20884,0.8298
20885,1.2838
20886,0.7190
20887,0.8946
20888,0.8164
20889,0.8446
20890,1.0240
20891,0.7135
20892,0.7781
20893,1.4522
20894,0.7385
20895,0.8736
20896,1.0334
20897,1.0192
20898,0.9352
20899,0.8180
20900,1.1754
20901,0.8659
20902,1.0001
20903,0.7156
20904,0.8459
20905,0.8992
20906,0.7854
20907,0.8584
20908,1.1904
20909,0.8666
20910,0.8470
20911,1.0015
20912,0.7801
20913,1.0167
20914,0.7505
20915,0.7574
20916,1.3351
20917,0.8845
20918,0.8967
20919,0.8579
20920,0.9051
20921,0.8937
20922,0.7672
20923,1.1783
20924,0.8993
20925,0.7913
20926,0.8413
20927,0.8563
20928,1.1570
20929,0.5490
20930,1.1848
20931,1.1977
20932,1.0101
20933,0.8743
20934,0.9655
20935,1.3330
20936,0.6922
20937,1.2002
20938,0.8798
20939,0.8850
20940,0.7448
20941,0.8951
20942,0.9358
20943,0.8097
20944,0.8050
20945,1.2006
20946,1.0762
20947,0.9183
20948,0.7659
20949,0.8803
20950,0.8145
20951,0.9569
20952,0.8080
20953,1.3123
20954,0.8345
20955,0.8495
20956,0.8307
20957,0.8460
20958,1.1825
20959,0.8262
20960,0.9848
20961,0.8986
20962,0.7482
20963,0.8356
20964,0.9166
20965,0.7679
20966,0.9934
20967,0.7650
20968,1.2136
20969,1.2178
20970,0.7331
20971,0.8558
20972,1.0167
20973,1.2049
20974,0.8819
20975,1.2125
20976,0.8528
20977,0.8118
20978,0.7833
20979,0.8871
20980,0.8776
20981,0.8335
20982,1.2275
20983,1.2761
20984,0.7283
20985,0.9143
20986,0.8546
20987,0.8665
20988,0.7832
20989,1.2408
20990,0.8874
20991,0.7460
20992,0.9879
20993,0.8015
20994,0.8755
20995,0.8971
20996,0.7652
20997,0.8485
20998,1.1582
20999,0.8253
21000,0.8520
21001,0.7643
21002,0.8935
21003,0.9155
21004,0.7956
21005,0.9191
21006,1.3561
21007,0.9462
21008,0.8269
21009,1.2551
21010,0.7032
21011,1.0471
21012,0.5663
21013,1.1216
21014,0.9335
21015,0.7583
21016,0.7752
21017,0.9054
21018,0.9789
21019,0.8053
21020,1.1697
21021,1.1513
21022,0.9807
21023,0.9459
21024,0.8112
21025,0.9701
21026,0.7695
21027,1.2330
21028,0.8207
21029,0.7779
21030,0.8017
21031,0.8970
21032,0.7252
21033,1.0265
21034,0.8328
21035,0.8290
21036,1.2068
21037,0.8337
21038,0.8322
21039,0.8159
21040,0.7640
21041,0.9559
21042,0.8649
21043,1.2097
21044,1.2636
21045,0.8485
21046,0.7327
21047,1.1040
21048,1.0700
21049,0.9398
21050,1.1196
21051,0.9119
21052,0.8667
21053,0.8760
21054,0.8423
21055,0.8388
21056,0.8543
21057,1.1983
21058,1.2425
21059,0.9366
21060,0.8833
21061,0.8831
21062,0.8628
21063,0.8601
21064,0.8832
21065,1.1848
21066,0.8618
21067,0.7619
21068,0.8826
21069,0.8380
21070,0.9693
21071,0.8645
21072,1.1533
21073,1.1038
21074,1.0126
21075,0.7923
21076,0.7559
21077,0.8513
21078,1.2058
21079,0.5570
21080,1.1409
21081,0.8977
21082,0.7848
21083,1.0104
21084,0.9802
21085,1.1095
21086,0.9404
21087,1.1077
21088,0.8806
21089,0.8281
21090,0.7708
21091,0.7969
21092,0.9765
21093,0.8330
21094,0.8336
21095,1.3571
21096,1.1632
21097,0.7932
21098,0.8474
21099,0.8078
21100,0.9097
21101,0.8360
21102,1.2184
21103,0.8987
21104,0.7800
21105,0.8034
21106,0.7540
21107,0.8995
21108,1.0228
21109,0.7229
21110,1.3592
21111,0.7965
21112,0.7937
21113,0.8081
21114,0.8303
21115,1.0190
21116,0.7507
21117,1.2076
21118,0.8352
21119,0.7871
21120,0.8229
21121,0.9126
21122,0.9641
21123,1.2460
21124,0.8271
21125,1.1569
21126,0.8485
21127,0.8085
21128,0.8764
21129,0.8233
21130,1.2183
21131,0.4950
21132,0.8357
21133,1.2385
21134,1.1606
21135,0.8038
21136,0.9309
21137,0.8421
21138,1.2652
21139,0.4631
21140,1.2300
21141,0.8190
21142,0.7720
21143,0.8791
21144,0.8681
21145,1.2043
21146,1.3356
21147,0.7924
21148,1.0803
21149,0.6164
21150,0.8458
21151,0.8457
21152,0.8220
21153,0.9808
21154,0.7596
21155,0.8780
21156,1.1363
21157,0.9249
21158,0.8270
21159,0.7357
21160,0.8142
21161,1.1746
21162,1.4266
21163,0.8262
21164,0.8520
21165,1.5304
21166,0.2055
21167,0.8770
21168,0.8112
21169,0.8643
21170,1.1820
21171,0.8352
21172,0.8122
21173,0.8782
21174,0.8842
21175,0.7258
21176,1.0023
21177,0.8425
21178,1.0485
21179,0.8846
21180,0.9525
21181,0.8108
21182,0.8172
21183,1.0615
21184,0.8079
21185,0.7885
21186,1.2136
21187,0.8751
21188,0.8378
21189,0.7621
21190,0.8855
21191,0.9425
21192,0.8438
21193,1.2306
21194,0.8776
21195,0.8001
21196,1.0863
21197,0.5422
21198,0.8744
21199,0.9276
21200,1.2457
21201,1.2016
21202,1.2050
21203,0.8066
21204,0.7920
21205,0.8919
21206,0.8744
21207,1.0567
21208,1.0368
21209,0.8889
21210,0.6989
21211,0.8806
21212,0.9774
21213,0.8214
21214,0.7480
21215,0.8616
21216,1.1823
21217,0.8704
21218,0.8227
21219,0.8769
21220,0.8725
21221,0.8592
21222,0.8317
21223,1.2364
21224,0.8160
21225,1.1739
21226,0.8930
21227,0.8428
21228,1.0743
21229,0.7174
21230,0.8345
21231,1.1343
21232,0.9425
21233,0.7771
21234,0.8430
21235,0.7917
21236,1.2461
21237,1.0679
21238,1.1605
21239,0.9534
21240,0.8926
21241,0.8106
21242,0.7680
21243,1.0146
21244,0.7465
21245,1.3643
21246,0.6264
21247,0.8692
21248,0.8359
21249,0.8462
21250,0.7794
21251,0.9568
21252,0.8490
21253,1.1516
21254,1.2416
21255,0.9318
21256,0.7802
21257,0.8223
21258,0.9429
21259,0.6809
21260,1.3140
21261,0.8324
21262,0.9475
21263,0.7778
21264,0.7154
21265,0.9538
21266,0.7851
21267,0.7939
21268,1.2397
21269,0.8848
21270,0.8940
21271,0.8221
21272,0.8050
21273,1.0457
21274,1.2853
21275,1.0558
21276,0.8971
21277,1.1622
21278,0.9873
21279,0.6641
21280,0.8337
21281,0.9041
21282,0.8119
21283,1.1529
21284,0.9606
21285,0.8705
21286,0.9338
21287,0.8348
21288,1.0385
21289,0.6778
21290,0.7907
21291,1.4140
21292,0.7138
21293,0.8795
21294,0.8099
21295,1.5748
21296,0.2636
21297,0.7503
21298,1.2136
21299,0.9171
21300,0.6974
21301,0.8332
21302,0.8711
21303,0.8216
21304,0.9388
21305,0.8049
21306,1.2364
21307,0.8980
21308,0.7963
21309,0.8251
21310,0.7835
21311,0.7952
21312,1.2170
21313,1.6029
21314,0.7223
21315,0.8940
21316,0.7526
21317,0.9516
21318,0.7113
21319,1.2206
21320,0.5399
21321,1.1690
21322,0.8466
21323,0.8139
21324,0.9547
21325,0.8437
21326,1.0337
21327,0.7135
21328,0.8148
21329,1.2892
21330,0.8074
21331,0.7839
21332,0.9618
21333,0.8415
21334,0.8955
21335,0.8534
21336,1.1584
21337,0.8344
21338,0.9013
21339,0.9938
21340,0.8960
21341,0.7744
21342,0.9713
21343,0.7681
21344,1.3895
21345,0.8477
21346,1.3249
21347,0.3478
21348,0.7449
21349,1.0081
21350,1.0469
21351,1.1942
21352,0.8381
21353,0.8988
21354,0.8293
21355,0.8973
21356,0.7611
21357,0.9638
21358,0.7411
21359,1.1494
21360,0.9574
21361,0.8573
21362,0.8170
21363,0.8614
21364,1.2328
21365,0.5008
21366,0.8423
21367,1.3306
21368,1.2636
21369,0.6577
21370,0.8997
21371,0.8975
21372,0.7909
21373,1.2556
21374,0.8055
21375,0.8926
21376,0.8100
21377,0.9703
21378,0.7430
21379,0.8298
21380,0.8831
21381,1.4849
21382,1.0360
21383,0.7456
21384,0.8989
21385,0.7085
21386,1.0396
21387,1.1002
21388,1.2383
21389,1.0043
21390,0.7400
21391,0.8271
21392,0.8361
21393,0.8774
21394,0.8669
21395,0.8789
21396,1.2911
21397,0.8652
21398,0.7735
21399,0.7430
21400,0.9167
21401,0.8462
21402,0.8972
21403,0.7852
21404,1.4075
21405,0.7997
21406,0.8398
21407,0.7669
21408,0.8721
21409,0.9651
21410,0.7701
21411,1.2273
21412,0.8210
21413,0.8973
21414,1.6127
21415,0.2366
21416,0.8066
21417,1.1616
21418,1.1150
21419,1.1737
21420,0.8647
21421,0.8307
21422,0.8365
21423,0.8285
21424,0.8941
21425,0.8489
21426,1.2919
21427,0.8423
21428,0.6525
21429,0.9340
21430,0.8912
21431,1.3397
21432,0.3736
21433,0.6734
21434,1.3859
21435,0.8788
21436,0.8844
21437,0.8007
21438,0.8687
21439,0.9897
21440,0.7174
21441,0.7403
21442,1.3197
21443,0.8988
21444,0.8549
21445,0.6969
21446,0.8326
21447,1.0920
21448,0.6062
21449,1.0087
21450,1.0599
21451,0.9285
21452,0.8544
21453,0.8257
21454,0.9259
21455,1.1240
21456,0.8583
21457,1.4440
21458,0.7763
21459,0.8525
21460,0.7667
21461,0.8584
21462,0.8813
21463,0.8497
21464,0.9144
21465,1.1572
21466,1.1366
21467,0.4985
21468,0.8745
21469,0.8925
21470,0.7968
21471,0.8892
21472,1.1863
21473,1.2579
21474,0.8479
21475,0.6892
21476,0.9477
21477,0.9283
21478,0.7371
21479,0.9400
21480,1.1729
21481,0.8607
21482,0.6911
21483,1.0277
21484,0.7980
21485,0.7610
21486,0.9141
21487,0.9299
21488,1.1699
21489,0.7949
21490,0.8771
21491,0.9249
21492,1.3380
21493,0.8650
21494,0.7826
21495,1.3982
21496,0.8290
21497,0.7967
21498,0.7508
21499,0.9062
21500,1.2225
21501,1.0302
21502,0.2251
21503,1.3526
21504,0.7225
21505,0.9644
21506,0.8130
21507,0.9732
21508,0.7738
21509,0.8727
21510,1.1870
21511,1.2568
21512,0.8093
21513,0.8173
21514,0.9370
21515,0.8167
21516,0.9141
21517,1.0138
21518,1.0130
21519,1.1026
21520,0.6724
21521,0.8662
21522,0.8698
21523,0.8121
21524,0.8551
21525,1.3483
21526,0.8271
21527,0.8400
21528,0.8364
21529,1.0231
21530,1.2651
21531,1.0818
21532,0.8668
21533,0.9159
21534,0.6500
21535,0.8515
21536,0.8868
21537,1.0666
21538,0.7490
21539,1.1699
21540,0.7811
21541,0.8354
21542,0.8234
21543,0.8521
21544,0.8449
21545,0.8562
21546,0.9118
21547,0.7614
21548,1.3524
21549,0.7967
21550,0.7596
21551,1.0921
21552,0.7508
21553,0.7060
21554,0.8149
21555,1.2443
21556,0.9338
21557,0.7412
21558,0.8609
21559,0.8919
21560,0.8760
21561,0.8954
21562,0.8883
21563,1.2841
21564,0.7532
21565,0.7981
21566,0.9363
21567,1.1130
21568,0.8181
21569,1.0891
21570,0.9791
21571,0.7834
21572,0.8272
21573,0.8530
21574,0.8015
21575,0.9074
21576,0.8612
21577,0.8296
21578,1.2834
21579,0.7519
21580,0.9152
21581,0.8171
21582,0.8141
21583,0.9255
21584,0.8340
21585,0.7876
21586,1.3964
21587,1.0076
21588,0.8798
21589,0.8206
21590,0.9019
21591,1.2447
21592,0.5240
21593,1.1004
21594,0.8176
21595,0.8020
21596,0.8780
21597,0.7931
21598,0.8719
21599,0.9226
21600,0.8958
21601,1.1812
21602,0.8422
21603,0.9855
21604,0.7698
21605,1.1149
21606,0.8446
21607,0.9642
21608,1.1064
21609,0.9976
21610,0.7964
21611,0.6904
21612,0.9942
21613,0.9139
21614,0.7652
21615,0.7343
21616,1.5133
21617,0.7042
21618,0.8296
21619,1.0463
21620,0.8000
21621,0.9072
21622,0.7616
21623,1.1023
21624,1.0025
21625,0.9322
21626,0.8682
21627,0.8539
21628,0.8146
21629,0.8838
21630,1.2212
21631,0.9967
21632,0.6829
21633,0.8863
21634,0.8393
21635,0.8803
21636,0.8290
21637,0.9542
21638,1.1520
21639,0.9215
21640,1.1932
21641,0.9000
21642,1.2327
21643,0.9264
21644,0.7543
21645,0.8086
21646,1.2438
21647,0.8655
21648,0.8313
21649,0.7796
21650,0.8993
21651,0.8696
21652,1.1300
21653,0.9232
21654,1.1799
21655,0.8825
21656,0.6900
21657,0.8606
21658,0.9976
21659,0.8274
21660,0.9346
21661,1.0494
21662,0.8621
21663,0.7798
21664,0.8679
21665,0.8627
21666,0.9487
21667,0.7157
21668,0.8694
21669,1.1641
21670,0.7818
21671,0.9011
21672,0.8088
21673,0.8699
21674,0.8755
21675,0.8499
21676,1.2351
21677,1.0950
21678,0.9306
21679,0.9498
21680,1.0659
21681,1.1899
21682,0.7932
21683,1.2242
21684,0.8011
21685,0.8999
21686,0.8042
21687,1.3895
21688,0.5810
21689,0.6298
21690,0.8484
21691,1.3340
21692,0.9025
21693,0.7843
21694,0.7900
21695,0.8249
21696,0.9542
21697,0.8807
21698,0.8107
21699,1.1184
21700,0.9647
21701,0.8574
21702,0.7526
21703,0.8696
21704,0.8604
21705,0.8557
21706,1.2343
21707,0.8408
21708,0.8237
21709,0.8371
21710,0.8503
21711,0.7731
21712,0.9230
21713,0.8330
21714,1.2170
21715,0.8303
21716,0.8246
21717,0.9641
21718,1.4424
21719,0.7255
21720,0.9430
21721,1.2028
21722,1.0923
21723,0.5822
21724,0.8048
21725,0.7987
21726,0.9699
21727,0.7831
21728,0.8201
21729,1.3446
21730,0.9744
21731,0.8885
21732,0.8066
21733,0.8341
21734,0.9319
21735,0.8964
21736,1.2019
21737,1.6661
21738,0.4014
21739,0.4029
21740,1.0174
21741,1.2425
21742,0.8264
21743,1.1179
21744,1.2133
21745,0.8967
21746,0.9126
21747,0.8945
21748,0.8380
21749,0.8492
21750,1.2555
21751,0.7905
21752,0.8417
21753,0.8252
21754,0.8363
21755,0.8253
21756,0.8600
21757,0.9427
21758,1.2143
21759,0.7764
21760,0.7999
21761,0.8623
21762,0.8444
21763,0.8834
21764,0.8362
21765,0.8448
21766,1.2444
21767,1.1871
21768,0.8485
21769,0.8157
21770,1.2076
21771,0.9485
21772,0.4373
21773,0.7948
21774,1.2005
21775,0.8764
21776,0.8055
21777,1.1311
21778,0.7521
21779,0.8421
21780,0.9279
21781,1.2997
21782,1.0310
21783,0.8528
21784,0.8401
21785,0.8106
21786,1.0500
21787,1.5117
21788,0.2598
21789,0.9807
21790,0.8212
21791,0.8953
21792,0.8084
21793,0.8438
21794,0.8869
21795,0.8329
21796,1.1797
21797,1.2571
21798,0.7818
21799,0.8389
21800,0.8299
21801,0.9196
21802,1.0475
21803,0.9693
21804,1.2008
21805,0.6774
21806,0.8010
21807,0.8415
21808,0.8672
21809,0.7866
21810,0.8578
21811,1.2473
21812,0.7846
21813,0.7830
21814,1.1574
21815,1.0802
21816,0.9011
21817,0.9207
21818,1.1241
21819,1.2601
21820,0.8711
21821,0.8649
21822,0.9523
21823,0.8788
21824,0.8298
21825,1.1431
21826,0.8278
21827,0.8304
21828,0.8339
21829,0.7633
21830,0.8311
21831,0.9338
21832,0.8686
21833,1.1656
21834,1.1162
21835,0.8361
21836,0.9460
21837,0.7838
21838,0.9359
21839,0.8414
21840,1.0044
21841,0.9309
21842,0.8793
21843,0.7772
21844,0.8486
21845,0.8573
21846,1.1400
21847,0.5478
21848,0.8483
21849,1.2396
21850,1.0063
21851,1.0111
21852,0.8849
21853,0.9582
21854,0.8235
21855,0.7573
21856,1.6354
21857,0.5744
21858,0.8519
21859,0.8123
21860,0.8343
21861,0.9820
21862,0.6857
21863,0.8783
21864,1.2102
21865,0.9502
21866,0.7224
21867,0.8745
21868,0.7900
21869,0.8757
21870,0.8486
21871,0.9507
21872,1.3108
21873,0.7880
21874,0.8282
21875,0.7991
21876,0.8095
21877,1.1055
21878,0.9245
21879,1.0957
21880,0.9392
21881,0.7897
21882,0.7760
21883,0.8778
21884,0.9446
21885,0.7866
21886,0.7961
21887,1.4729
21888,0.9879
21889,0.9497
21890,0.8654
21891,0.8120
21892,0.7689
21893,0.9602
21894,1.1076
21895,0.8428
21896,0.8303
21897,0.8587
21898,0.8894
21899,1.0451
21900,0.6635
21901,1.2218
21902,0.8018
21903,0.8764
21904,0.8258
21905,0.8347
21906,0.7977
21907,0.8621
21908,1.2843
21909,0.4960
21910,1.2228
21911,1.1011
21912,1.0282
21913,0.8017
21914,1.0152
21915,0.8026
21916,1.2261
21917,0.8026
21918,0.8166
21919,0.8313
21920,0.7417
21921,0.9576
21922,0.8559
21923,0.8448
21924,1.6315
21925,0.8448
21926,0.8562
21927,0.8665
21928,0.8479
21929,0.9886
21930,0.6548
21931,1.2008
21932,1.0346
21933,0.8476
21934,0.8452
21935,0.8372
21936,0.8379
21937,0.8038
21938,0.9172
21939,1.2418
21940,0.8532
21941,1.0235
21942,0.7345
21943,0.7968
21944,1.3941
21945,0.1753
21946,0.8843
21947,1.2220
21948,1.1588
21949,0.9710
21950,0.9283
21951,0.8490
21952,0.8730
21953,0.8863
21954,1.1718
21955,0.8009
21956,0.7449
21957,0.9532
21958,0.9592
21959,0.6867
21960,0.9729
21961,1.2302
21962,1.0872
21963,0.8995
21964,0.9165
21965,0.6916
21966,0.9378
21967,0.8232
21968,0.9164
21969,1.1765
21970,0.9394
21971,0.7770
21972,0.7683
21973,0.8292
21974,1.0895
21975,0.7621
21976,0.7730
21977,1.2911
21978,0.8381
21979,0.8213
21980,0.8723
21981,0.8341
21982,1.0699
21983,0.6690
21984,1.0868
21985,0.9302
21986,0.8363
21987,0.7497
21988,0.8982
21989,0.8525
21990,0.9139
21991,0.8334
21992,1.1350
21993,0.8703
21994,0.8114
21995,0.8659
21996,0.9830
21997,0.6487
21998,0.9380
21999,1.2527
22000,1.1679
22001,0.9421
22002,0.7995
22003,0.8947
22004,0.8075
22005,0.9173
22006,0.7482
22007,1.3033
22008,0.8075
22009,0.8562
22010,0.8556
22011,0.7757
22012,0.8850
22013,0.8450
22014,0.8589
22015,1.3154
22016,0.8923
22017,0.7456
22018,0.8237
22019,0.9147
22020,0.8328
22021,0.8427
22022,0.9750
22023,1.0962
22024,0.8525
22025,0.9485
22026,0.7411
22027,0.8545
22028,0.9888
22029,0.6472
22030,0.8997
22031,1.1544
22032,0.8107
22033,0.9659
22034,0.7640
22035,1.0586
22036,1.1563
22037,0.8701
22038,1.2854
22039,0.8743
22040,0.8201
22041,0.8286
22042,0.7551
22043,1.2168
22044,0.5771
22045,1.2674
22046,0.8685
22047,0.8051
22048,0.8381
22049,0.8549
22050,0.7687
22051,0.9977
22052,0.8337
22053,1.1898
22054,1.3009
22055,0.6764
22056,0.9188
22057,0.8467
22058,1.0847
22059,0.6252
22060,1.3976
22061,0.6976
22062,0.8228
22063,0.8405
22064,0.9799
22065,0.7021
22066,0.7829
22067,0.9668
22068,1.2418
22069,0.9130
22070,0.8884
22071,0.8012
22072,1.1536
22073,1.0308
22074,0.8121
22075,1.7015
22076,0.4967
22077,0.7598
22078,0.8024
22079,0.8580
22080,0.8136
22081,1.5276
22082,0.2798
22083,1.2400
22084,0.7516
22085,0.8251
22086,0.9503
22087,0.7321
22088,0.9104
22089,0.7572
22090,0.9443
22091,1.3119
22092,0.8678
22093,0.7460
22094,1.0028
22095,0.7405
22096,0.9563
22097,0.6878
22098,1.2892
22099,0.8079
22100,0.8568
22101,0.8109
22102,0.7838
22103,0.9601
22104,0.7937
22105,0.7744
22106,1.3906
22107,0.7573
22108,0.8848
22109,1.0708
22110,1.0245
22111,1.4627
22112,0.3395
22113,1.3059
22114,0.8331
22115,0.8642
22116,0.8312
22117,0.7683
22118,0.8200
22119,0.9057
22120,0.8658
22121,1.2579
22122,0.8932
22123,0.8780
22124,0.8579
22125,0.9644
22126,0.9663
22127,0.7510
22128,1.9252
22129,0.1755
22130,0.9207
22131,1.1174
22132,0.8165
22133,1.1063
22134,0.6208
22135,0.9286
22136,1.1397
22137,0.7452
22138,0.8915
22139,0.9417
22140,0.8091
22141,0.8610
22142,0.8391
22143,1.2329
22144,1.4661
22145,0.6996
22146,1.1006
22147,0.8434
22148,1.0051
22149,0.7221
22150,0.7526
22151,1.2518
22152,0.7649
22153,0.8593
22154,0.8107
22155,0.8646
22156,0.8800
22157,0.9389
22158,1.1469
22159,1.2009
22160,0.9201
22161,1.0210
22162,0.7570
22163,0.9296
22164,0.7945
22165,1.1976
22166,0.8352
22167,0.7127
22168,0.8301
22169,0.8922
22170,0.8346
22171,0.8752
22172,0.8989
22173,1.2690
22174,0.8566
22175,0.7944
22176,0.7894
22177,0.8380
22178,0.8235
22179,0.9262
22180,0.8892
22181,1.0733
22182,1.2392
22183,0.7897
22184,1.1607
22185,0.8853
22186,0.7891
22187,0.8366
22188,1.2859
22189,0.8437
22190,0.7966
22191,0.8290
22192,0.7380
22193,0.8411
22194,0.9987
22195,0.8230
22196,1.2525
22197,0.8089
22198,0.8445
22199,0.8734
22200,0.9218
22201,0.7506
22202,0.8617
22203,1.0940
22204,0.9779
22205,0.9669
22206,0.7939
22207,0.9066
22208,0.8445
22209,0.7542
22210,0.9992
22211,1.1416
22212,0.8240
22213,0.9502
22214,0.7683
22215,0.8055
22216,0.8385
22217,0.8210
22218,0.9872
22219,1.2174
22220,0.8171
22221,1.0196
22222,1.2267
22223,0.7947
22224,2.3655
22225,0.1718
22226,0.8271
22227,0.8515
22228,0.8948
22229,0.7373
22230,1.1998
22231,0.7338
22232,0.7732
22233,1.1673
22234,1.1367
22235,0.9634
22236,0.9189
22237,0.7656
22238,1.1460
22239,0.6498
22240,1.3145
22241,0.7941
22242,0.7452
22243,0.8789
22244,0.7895
22245,0.8482
22246,0.8720
22247,1.3521
22248,1.0368
22249,0.7370
22250,0.7934
22251,0.8243
22252,0.8364
22253,0.8439
22254,0.8723
22255,0.8557
22256,1.2555
22257,0.8445
22258,0.8243
22259,0.8197
22260,0.7253
22261,0.9394
22262,1.0133
22263,1.6879
22264,0.5336
22265,0.8111
22266,0.9012
22267,0.7839
22268,0.8780
22269,0.8148
22270,0.9243
22271,1.2970
22272,1.1629
22273,0.8277
22274,0.8354
22275,0.8463
22276,0.8250
22277,0.9284
22278,1.1064
22279,0.9941
22280,0.8832
22281,1.3958
22282,0.3072
22283,0.9022
22284,0.7619
22285,0.8833
22286,1.3862
22287,0.7834
22288,0.8423
22289,0.8117
22290,0.8082
22291,0.7768
22292,1.0371
22293,1.4891
22294,0.3862
22295,0.9138
22296,0.8708
22297,0.8241
22298,0.8313
22299,1.1310
22300,1.0827
22301,1.1508
22302,1.0998
22303,0.8035
22304,0.8176
22305,0.8842
22306,0.9293
22307,0.7289
22308,0.8430
22309,1.4112
22310,0.7891
22311,0.8381
22312,0.7541
22313,0.8735
22314,0.8781
22315,0.8226
22316,1.3243
22317,0.8007
22318,0.7431
22319,0.9215
22320,0.9056
22321,0.8152
22322,0.9473
22323,0.8048
22324,1.2641
22325,0.8880
22326,0.8036
22327,0.8294
22328,0.7442
22329,1.0811
22330,0.7102
22331,0.8256
22332,1.1441
22333,1.2263
22334,0.5009
22335,0.8447
22336,0.7880
22337,1.0920
22338,1.4241
22339,1.1593
22340,1.1440
22341,0.7978
22342,0.8760
22343,0.7715
22344,0.9847
22345,0.7938
22346,1.1372
22347,0.8154
22348,0.8710
22349,0.9850
22350,0.7763
22351,0.8395
22352,0.8621
22353,0.8502
22354,1.1367
22355,0.8550
22356,0.8075
22357,0.9369
22358,0.7988
22359,1.1075
22360,0.6633
22361,0.7601
22362,1.3596
22363,0.8145
22364,0.8037
22365,0.8009
22366,0.8188
22367,1.2412
22368,0.6316
22369,1.2176
22370,0.7969
22371,0.8380
22372,0.7837
22373,0.7809
22374,1.1685
22375,1.0995
22376,1.3109
22377,0.8824
22378,0.7667
22379,0.8188
22380,0.9099
22381,0.7976
22382,0.9083
22383,1.4285
22384,0.6141
22385,0.8347
22386,0.8006
22387,0.8361
22388,0.9129
22389,0.7442
22390,0.9268
22391,0.9045
22392,1.1180
22393,0.8861
22394,0.8495
22395,0.7927
22396,0.8547
22397,1.0740
22398,0.6841
22399,0.8345
22400,1.5016
22401,0.7624
22402,0.7340
22403,1.1433
22404,0.4266
22405,1.0717
22406,0.9695
22407,0.9774
22408,0.7718
22409,0.8272
22410,0.8447
22411,0.9952
22412,0.8440
22413,0.9557
22414,0.8729
22415,1.2199
22416,1.1623
22417,0.9527
22418,0.8830
22419,0.7392
22420,1.0669
22421,0.7010
22422,1.2945
22423,0.9018
22424,0.7429
22425,0.9440
22426,0.7412
22427,0.9425
22428,0.7848
22429,0.8305
22430,1.4108
22431,0.7811
22432,0.7887
22433,0.8897
22434,0.9324
22435,1.0528
22436,0.5492
22437,1.2209
22438,1.0095
22439,0.8640
22440,0.7602
22441,0.8403
22442,0.8811
22443,0.8900
22444,0.9992
22445,1.1447
22446,0.7115
22447,1.2657
22448,1.0460
22449,1.1465
22450,1.2527
22451,0.8402
22452,0.4656
22453,1.2565
22454,0.8224
22455,0.7658
22456,0.8667
22457,1.0487
22458,0.6835
22459,1.1014
22460,1.1384
22461,0.8883
22462,0.7473
22463,0.8130
22464,0.9492
22465,1.0930
22466,0.6171
22467,1.2953
22468,0.8043
22469,0.8788
22470,0.8602
22471,0.8719
22472,0.7956
22473,0.8831
22474,0.8094
22475,1.2888
22476,0.7161
22477,0.8199
22478,0.9885
22479,0.7083
22480,1.0589
22481,0.7235
22482,0.8478
22483,1.2016
22484,0.7963
22485,0.7855
22486,0.9002
22487,0.7784
22488,1.2567
22489,0.9515
22490,1.2855
22491,0.8926
22492,0.8235
22493,0.7446
22494,0.8517
22495,1.0965
22496,0.6555
22497,1.1737
22498,0.9343
22499,0.7560
22500,0.8022
22501,1.0598
22502,0.6758
22503,1.2166
22504,0.5674
22505,0.8176
22506,1.3370
22507,0.7977
22508,0.8500
22509,0.8255
22510,0.7874
22511,1.0384
22512,0.6829
22513,1.3189
22514,0.7799
22515,0.8183
22516,0.9712
22517,0.6952
22518,1.1040
22519,0.6486
22520,0.8669
22521,1.3280
22522,0.8661
22523,0.8301
22524,0.8377
22525,1.0435
22526,1.1831
22527,1.0934
22528,1.0427
22529,0.8796
22530,0.8480
22531,0.7906
22532,0.8936
22533,1.0852
22534,0.6709
22535,1.1997
22536,0.8388
22537,0.8326
22538,0.8715
22539,0.8485
22540,0.8944
22541,0.7857
22542,0.9740
22543,1.1508
22544,1.1605
22545,0.9073
22546,0.9334
22547,0.7264
22548,1.0002
22549,0.8624
22550,1.1746
22551,0.8489
22552,0.8514
22553,0.8767
22554,0.7274
22555,0.9002
22556,1.8242
22557,0.1364
22558,0.8815
22559,1.2545
22560,0.9171
22561,0.8949
22562,0.9478
22563,0.8279
22564,0.7658
22565,1.1850
22566,0.9653
22567,1.0777
22568,1.0211
22569,0.7895
22570,0.9263
22571,0.7669
22572,0.8228
22573,1.2877
22574,0.7659
22575,0.7652
22576,0.9181
22577,0.9087
22578,0.7561
22579,0.8533
22580,1.4649
22581,0.7631
22582,0.7946
22583,0.8799
22584,0.9078
22585,0.7873
22586,1.5191
22587,0.1485
22588,1.2457
22589,0.8417
22590,0.7181
22591,0.9569
22592,0.8444
22593,0.8079
22594,1.4858
22595,0.4183
22596,1.3006
22597,0.8957
22598,0.8330
22599,0.8335
22600,0.8107
22601,1.4014
22602,0.3990
22603,0.8519
22604,1.3397
22605,1.0203
22606,0.8258
22607,0.9089
22608,0.8641
22609,0.8137
22610,1.1951
22611,1.1207
22612,1.0057
22613,0.9684
22614,0.8084
22615,0.9394
22616,0.7223
22617,0.9284
22618,1.1474
22619,0.9035
22620,0.7608
22621,0.8187
22622,0.8271
22623,0.9988
22624,0.7519
22625,1.1885
22626,0.7777
22627,0.8527
22628,0.9432
22629,0.7426
22630,0.9793
22631,0.7252
22632,0.8652
22633,1.3518
22634,0.9393
22635,0.7801
22636,0.7505
22637,0.9354
22638,0.8254
22639,0.8590
22640,1.1428
22641,0.8890
22642,0.9316
22643,1.1388
22644,0.7962
22645,0.8668
22646,1.0553
22647,0.6608
22648,1.4316
22649,0.7159
22650,0.8935
22651,1.2069
22652,0.4829
22653,0.9289
22654,0.8087
22655,0.8150
22656,1.2448
22657,0.7316
22658,0.8661
22659,0.8553
22660,0.8589
22661,1.1319
22662,0.5782
22663,1.2033
22664,0.8341
22665,0.8487
22666,0.8848
22667,0.8406
22668,0.8355
22669,1.0009
22670,0.7902
22671,0.7846
22672,1.4118
22673,0.8337
22674,0.7940
22675,0.8419
22676,0.7610
22677,0.9346
22678,0.8367
22679,1.3707
22680,0.8000
22681,0.7116
22682,0.9561
22683,0.8490
22684,0.9271
22685,0.8112
22686,1.2071
22687,1.2319
22688,0.8753
22689,0.9483
22690,0.7766
22691,0.7937
22692,1.0076
22693,0.8238
22694,1.2056
22695,0.9631
22696,0.7701
22697,0.8483
22698,0.8310
22699,0.8487
22700,0.8552
22701,1.1627
22702,1.1902
22703,1.0439
22704,0.9156
22705,0.7498
22706,0.9535
22707,0.8895
22708,0.7671
22709,1.2768
22710,0.7188
22711,0.8915
22712,0.8748
22713,0.9361
22714,0.8222
22715,0.7756
22716,0.9233
22717,1.1613
22718,1.2078
22719,0.8499
22720,0.8428
22721,1.0001
22722,0.7132
22723,0.7994
22724,1.4239
22725,0.7756
22726,0.8163
22727,0.8928
22728,0.8283
22729,0.8981
22730,0.7780
22731,1.1788
22732,0.9184
22733,0.8561
22734,0.8520
22735,0.7776
22736,0.9204
22737,0.8675
22738,1.1873
22739,0.4550
22740,1.3022
22741,1.0771
22742,0.9728
22743,0.8025
22744,0.8201
22745,0.9911
22746,0.7166
22747,1.3256
22748,0.8604
22749,0.7944
22750,0.8750
22751,0.8408
22752,0.7587
22753,1.0243
22754,1.0451
22755,1.3614
22756,0.8483
22757,0.6802
22758,0.8739
22759,0.8875
22760,0.7300
22761,0.8562
22762,1.4278
22763,0.7866
22764,0.8525
22765,0.9831
22766,0.8537
22767,0.7441
22768,0.7779
22769,1.2534
22770,0.9965
22771,0.7390
22772,0.8756
22773,0.8800
22774,0.7135
22775,0.9438
22776,0.8125
22777,1.2856
22778,1.1049
22779,0.9191
22780,0.7667
22781,0.8661
22782,0.8603
22783,0.8115
22784,1.3307
22785,0.8421
22786,0.8323
22787,1.0093
22788,0.5965
22789,0.8658
22790,0.8891
22791,0.8424
22792,1.4566
22793,1.1265
22794,0.8355
22795,0.8602
22796,0.7185
22797,0.9552
22798,0.9037
22799,1.0694
22800,0.9819
22801,0.9347
22802,0.8883
22803,0.8607
22804,0.8447
22805,0.8131
22806,0.8068
22807,1.1224
22808,0.8695
22809,0.8625
22810,0.8878
22811,0.7864
22812,0.9100
22813,0.8836
22814,1.1521
22815,1.2450
22816,0.9149
22817,0.8900
22818,0.8512
22819,0.8594
22820,0.9227
22821,1.1153
22822,0.9194
22823,0.7835
22824,0.8365
22825,0.8242
22826,0.9034
22827,0.9394
22828,0.8104
22829,0.7177
22830,1.5151
22831,1.1721
22832,0.7858
22833,0.8468
22834,0.9333
22835,0.7944
22836,1.2174
22837,1.3666
22838,0.2958
22839,0.7819
22840,0.8461
22841,0.8094
22842,0.9712
22843,0.7565
22844,0.8262
22845,1.2384
22846,0.9178
22847,0.8186
22848,0.9862
22849,0.6801
22850,0.7918
22851,0.9675
22852,1.2021
22853,1.0168
22854,0.8774
22855,0.8665
22856,0.8767
22857,0.8894
22858,0.8121
22859,1.1523
22860,0.9578
22861,0.7750
22862,0.8220
22863,0.8215
22864,0.8171
22865,0.8634
22866,1.0377
22867,1.2085
22868,1.2325
22869,0.8239
22870,0.8324
22871,0.8168
22872,0.9595
22873,0.8544
22874,0.8883
22875,1.0025
22876,0.8482
22877,0.9600
22878,0.9754
22879,0.6724
22880,0.9200
22881,0.7276
22882,1.3375
22883,0.8670
22884,0.8763
22885,0.7128
22886,0.8443
22887,0.9216
22888,0.7949
22889,0.9053
22890,1.1620
22891,0.7741
22892,0.8746
22893,1.0290
22894,0.6045
22895,1.0983
22896,0.7605
22897,0.7814
22898,1.1972
22899,0.8367
22900,0.8114
22901,0.8592
22902,0.9134
22903,0.7613
22904,0.8764
22905,1.4254
22906,1.1529
22907,0.9649
22908,0.8848
22909,0.9389
22910,0.9766
22911,0.8419
22912,1.1740
22913,0.8129
22914,0.8054
22915,0.8301
22916,0.8116
22917,0.8280
22918,0.8326
22919,0.9125
22920,1.1908
22921,1.1843
22922,0.9449
22923,1.3066
22924,0.5026
22925,0.8802
22926,0.8751
22927,0.8508
22928,1.1437
22929,0.8312
22930,0.8356
22931,0.8123
22932,0.9134
22933,0.9680
22934,0.8804
22935,0.6844
22936,1.2150
22937,0.8649
22938,0.8157
22939,0.8724
22940,0.7576
22941,0.9848
22942,0.7384
22943,1.3572
22944,1.1107
22945,0.9189
22946,0.7417
22947,0.8953
22948,0.8733
22949,0.9047
22950,1.1598
22951,0.9066
22952,0.8495
22953,0.8799
22954,0.8152
22955,0.7437
22956,0.8799
22957,0.8735
22958,1.2191
22959,1.2315
22960,0.8791
22961,0.8823
22962,0.8606
22963,1.1292
22964,0.5878
22965,1.2847
22966,0.7612
22967,0.8647
22968,0.7817
22969,0.8280
22970,1.1599
22971,0.8638
22972,0.7822
22973,1.4545
22974,0.7235
22975,0.8222
22976,0.8228
22977,0.7846
22978,1.0287
22979,0.7166
22980,1.3001
22981,1.0880
22982,0.8305
22983,0.8881
22984,0.8654
22985,0.8469
22986,0.8472
22987,0.8171
22988,1.2885
22989,0.9065
22990,1.1810
22991,0.3931
22992,0.8572
22993,1.1206
22994,0.7129
22995,0.7210
22996,1.2219
22997,1.1487
22998,0.8332
22999,0.8221
23000,0.7961
23001,1.0027
23002,0.8124
23003,1.2072
23004,0.7962
23005,0.8516
23006,0.8139
23007,1.1184
23008,0.7731
23009,0.6932
23010,0.8426
23011,1.3430
23012,0.8372
23013,0.8446
23014,0.7962
23015,0.8325
23016,0.9794
23017,0.9982
23018,1.2328
23019,0.9206
23020,0.8706
23021,0.8564
23022,0.7970
23023,0.9465
23024,0.8381
23025,0.8220
23026,1.1695
23027,0.8698
23028,0.8403
23029,0.8307
23030,0.8473
23031,0.9730
23032,0.7856
23033,0.7657
23034,1.2400
23035,1.1865
23036,0.9660
23037,0.9664
23038,0.9479
23039,0.6624
23040,0.8524
23041,1.3592
23042,0.7422
23043,0.7743
23044,0.9002
23045,0.8368
23046,1.0294
23047,0.7840
23048,0.8387
23049,1.2943
23050,0.7935
23051,0.8250
23052,0.8969
23053,0.7703
23054,0.8548
23055,1.1627
23056,1.2588
23057,0.8452
23058,1.0065
23059,0.6996
23060,0.8029
23061,0.8917
23062,0.7791
23063,0.7894
23064,1.2070
23065,1.2705
23066,0.8352
23067,0.8039
23068,0.8948
23069,0.8276
23070,0.8195
23071,1.2398
23072,0.8356
23073,0.8799
23074,0.8381
23075,1.0204
23076,0.8155
23077,0.7757
23078,0.9150
23079,1.0839
23080,0.7734
23081,0.8974
23082,0.7497
23083,0.8423
23084,0.9856
23085,0.9808
23086,0.7828
23087,1.1759
23088,0.7719
23089,0.8863
23090,0.8218
23091,1.0131
23092,1.1497
23093,0.9551
23094,1.0821
23095,0.8187
23096,0.8015
23097,0.8871
23098,0.7842
23099,1.0208
23100,0.7618
23101,1.1599
23102,1.1483
23103,1.1461
23104,0.7005
23105,0.9009
23106,1.0431
23107,0.6627
23108,1.2280
23109,0.8496
23110,0.7599
23111,0.8194
23112,0.8741
23113,0.8049
23114,0.9087
23115,0.8603
23116,0.8537
23117,1.1681
23118,0.8108
23119,0.8864
23120,0.7869
23121,0.8629
23122,0.8072
23123,0.9257
23124,1.2880
23125,0.9661
23126,0.6594
23127,0.9012
23128,0.8314
23129,0.8192
23130,1.0969
23131,0.9358
23132,1.1335
23133,0.8238
23134,0.8369
23135,0.8640
23136,0.8123
23137,0.9286
23138,0.8532
23139,0.8503
23140,1.3003
23141,0.8407
23142,0.9146
23143,0.8258
23144,0.7177
23145,0.8798
23146,0.8496
23147,1.2592
23148,0.7997
23149,0.8300
23150,0.7951
23151,0.8560
23152,0.8457
23153,0.8966
23154,1.1616
23155,1.1421
23156,0.9785
23157,0.9377
23158,0.8400
23159,0.8543
23160,1.0540
23161,0.6371
23162,1.1767
23163,0.8878
23164,0.8074
23165,0.8701
23166,0.7901
23167,0.9405
23168,0.8212
23169,1.3777
23170,0.8230
23171,1.0196
23172,0.7283
23173,0.8129
23174,0.8189
23175,0.9390
23176,0.7984
23177,0.7844
23178,1.2946
23179,1.2461
23180,0.8000
23181,0.8185
23182,0.8431
23183,0.9268
23184,0.9213
23185,1.1284
23186,0.7850
23187,0.8184
23188,0.8563
23189,0.7861
23190,1.2104
23191,0.5557
23192,0.8457
23193,1.3072
23194,0.9140
23195,0.8813
23196,0.8640
23197,0.8061
23198,0.8227
23199,0.8807
23200,1.1740
23201,0.8494
23202,0.8315
23203,0.7952
23204,0.8835
23205,0.8402
23206,1.0986
23207,0.8355
23208,1.1809
23209,0.8291
23210,1.3139
23211,0.3449
23212,0.8371
23213,1.1159
23214,0.6045
23215,0.9020
23216,1.3287
23217,0.7460
23218,0.8448
23219,0.8811
23220,0.8330
23221,0.8523
23222,0.9035
23223,1.1980
23224,0.8335
23225,0.7992
23226,0.8386
23227,0.8018
23228,1.0475
23229,1.4262
23230,0.2614
23231,1.2859
23232,0.8010
23233,0.7943
23234,0.8742
23235,0.8239
23236,1.0026
23237,0.7172
23238,0.8386
23239,1.1344
23240,0.8277
23241,0.8938
23242,0.8429
23243,0.8540
23244,1.1928
23245,0.8884
23246,1.3024
23247,0.8307
23248,0.8836
23249,0.8599
23250,0.7228
23251,1.0161
23252,0.7797
23253,1.2348
23254,0.8973
23255,0.8228
23256,0.8395
23257,0.8174
23258,0.8503
23259,0.8646
23260,0.8567
23261,1.3202
23262,0.7045
23263,0.9271
23264,0.8313
23265,0.8038
23266,0.9004
23267,0.9073
23268,0.7809
23269,1.3735
23270,0.7938
23271,0.7619
23272,0.8983
23273,0.9012
23274,0.9947
23275,0.6905
23276,1.1645
23277,0.8906
23278,0.8348
23279,0.8332
23280,1.6378
23281,1.0489
23282,0.4564
23283,0.6784
23284,1.4231
23285,0.9016
23286,0.7892
23287,0.8356
23288,0.7064
23289,1.0201
23290,0.7808
23291,1.2541
23292,0.7528
23293,0.9085
23294,0.7545
23295,0.9237
23296,0.7849
23297,0.9376
23298,0.8286
23299,1.2987
23300,0.8298
23301,0.8518
23302,0.8850
23303,0.7635
23304,0.8125
23305,0.9616
23306,0.7919
23307,1.2837
23308,0.9667
23309,1.0067
23310,0.8805
23311,0.7621
23312,1.2237
23313,0.5674
23314,1.3461
23315,0.7097
23316,0.8527
23317,1.0265
23318,1.0358
23319,0.9928
23320,0.7833
23321,1.2453
23322,1.2893
23323,0.8762
23324,0.9129
23325,0.7899
23326,1.0761
23327,0.5822
23328,0.9389
23329,1.1734
23330,1.5391
23331,0.1755
23332,1.2813
23333,0.4570
23334,0.8554
23335,0.9470
23336,1.3388
23337,0.8380
23338,0.8320
23339,0.8362
23340,0.8527
23341,0.7107
23342,1.0222
23343,0.8640
23344,1.1386
23345,0.9045
23346,0.7642
23347,0.7581
23348,1.1068
23349,0.7993
23350,0.6545
23351,0.9161
23352,1.0982
23353,0.8864
23354,0.8372
23355,0.8104
23356,0.8268
23357,0.9694
23358,0.7252
23359,0.9386
23360,1.2693
23361,0.8445
23362,0.8136
23363,0.8357
23364,0.7985
23365,0.9102
23366,1.3199
23367,0.6731
23368,0.9090
23369,0.7539
23370,0.8213
23371,1.1377
23372,1.3086
23373,0.5892
23374,1.1051
23375,1.2326
23376,0.8559
23377,0.9188
23378,0.6845
23379,0.8604
23380,1.0677
23381,1.4506
23382,0.4498
23383,0.9630
23384,0.7940
23385,0.8481
23386,0.7582
23387,0.8971
23388,0.8523
23389,0.8250
23390,1.2558
23391,0.9354
23392,1.7574
23393,0.1554
23394,0.9364
23395,1.1452
23396,0.8089
23397,1.4707
23398,0.6868
23399,0.8201
23400,0.8906
23401,0.8242
23402,0.8472
23403,0.8595
23404,1.3184
23405,0.8415
23406,0.7223
23407,0.8245
23408,0.8944
23409,0.8686
23410,0.8282
23411,0.8554
23412,1.3217
23413,0.9406
23414,1.0607
23415,0.6773
23416,0.8325
23417,0.9149
23418,0.7982
23419,0.8516
23420,1.2468
23421,0.8259
23422,0.8149
23423,0.8355
23424,0.8273
23425,0.8152
23426,0.8648
23427,1.2374
23428,1.2398
23429,0.8879
23430,0.9083
23431,1.2574
23432,0.9322
23433,1.1543
23434,0.8062
23435,0.9112
23436,0.9128
23437,0.7697
23438,0.8709
23439,0.9033
23440,0.7681
23441,0.7850
23442,1.3522
23443,0.7626
23444,0.8429
23445,0.7511
23446,0.9223
23447,0.9136
23448,0.9442
23449,1.0444
23450,1.1047
23451,1.1309
23452,1.0116
23453,0.7114
23454,0.8911
23455,0.6998
23456,0.8443
23457,1.4019
23458,0.9080
23459,0.7777
23460,0.8684
23461,0.8293
23462,0.9821
23463,0.8106
23464,0.7065
23465,1.4164
23466,1.0401
23467,0.8319
23468,1.0997
23469,1.0224
23470,0.8992
23471,0.6988
23472,1.3132
23473,0.9545
23474,0.7569
23475,0.7682
23476,0.8095
23477,0.9440
23478,0.8905
23479,0.7983
23480,1.1104
23481,1.4643
23482,0.3069
23483,0.7902
23484,0.8630
23485,0.7837
23486,0.9156
23487,1.1412
23488,1.2155
23489,0.9497
23490,0.9187
23491,0.8099
23492,0.9047
23493,0.7442
23494,1.2990
23495,0.7850
23496,0.8852
23497,0.8074
23498,0.9723
23499,0.6111
23500,0.8800
23501,0.9090
23502,1.3546
23503,0.6695
23504,0.9813
23505,0.8349
23506,1.1152
23507,0.9742
23508,0.9003
23509,1.1359
23510,1.0318
23511,0.8615
23512,0.6783
23513,1.0064
23514,0.8470
23515,0.8814
23516,0.6572
23517,1.2375
23518,0.9516
23519,0.8922
23520,0.8121
23521,0.7874
23522,1.0021
23523,0.8978
23524,0.9890
23525,1.2483
23526,0.9241
23527,0.4516
23528,0.8876
23529,0.8064
23530,0.8105
23531,0.8979
23532,0.8700
23533,1.2099
23534,0.9195
23535,0.8424
23536,0.8248
23537,0.9770
23538,0.8005
23539,0.8349
23540,1.2817
23541,1.1243
23542,1.1061
23543,0.9286
23544,1.0161
23545,0.9246
23546,1.1189
23547,1.2179
23548,1.3334
23549,0.3724
23550,0.7373
23551,1.0079
23552,0.6907
23553,0.9485
23554,1.3827
23555,0.8740
23556,0.9085
23557,0.7218
23558,0.9013
23559,0.9394
23560,0.8227
23561,0.8693
23562,1.0563
23563,0.8514
23564,0.9670
23565,0.9378
23566,0.6782
23567,0.6430
23568,1.0330
23569,1.2796
23570,0.7598
23571,0.8062
23572,0.8501
23573,0.8845
23574,0.7236
23575,0.9838
23576,0.7824
23577,1.3685
23578,0.8119
23579,0.8604
23580,0.8728
23581,1.0040
23582,1.1665
23583,0.8975
23584,1.3751
23585,0.7231
23586,0.9778
23587,0.7465
23588,0.7434
23589,0.7127
23590,0.8820
23591,0.8882
23592,1.6394
23593,0.6405
23594,0.9399
23595,0.9208
23596,0.8182
23597,0.8017
23598,0.8390
23599,1.3029
23600,1.3176
23601,0.3862
23602,0.8249
23603,0.8028
23604,0.7699
23605,0.8890
23606,0.8534
23607,1.4293
23608,0.8075
23609,0.8335
23610,0.8095
23611,0.8001
23612,0.7530
23613,1.0980
23614,0.8048
23615,1.1223
23616,0.8562
23617,0.7816
23618,0.8538
23619,0.9553
23620,1.1706
23621,0.8783
23622,1.1026
23623,0.9363
23624,0.8258
23625,0.8752
23626,0.7654
23627,0.8744
23628,0.8093
23629,0.8633
23630,1.3431
23631,0.7979
23632,0.8192
23633,0.8068
23634,0.9500
23635,0.8882
23636,0.7549
23637,0.8260
23638,1.2505
23639,0.7356
23640,0.8423
23641,0.8307
23642,0.8168
23643,0.8851
23644,0.8854
23645,1.1673
23646,1.2564
23647,0.8869
23648,0.8612
23649,0.8955
23650,0.9051
23651,1.1689
23652,0.8808
23653,0.8639
23654,0.8297
23655,0.8413
23656,1.0558
23657,1.2041
23658,0.7573
23659,0.7455
23660,1.3991
23661,0.8044
23662,0.7268
23663,0.8811
23664,0.7747
23665,0.9510
23666,0.8984
23667,1.2742
23668,0.9247
23669,0.8789
23670,0.8025
23671,0.7292
23672,0.7841
23673,1.1741
23674,0.7081
23675,1.1758
23676,0.7806
23677,0.9888
23678,0.7584
23679,0.8946
23680,0.7170
23681,0.9053
23682,0.8685
23683,1.3788
23684,0.9392
23685,0.7543
23686,0.8306
23687,0.8844
23688,0.9429
23689,0.8491
23690,0.7273
23691,1.2261
23692,0.8511
23693,1.0592
23694,1.0299
23695,1.0235
23696,0.6621
23697,0.8379
23698,1.4648
23699,0.7683
23700,0.8186
23701,1.1754
23702,0.4987
23703,0.9154
23704,0.8794
23705,1.1949
23706,0.8494
23707,0.8172
23708,0.8293
23709,0.8192
23710,0.8295
23711,0.9113
23712,0.7696
23713,1.3539
23714,0.7656
23715,0.8399
23716,0.8513
23717,0.8184
23718,1.0418
23719,0.6552
23720,0.8388
23721,1.1985
23722,1.2106
23723,0.8886
23724,0.9378
23725,0.7979
23726,0.8652
23727,0.9375
23728,1.2329
23729,0.7733
23730,1.0394
23731,1.1199
23732,0.7837
23733,0.9176
23734,0.8577
23735,1.1672
23736,1.2322
23737,0.9172
23738,0.9938
23739,0.7872
23740,0.8708
23741,0.7985
23742,0.8282
23743,1.1427
23744,0.8923
23745,0.7996
23746,0.7703
23747,0.8753
23748,0.8628
23749,0.8883
23750,1.9011
23751,0.2236
23752,0.8417
23753,0.8021
23754,0.7586
23755,1.0023
23756,0.7092
23757,0.8236
23758,1.3050
23759,0.9285
23760,0.8042
23761,0.7793
23762,0.9261
23763,0.9659
23764,0.6970
23765,1.2544
23766,0.8157
23767,1.0425
23768,0.8099
23769,0.8489
23770,0.8074
23771,0.8869
23772,0.8696
23773,1.2363
23774,1.1832
23775,0.8274
23776,0.8259
23777,0.8389
23778,0.9257
23779,0.8281
23780,0.8763
23781,1.1826
23782,0.8153
23783,0.8400
23784,0.8409
23785,1.0034
23786,0.9781
23787,0.7080
23788,1.1103
23789,1.1454
23790,0.9313
23791,0.9464
23792,0.8476
23793,1.0587
23794,0.7612
23795,0.8740
23796,1.0977
23797,0.8370
23798,0.7737
23799,0.9087
23800,0.8567
23801,0.8499
23802,0.9105
23803,1.2416
23804,0.7179
23805,1.1006
23806,1.0571
23807,0.8653
23808,0.9695
23809,0.8272
23810,0.7575
23811,1.3556
23812,0.7989
23813,0.7965
23814,0.8241
23815,0.8846
23816,0.7992
23817,0.9432
23818,1.1652
23819,1.0997
23820,0.6743
23821,0.8551
23822,0.7968
23823,0.7563
23824,0.8609
23825,0.8658
23826,1.2658
23827,1.1856
23828,0.8260
23829,0.7782
23830,0.7806
23831,0.9148
23832,0.8668
23833,1.2968
23834,0.7934
23835,0.8342
23836,0.8278
23837,0.8671
23838,0.8515
23839,0.7458
23840,0.9257
23841,1.3320
23842,1.1408
23843,0.8021
23844,0.8925
23845,0.7533
23846,1.0425
23847,0.7732
23848,1.0899
23849,1.1910
23850,0.9683
23851,0.8920
23852,1.0771
23853,0.7620
23854,1.0370
23855,0.5842
23856,1.2304
23857,0.8652
23858,0.7777
23859,0.8326
23860,0.8603
23861,1.0285
23862,0.7354
23863,0.7922
23864,1.3764
23865,0.7948
23866,0.8223
23867,0.8723
23868,0.7708
23869,0.8935
23870,1.2822
23871,0.8141
23872,0.8309
23873,0.8145
23874,0.8259
23875,0.8231
23876,0.7729
23877,0.8677
23878,0.9991
23879,1.4097
23880,0.9262
23881,0.9556
23882,0.8300
23883,0.8486
23884,0.8162
23885,0.8091
23886,1.3638
23887,0.9584
23888,0.8988
23889,0.7971
23890,0.7783
23891,0.8804
23892,0.8481
23893,0.8463
23894,1.3317
23895,0.7243
23896,0.8142
23897,0.8617
23898,0.8265
23899,1.1043
23900,0.6610
23901,1.1201
23902,0.9999
23903,1.1747
23904,0.8136
23905,0.8338
23906,0.8017
23907,1.0617
23908,0.8870
23909,1.1054
23910,0.9126
23911,0.7254
23912,0.7590
23913,0.8366
23914,0.9350
23915,0.8622
23916,0.7784
23917,1.5438
23918,0.8794
23919,0.8242
23920,1.6756
23921,0.6393
23922,0.2989
23923,1.0315
23924,1.1851
23925,0.7976
23926,0.9659
23927,0.7976
23928,0.7864
23929,1.0841
23930,0.7056
23931,0.8034
23932,1.1741
23933,0.8322
23934,1.3594
23935,0.2381
23936,0.8704
23937,1.0462
23938,0.7790
23939,0.7404
23940,1.3915
23941,0.7877
23942,0.8323
23943,0.8450
23944,0.8111
23945,0.9133
23946,0.8103
23947,1.2133
23948,0.8673
23949,0.8478
23950,0.7877
23951,0.8560
23952,0.8770
23953,1.0348
23954,0.7332
23955,1.1215
23956,1.1617
23957,0.9045
23958,0.8387
23959,0.8193
23960,1.1269
23961,0.8446
23962,1.2218
23963,0.8327
23964,0.8292
23965,0.8208
23966,0.8753
23967,1.0232
23968,0.6836
23969,0.8461
23970,1.9982
23971,0.5471
23972,0.8341
23973,0.8215
23974,0.9096
23975,0.7738
23976,0.8462
23977,1.1482
23978,0.8835
23979,0.8526
23980,0.8387
23981,0.8169
23982,1.0499
23983,0.7998
23984,0.7292
23985,1.2928
23986,0.7443
23987,1.4295
23988,0.3399
23989,0.8127
23990,0.9327
23991,0.7281
23992,0.8252
23993,1.1585
23994,1.1301
23995,0.8726
23996,0.9871
23997,1.3529
23998,0.7299
23999,0.7329
24000,1.2277
24001,0.8639
24002,0.8056
24003,0.8944
24004,0.7438
24005,0.8576
24006,0.8731
24007,1.2084
24008,1.2494
24009,0.9364
24010,0.9552
24011,0.7969
24012,0.8939
24013,0.7860
24014,1.2447
24015,0.8112
24016,0.9250
24017,0.8386
24018,0.7916
24019,0.9150
24020,0.7527
24021,1.1528
24022,0.5590
24023,1.2157
24024,0.8054
24025,0.9122
24026,0.8431
24027,0.9505
24028,0.7527
24029,0.8059
24030,1.2608
24031,1.2028
24032,0.9900
24033,1.0130
24034,1.1227
24035,0.9132
24036,0.6416
24037,1.3148
24038,0.9239
24039,0.6116
24040,0.9558
24041,0.9494
24042,0.8017
24043,0.8303
24044,1.1709
24045,1.2919
24046,0.8667
24047,0.8233
24048,0.8141
24049,0.8737
24050,0.7249
24051,0.9178
24052,1.2616
24053,0.8737
24054,0.8245
24055,0.8809
24056,0.7523
24057,0.9317
24058,0.7748
24059,0.8199
24060,1.4372
24061,1.0548
24062,0.8015
24063,0.8102
24064,0.9265
24065,0.8790
24066,0.7771
24067,1.2242
24068,0.8549
24069,0.8307
24070,0.8300
24071,0.8673
24072,1.1370
24073,0.9238
24074,1.0662
24075,1.0852
24076,0.8329
24077,0.8062
24078,0.8628
24079,0.9129
24080,0.8120
24081,0.8277
24082,0.7707
24083,1.2296
24084,1.2200
24085,0.8263
24086,0.8579
24087,0.8850
24088,1.2740
24089,0.6981
24090,0.9490
24091,0.7886
24092,0.8826
24093,0.9009
24094,0.7186
24095,0.8506
24096,0.7428
24097,1.3000
24098,1.1932
24099,1.0026
24100,0.9840
24101,0.7434
24102,0.8650
24103,0.8251
24104,1.1883
24105,0.9996
24106,0.6903
24107,0.7402
24108,0.8760
24109,1.1012
24110,1.0493
24111,0.8557
24112,1.2665
24113,0.8462
24114,0.9052
24115,0.8420
24116,0.8151
24117,0.9948
24118,0.7153
24119,1.1638
24120,1.2904
24121,0.8944
24122,1.0179
24123,0.5213
24124,0.9585
24125,0.7233
24126,1.3665
24127,0.7862
24128,0.7995
24129,0.8343
24130,0.9280
24131,0.8371
24132,0.8062
24133,0.9335
24134,1.2162
24135,0.8516
24136,0.8456
24137,0.8991
24138,0.7835
24139,1.6120
24140,0.2599
24141,0.8094
24142,1.2698
24143,1.0147
24144,1.0781
24145,0.8561
24146,0.8575
24147,0.7965
24148,0.8595
24149,1.4296
24150,1.0199
24151,0.8880
24152,0.8491
24153,0.8443
24154,1.2613
24155,0.3776
24156,0.9649
24157,1.1306
24158,0.7410
24159,0.9268
24160,0.7671
24161,0.9263
24162,0.7776
24163,0.9772
24164,1.1950
24165,0.8119
24166,0.8474
24167,0.8341
24168,0.8350
24169,0.8545
24170,0.8603
24171,0.7958
24172,1.2762
24173,0.8062
24174,0.8712
24175,0.8241
24176,0.9011
24177,1.0092
24178,0.6720
24179,1.1555
24180,1.0070
24181,1.2008
24182,0.7487
24183,0.8041
24184,0.8856
24185,0.9426
24186,0.8030
24187,1.3937
24188,0.6664
24189,0.8641
24190,0.8664
24191,0.9900
24192,0.7872
24193,0.8293
24194,1.1837
24195,0.9158
24196,0.7937
24197,0.8512
24198,0.8888
24199,0.7995
24200,0.8831
24201,0.8632
24202,1.1106
24203,0.8916
24204,0.8345
24205,0.8038
24206,0.8442
24207,0.8831
24208,0.7891
24209,0.9173
24210,1.3450
24211,0.8145
24212,0.8930
24213,0.8012
24214,0.7199
24215,1.0251
24216,0.7907
24217,0.9578
24218,1.2351
24219,0.8669
24220,0.7636
24221,0.9156
24222,0.8318
24223,0.8309
24224,0.9418
24225,1.4215
24226,0.9835
24227,0.9329
24228,0.7798
24229,0.8221
24230,0.9222
24231,0.7250
24232,0.9152
24233,1.3144
24234,0.7875
24235,0.8318
24236,0.7936
24237,0.8500
24238,1.0705
24239,0.7192
24240,0.8141
24241,1.4423
24242,1.3695
24243,0.3242
24244,0.7418
24245,1.0717
24246,1.1287
24247,0.8315
24248,1.2066
24249,0.8118
24250,0.8839
24251,0.8271
24252,0.7911
24253,0.9410
24254,1.0286
24255,1.1150
24256,0.8729
24257,0.7589
24258,0.7945
24259,0.8870
24260,0.7967
24261,0.9346
24262,0.7575
24263,1.2371
24264,1.1450
24265,0.9471
24266,0.8827
24267,0.8446
24268,0.9580
24269,0.8193
24270,1.2204
24271,0.8233
24272,0.8593
24273,0.7774
24274,0.7812
24275,0.9727
24276,0.8064
24277,0.8903
24278,1.2993
24279,0.8194
24280,0.8731
24281,0.8393
24282,0.8362
24283,1.1019
24284,1.1307
24285,1.1230
24286,0.8843
24287,0.9664
24288,0.8612
24289,0.7807
24290,1.0879
24291,0.7028
24292,0.8284
24293,1.1914
24294,0.8279
24295,0.8273
24296,0.8455
24297,0.8359
24298,0.8057
24299,0.9206
24300,0.7661
24301,1.3856
24302,0.7816
24303,0.8727
24304,0.8818
24305,0.8043
24306,0.9537
24307,0.8479
24308,1.2138
24309,0.8074
24310,0.8719
24311,0.8174
24312,0.8792
24313,0.9254
24314,0.7599
24315,0.8801
24316,1.1865
24317,1.1638
24318,0.8392
24319,0.8211
24320,0.8408
24321,1.0674
24322,1.3779
24323,0.8774
24324,0.8118
24325,0.8821
24326,1.0320
24327,0.6431
24328,1.0237
24329,0.6764
24330,0.8342
24331,1.3486
24332,0.8402
24333,0.8694
24334,0.8710
24335,0.8488
24336,0.8316
24337,0.8374
24338,1.2559
24339,0.8269
24340,0.8643
24341,0.8540
24342,0.8688
24343,0.8675
24344,1.0134
24345,0.7542
24346,1.1395
24347,0.8502
24348,0.8221
24349,0.8355
24350,0.8637
24351,0.9862
24352,0.9267
24353,0.6399
24354,1.2256
24355,1.1274
24356,0.8234
24357,0.8316
24358,0.8679
24359,1.1016
24360,0.8055
24361,1.1585
24362,0.8811
24363,0.8420
24364,0.8251
24365,0.8232
24366,1.0174
24367,0.8716
24368,1.0777
24369,1.1428
24370,1.2314
24371,0.6908
24372,0.8713
24373,0.9502
24374,0.7607
24375,1.2137
24376,0.8051
24377,0.7772
24378,0.8861
24379,0.8461
24380,0.8632
24381,0.8021
24382,0.8596
24383,1.2985
24384,0.7481
24385,0.8729
24386,0.8216
24387,0.8318
24388,0.8449
24389,0.9411
24390,0.8774
24391,1.1118
24392,1.2085
24393,0.9354
24394,0.8732
24395,0.7461
24396,1.0162
24397,1.1857
24398,1.1965
24399,0.9316
24400,0.7967
24401,0.8515
24402,0.8579
24403,0.9684
24404,0.6886
24405,0.9032
24406,1.2384
24407,0.8940
24408,0.8232
24409,0.7589
24410,0.8909
24411,1.6827
24412,0.3050
24413,0.6883
24414,1.2462
24415,1.1349
24416,0.7757
24417,0.8836
24418,0.9721
24419,0.7206
24420,0.8025
24421,1.3413
24422,0.8405
24423,0.8980
24424,0.8431
24425,0.8210
24426,0.9549
24427,0.7918
24428,1.2237
24429,0.8703
24430,0.9336
24431,0.7403
24432,0.8625
24433,0.7837
24434,0.8286
24435,0.8805
24436,1.1908
24437,0.8394
24438,0.8151
24439,0.8316
24440,0.8772
24441,0.9226
24442,0.7898
24443,0.7884
24444,1.3072
24445,1.2049
24446,0.8857
24447,0.7634
24448,0.8901
24449,0.7857
24450,1.0508
24451,1.1848
24452,1.0801
24453,0.9361
24454,0.7667
24455,0.8594
24456,0.8420
24457,0.9040
24458,1.2396
24459,1.1761
24460,0.9667
24461,2.1220
24462,0.1741
24463,0.2215
24464,0.9028
24465,1.3015
24466,0.8399
24467,0.9386
24468,0.7727
24469,0.8696
24470,0.7516
24471,0.8638
24472,0.9125
24473,1.2511
24474,0.8719
24475,0.7909
24476,0.9751
24477,0.9125
24478,0.8665
24479,0.9670
24480,0.7100
24481,1.2347
24482,1.1478
24483,0.7621
24484,0.9187
24485,0.8505
24486,0.8808
24487,0.8414
24488,1.1489
24489,0.8242
24490,0.8562
24491,0.8881
24492,0.7187
24493,1.0983
24494,0.7021
24495,0.9160
24496,1.2359
24497,0.8236
24498,0.9125
24499,0.8208
24500,0.8310
24501,1.0664
24502,1.0826
24503,1.1828
24504,1.2501
24505,0.4183
24506,0.8516
24507,0.8494
24508,0.9236
24509,0.7701
24510,0.8369
24511,1.4218
24512,0.8265
24513,1.1722
24514,0.5398
24515,0.7845
24516,0.9693
24517,0.8304
24518,1.2303
24519,0.7377
24520,0.9410
24521,0.8322
24522,0.7497
24523,0.9802
24524,0.7961
24525,1.0670
24526,1.0530
24527,0.7815
24528,0.9499
24529,0.7125
24530,1.0383
24531,0.7117
24532,0.8535
24533,0.8163
24534,1.2262
24535,1.1899
24536,1.0528
24537,0.8746
24538,0.8187
24539,1.3991
24540,0.6775
24541,1.0038
24542,1.0206
24543,0.8381
24544,0.8469
24545,0.8274
24546,1.4201
24547,0.4651
24548,1.1950
24549,1.1930
24550,0.7794
24551,0.8447
24552,0.8584
24553,0.9786
24554,0.7279
24555,1.2698
24556,0.7869
24557,0.7769
24558,0.8867
24559,0.8061
24560,0.9612
24561,1.0103
24562,0.6179
24563,1.1957
24564,0.9078
24565,0.8008
24566,0.8526
24567,0.7505
24568,0.8496
24569,0.8382
24570,0.8132
24571,1.3281
24572,1.1970
24573,0.9158
24574,0.9755
24575,0.8213
24576,0.8346
24577,1.4281
24578,0.7477
24579,1.0486
24580,0.7569
24581,0.8024
24582,0.8187
24583,0.8441
24584,0.8581
24585,0.8780
24586,1.3590
24587,0.8456
24588,0.7245
24589,0.8740
24590,0.9150
24591,1.0431
24592,0.6324
24593,0.8723
24594,1.3278
24595,0.7612
24596,0.9353
24597,0.6913
24598,0.7806
24599,0.9438
24600,0.8728
24601,1.2662
24602,1.0882
24603,0.8035
24604,1.1580
24605,0.7926
24606,0.8137
24607,0.8775
24608,1.1881
24609,0.9057
24610,0.8845
24611,0.8431
24612,0.8130
24613,1.6796
24614,0.2395
24615,1.4295
24616,0.9094
24617,0.6982
24618,0.7765
24619,0.8458
24620,0.9153
24621,0.9804
24622,0.7279
24623,0.7734
24624,1.4420
24625,0.8135
24626,0.8943
24627,0.7376
24628,0.9074
24629,1.3962
24630,0.5490
24631,1.0076
24632,0.8207
24633,0.8282
24634,0.7912
24635,0.9333
24636,0.7281
24637,0.9091
24638,0.9230
24639,1.2945
24640,0.8032
24641,0.8300
24642,0.8542
24643,0.8723
24644,1.0433
24645,0.6112
24646,1.3605
24647,0.6631
24648,0.8633
24649,0.9496
24650,0.8859
24651,0.6645
24652,1.1477
24653,1.2230
24654,1.1153
24655,1.0024
24656,0.8833
24657,0.8751
24658,0.9351
24659,0.7962
24660,0.9469
24661,1.2411
24662,1.0166
24663,1.0641
24664,0.7485
24665,0.7817
24666,1.0768
24667,0.6863
24668,1.2658
24669,0.8360
24670,0.7367
24671,0.8409
24672,0.8453
24673,0.8721
24674,0.9711
24675,0.7750
24676,1.1748
24677,1.2124
24678,0.8951
24679,0.9660
24680,0.8779
24681,1.1827
24682,0.5389
24683,1.1470
24684,0.8454
24685,0.8443
24686,0.7892
24687,0.8253
24688,0.8889
24689,0.9349
24690,0.8926
24691,1.2934
24692,1.1836
24693,0.7312
24694,0.9428
24695,0.8104
24696,0.8853
24697,1.4553
24698,0.6756
24699,0.9091
24700,0.8842
24701,0.7817
24702,0.7933
24703,0.9489
24704,0.8025
24705,0.8264
24706,1.2708
24707,0.7852
24708,1.6133
24709,0.2097
24710,0.8189
24711,1.2387
24712,0.6661
24713,1.3891
24714,0.7931
24715,1.0649
24716,0.7935
24717,0.8484
24718,0.8880
24719,0.9233
24720,0.7680
24721,1.2697
24722,0.8139
24723,0.7877
24724,0.8265
24725,0.7743
24726,1.1420
24727,0.6643
24728,0.7811
24729,1.2299
24730,1.2076
24731,1.0032
24732,0.8659
24733,1.1218
24734,0.5745
24735,0.7835
24736,1.1486
24737,1.0268
24738,0.8332
24739,0.9040
24740,0.8979
24741,0.8034
24742,0.8341
24743,0.7778
24744,1.3357
24745,0.8666
24746,0.8567
24747,1.1448
24748,1.0133
24749,0.7930
24750,0.9376
24751,1.0974
24752,1.1914
24753,0.8417
24754,0.8326
24755,0.8346
24756,1.6114
24757,0.4781
24758,0.6332
24759,1.2431
24760,0.9289
24761,0.9120
24762,0.7531
24763,1.3305
24764,0.6676
24765,0.9518
24766,1.5434
24767,0.6318
24768,0.7215
24769,0.8079
24770,0.8912
24771,0.8323
24772,0.8312
24773,1.4166
24774,0.6438
24775,0.8450
24776,0.9092
24777,0.8087
24778,1.1776
24779,0.5567
24780,0.8359
24781,1.4243
24782,0.7013
24783,0.8677
24784,0.8375
24785,0.7463
24786,0.9025
24787,0.8642
24788,1.2313
24789,0.8918
24790,0.7717
24791,0.8150
24792,0.7954
24793,0.8806
24794,0.9166
24795,1.1241
24796,1.4721
24797,0.6483
24798,1.1308
24799,0.6620
24800,0.7306
24801,0.9535
24802,0.8293
24803,0.8205
24804,1.2821
24805,0.8731
24806,0.7246
24807,0.8707
24808,0.9747
24809,0.7859
24810,0.8368
24811,1.1717
24812,0.8317
24813,0.8786
24814,0.8215
24815,0.8884
24816,1.0034
24817,0.6718
24818,0.7701
24819,1.3231
24820,0.9333
24821,0.9746
24822,0.8337
24823,0.8042
24824,0.8932
24825,0.8720
24826,0.7832
24827,1.2569
24828,0.7540
24829,0.8406
24830,0.8322
24831,0.9154
24832,1.8387
24833,0.3459
24834,0.4936
24835,1.1865
24836,1.0598
24837,0.8337
24838,0.7729
24839,0.9994
24840,0.7512
24841,0.8107
24842,1.2920
24843,1.1573
24844,0.7621
24845,0.9386
24846,0.8974
24847,0.8073
24848,0.7552
24849,1.2545
24850,0.8971
24851,0.9796
24852,0.6822
24853,0.8679
24854,0.8642
24855,0.9201
24856,0.7844
24857,1.2268
24858,1.0315
24859,0.9792
24860,0.7266
24861,0.9572
24862,0.8381
24863,0.7705
24864,0.9047
24865,1.1314
24866,0.8305
24867,0.8310
24868,0.8404
24869,0.8266
24870,1.2324
24871,0.7919
24872,1.3247
24873,0.8273
24874,0.8670
24875,0.8347
24876,0.8020
24877,0.8316
24878,0.8476
24879,1.2440
24880,0.8794
24881,0.8435
24882,0.8472
24883,0.7855
24884,1.6409
24885,0.2071
24886,0.9261
24887,1.1885
24888,0.8663
24889,0.8525
24890,0.7607
24891,0.8700
24892,1.1319
24893,0.6570
24894,0.7382
24895,1.2302
24896,1.1923
24897,1.1057
24898,0.8625
24899,0.7768
24900,1.2390
24901,1.1827
24902,0.4831
24903,0.7901
24904,0.8738
24905,0.7928
24906,0.8137
24907,1.2488
24908,0.8144
24909,0.5725
24910,1.3662
24911,0.8461
24912,0.8022
24913,0.8216
24914,0.7759
24915,1.3875
24916,0.4377
24917,1.1585
24918,0.8237
24919,0.9476
24920,0.7722
24921,0.8203
24922,0.8265
24923,1.1668
24924,0.7980
24925,1.3355
24926,0.7812
24927,0.7955
24928,0.8395
24929,0.8344
24930,1.2985
24931,0.4902
24932,0.7781
24933,1.1635
24934,1.1895
24935,1.1642
24936,0.8612
24937,1.0670
24938,1.0968
24939,0.5719
24940,0.8539
24941,0.9028
24942,0.7805
24943,0.8959
24944,0.8391
24945,0.9899
24946,0.9841
24947,0.8960
24948,1.2611
24949,0.9461
24950,0.8745
24951,2.0161
24952,0.3264
24953,0.5108
24954,0.8808
24955,1.1769
24956,0.8829
24957,0.7251
24958,0.8555
24959,0.8264
24960,0.9007
24961,0.8966
24962,1.2572
24963,0.9716
24964,0.7439
24965,0.8766
24966,0.7891
24967,1.0613
24968,0.7225
24969,1.1606
24970,0.9231
24971,0.7764
24972,0.8349
24973,0.8280
24974,0.8163
24975,0.9085
24976,0.8689
24977,1.1739
24978,0.8876
24979,0.7189
24980,0.8454
24981,0.8736
24982,0.7982
24983,0.9706
24984,0.8649
24985,1.2023
24986,0.8882
24987,0.7711
24988,0.9464
24989,0.8149
24990,0.7572
24991,1.2881
24992,0.8578
24993,1.1353
24994,0.8541
24995,0.8712
24996,0.8893
24997,0.7891
24998,0.8939
24999,0.7700
25000,1.2439
25001,1.1626
25002,1.0934
25003,0.7723
25004,0.8874
25005,0.8964
25006,0.9286
25007,1.1301
25008,0.9085
25009,0.7969
25010,0.7993
25011,0.9217
25012,0.8462
25013,0.8100
25014,1.1110
25015,0.9860
25016,1.0563
25017,0.7518
25018,0.8843
25019,0.9422
25020,1.0622
25021,0.6089
25022,0.7634
25023,1.4542
25024,0.8677
25025,0.8191
25026,0.8254
25027,1.0226
25028,1.2001
25029,0.7968
25030,1.2821
25031,0.7948
25032,0.7515
25033,0.9048
25034,0.8893
25035,1.0556
25036,0.7415
25037,1.1980
25038,1.1817
25039,0.8945
25040,0.7271
25041,0.8338
25042,0.9190
25043,0.8257
25044,0.8313
25045,1.2395
25046,0.7984
25047,0.8450
25048,0.8140
25049,0.8196
25050,1.1479
25051,0.6069
25052,0.7807
25053,1.4563
25054,0.8151
25055,0.8081
25056,0.8473
25057,1.1200
25058,0.5680
25059,0.8404
25060,1.1883
25061,0.8362
25062,0.8969
25063,0.8330
25064,1.0311
25065,1.2437
25066,0.8591
25067,1.1480
25068,1.1906
25069,0.6046
25070,1.0381
25071,0.6468
25072,0.8346
25073,0.8261
25074,0.8196
25075,1.3222
25076,0.8787
25077,0.8240
25078,0.8184
25079,0.8542
25080,1.0084
25081,0.8208
25082,1.1504
25083,0.7605
25084,0.8707
25085,0.9771
25086,0.7055
25087,0.8743
25088,0.9137
25089,0.7437
25090,0.8128
25091,1.3777
25092,0.7835
25093,0.9027
25094,0.8054
25095,0.8330
25096,0.9575
25097,0.8694
25098,1.1806
25099,0.8049
25100,0.7894
25101,1.0437
25102,1.1033
25103,1.2702
25104,0.5396
25105,0.8017
25106,1.2098
25107,0.8726
25108,0.7750
25109,0.8061
25110,0.8823
25111,0.7875
25112,0.8960
25113,1.2043
25114,1.2085
25115,0.9221
25116,0.8522
25117,0.8006
25118,0.9530
25119,0.9467
25120,0.7956
25121,1.1448
25122,0.7284
25123,0.9588
25124,0.9395
25125,0.7778
25126,0.9278
25127,0.7786
25128,1.2711
25129,1.2368
25130,1.0194
25131,0.8481
25132,0.8542
25133,0.8682
25134,0.8299
25135,0.7828
25136,1.5271
25137,0.7005
25138,1.0351
25139,1.1248
25140,0.8205
25141,0.8764
25142,0.8288
25143,1.3384
25144,0.8604
25145,0.8485
25146,0.8074
25147,0.8926
25148,0.8287
25149,0.8101
25150,1.3057
25151,0.7542
25152,0.8599
25153,1.0951
25154,0.6364
25155,0.8521
25156,0.7833
25157,0.8359
25158,1.2938
25159,0.7836
25160,0.7622
25161,0.8339
25162,0.8441
25163,1.0393
25164,0.7793
25165,1.0637
25166,0.9110
25167,1.1807
25168,0.7940
25169,1.3702
25170,0.4462
25171,0.7707
25172,0.8475
25173,1.1807
25174,0.8238
25175,0.9366
25176,1.1251
25177,0.8926
25178,0.8841
25179,0.8826
25180,1.3360
25181,0.7883
25182,0.8074
25183,0.8939
25184,0.8235
25185,0.8791
25186,0.8036
25187,0.8701
25188,1.2372
25189,0.9494
25190,0.8064
25191,0.8373
25192,0.8665
25193,0.9017
25194,0.8932
25195,0.7792
25196,1.1700
25197,0.8402
25198,0.8346
25199,0.8570
25200,0.7824
25201,1.0181
25202,0.7760
25203,1.2871
25204,0.8169
25205,0.9385
25206,0.8283
25207,0.7995
25208,0.9222
25209,0.7336
25210,0.8220
25211,1.2331
25212,0.9007
25213,0.9680
25214,1.1776
25215,0.8074
25216,0.9170
25217,0.8821
25218,1.2413
25219,0.8568
25220,0.8286
25221,0.8420
25222,0.8545
25223,1.0282
25224,0.6662
25225,0.8507
25226,1.1441
25227,0.8814
25228,0.7931
25229,0.8261
25230,0.9138
25231,1.0314
25232,0.7201
25233,1.1875
25234,1.1965
25235,0.7800
25236,0.9429
25237,0.7464
25238,2.0220
25239,0.2169
25240,1.0662
25241,0.8240
25242,0.8242
25243,0.8899
25244,0.7936
25245,0.8708
25246,0.8764
25247,0.8999
25248,1.1672
25249,0.8113
25250,0.8660
25251,0.8164
25252,0.9011
25253,0.8040
25254,0.9353
25255,0.9328
25256,1.1585
25257,0.9470
25258,0.7129
25259,0.8073
25260,0.8328
25261,1.0297
25262,0.7449
25263,1.2545
25264,0.8725
25265,0.7828
25266,0.9412
25267,0.6852
25268,0.8828
25269,0.8954
25270,0.8147
25271,1.1913
25272,1.6823
25273,0.3582
25274,0.8516
25275,0.8544
25276,1.1778
25277,1.0752
25278,1.0103
25279,0.9859
25280,0.9289
25281,0.8911
25282,0.7437
25283,0.9432
25284,0.8495
25285,0.8065
25286,1.3062
25287,0.7719
25288,1.0333
25289,0.6615
25290,0.8314
25291,0.9653
25292,0.7052
25293,0.8293
25294,1.4098
25295,0.7209
25296,0.8917
25297,0.7674
25298,0.8878
25299,0.9818
25300,0.8005
25301,1.2334
25302,0.8802
25303,0.8273
25304,0.8096
25305,0.8588
25306,0.7993
25307,0.8597
25308,0.8623
25309,1.2747
25310,0.9117
25311,0.9095
25312,0.7887
25313,0.8287
25314,1.0655
25315,1.0871
25316,1.2368
25317,1.0105
25318,0.8045
25319,0.8683
25320,0.9679
25321,0.8440
25322,0.6360
25323,1.0382
25324,1.3379
25325,0.7951
25326,0.9480
25327,0.7067
25328,0.7861
25329,0.9487
25330,0.8944
25331,1.0759
25332,0.9780
25333,0.8009
25334,0.7589
25335,0.8873
25336,0.9828
25337,0.7077
25338,0.9359
25339,1.1851
25340,0.8493
25341,0.8550
25342,0.8313
25343,0.7731
25344,0.9260
25345,0.8863
25346,0.7305
25347,1.4301
25348,1.1216
25349,0.7902
25350,0.8484
25351,1.0177
25352,0.9121
25353,0.8923
25354,0.8476
25355,1.0777
25356,0.9616
25357,0.6730
25358,0.8416
25359,1.1345
25360,0.5072
25361,0.7673
25362,1.4899
25363,0.9396
25364,0.8899
25365,0.9130
25366,0.8216
25367,0.8966
25368,0.7477
25369,0.8189
25370,2.0938
25371,0.3559
25372,0.7233
25373,0.9566
25374,0.8567
25375,0.9241
25376,0.7752
25377,1.2499
25378,0.9378
25379,0.8472
25380,0.7980
25381,0.8274
25382,0.7801
25383,0.9368
25384,1.2992
25385,0.9609
25386,0.7200
25387,0.9986
25388,0.8328
25389,0.8944
25390,1.0153
25391,1.1617
25392,0.7794
25393,0.8310
25394,0.9288
25395,0.7576
25396,0.8427
25397,1.0062
25398,0.8195
25399,0.8413
25400,1.0951
25401,1.2537
25402,0.7923
25403,0.8008
25404,0.8803
25405,0.8181
25406,0.7765
25407,1.2881
25408,1.0627
25409,0.7631
25410,1.0045
25411,1.2158
25412,0.7736
25413,0.9091
25414,1.1658
25415,1.3374
25416,0.7090
25417,0.8769
25418,0.9321
25419,1.2602
25420,0.4488
25421,1.2067
25422,0.9029
25423,0.8666
25424,0.8337
25425,0.8307
25426,0.8298
25427,0.9899
25428,0.6326
25429,1.2789
25430,0.8721
25431,0.7872
25432,0.8524
25433,0.7716
25434,0.8680
25435,0.8179
25436,0.8490
25437,1.2736
25438,0.8873
25439,0.8507
25440,1.3228
25441,0.5226
25442,1.0199
25443,0.8222
25444,0.9080
25445,1.1874
25446,0.5899
25447,1.0311
25448,1.0864
25449,1.2063
25450,0.7301
25451,0.6439
25452,1.1665
25453,1.2817
25454,0.7204
25455,0.8344
25456,1.0127
25457,0.6877
25458,0.7845
25459,1.2772
25460,0.7427
25461,0.8605
25462,0.8432
25463,0.9177
25464,1.0361
25465,0.6994
25466,0.8977
25467,1.1804
25468,0.8101
25469,0.7521
25470,0.8712
25471,0.8453
25472,0.8993
25473,0.8560
25474,1.3429
25475,0.8658
25476,0.8294
25477,0.7855
25478,0.9630
25479,0.6472
25480,0.9787
25481,0.8260
25482,1.1902
25483,0.9287
25484,1.6693
25485,0.1664
25486,0.9849
25487,1.0599
25488,0.5845
25489,0.8186
25490,1.3654
25491,1.0520
25492,0.6639
25493,0.8223
25494,0.8017
25495,0.8274
25496,0.9990
25497,0.8642
25498,1.1519
25499,0.8126
25500,0.8765
25501,0.8195
25502,0.8474
25503,0.8493
25504,0.8615
25505,1.3271
25506,1.2289
25507,0.8504
25508,0.7261
25509,0.8229
25510,0.7210
25511,0.9796
25512,1.0817
25513,0.8945
25514,0.8967
25515,0.7750
25516,0.8968
25517,0.8316
25518,0.8410
25519,0.8647
25520,1.2350
25521,0.9842
25522,1.0900
25523,0.9727
25524,0.8413
25525,0.9211
25526,0.8839
25527,0.8158
25528,1.2214
25529,1.1249
25530,0.8005
25531,0.9198
25532,1.0133
25533,0.7094
25534,0.8169
25535,1.1813
25536,0.8676
25537,0.8417
25538,0.7460
25539,0.8654
25540,0.8904
25541,1.7044
25542,0.6043
25543,1.1059
25544,0.7919
25545,0.8351
25546,0.8777
25547,0.8682
25548,0.7389
25549,0.8286
25550,1.2766
25551,0.7838
25552,0.8235
25553,0.8583
25554,0.8409
25555,1.1100
25556,0.6536
25557,0.9698
25558,1.1248
25559,1.1376
25560,0.8842
25561,0.7955
25562,0.8308
25563,0.7972
25564,0.8349
25565,1.2929
25566,1.2142
25567,0.8333
25568,0.8101
25569,0.8339
25570,0.8695
25571,0.8650
25572,1.1923
25573,0.8560
25574,0.8459
25575,0.7915
25576,0.9268
25577,0.9716
25578,0.7576
25579,0.8414
25580,1.2725
25581,0.8155
25582,0.9213
25583,0.8215
25584,0.7589
25585,0.9662
25586,0.8944
25587,0.8031
25588,1.1580
25589,0.8702
25590,0.8199
25591,0.8193
25592,1.3577
25593,0.5056
25594,0.8592
25595,1.1311
25596,0.8772
25597,1.1948
25598,0.8054
25599,0.8582
25600,0.9122
25601,0.8070
25602,1.1738
25603,0.7840
25604,0.8794
25605,0.9235
25606,0.8380
25607,0.8473
25608,0.7655
25609,1.0118
25610,0.8445
25611,1.2355
25612,0.7409
25613,0.9589
25614,0.7490
25615,0.8663
25616,0.8198
25617,0.8909
25618,0.8371
25619,1.3772
25620,0.8115
25621,0.8182
25622,0.8366
25623,0.8028
25624,0.9501
25625,1.3282
25626,0.7071
25627,0.7946
25628,0.7832
25629,0.9179
25630,0.7623
25631,1.0462
25632,0.7653
25633,1.1106
25634,1.4983
25635,0.7873
25636,0.7440
25637,0.8366
25638,0.8963
25639,0.8350
25640,1.2076
25641,1.6951
25642,0.3179
25643,0.5086
25644,1.0405
25645,1.0602
25646,0.8828
25647,0.8568
25648,0.8213
25649,1.2498
25650,0.8471
25651,0.8407
25652,0.7905
25653,0.8575
25654,0.9120
25655,0.7852
25656,1.3471
25657,0.8235
25658,0.8229
25659,0.8730
25660,0.8165
25661,0.9491
25662,0.9374
25663,0.8115
25664,1.0713
25665,0.8635
25666,0.7650
25667,0.9077
25668,0.7655
25669,0.8989
25670,0.9068
25671,1.1545
25672,1.2097
25673,0.9461
25674,0.9847
25675,0.9421
25676,1.0647
25677,0.5684
25678,0.8496
25679,1.1202
25680,1.2290
25681,0.6682
25682,1.0659
25683,0.9901
25684,0.8304
25685,1.1456
25686,1.1728
25687,0.9601
25688,0.9276
25689,0.8690
25690,0.8291
25691,0.8065
25692,0.9174
25693,1.2494
25694,0.7008
25695,0.8035
25696,0.8670
25697,0.8173
25698,0.9858
25699,0.7870
25700,0.7777
25701,1.1740
25702,0.8559
25703,0.7559
25704,0.8455
25705,0.8427
25706,0.8971
25707,0.8327
25708,1.4541
25709,1.5230
25710,0.4147
25711,0.9384
25712,0.8737
25713,0.7165
25714,0.8929
25715,1.3612
25716,0.7889
25717,1.0349
25718,0.8744
25719,1.0834
25720,0.9124
25721,0.8434
25722,1.2446
25723,1.1087
25724,0.9194
25725,0.8238
25726,0.8058
25727,1.1846
25728,0.5256
25729,0.9085
25730,1.1147
25731,0.9165
25732,0.8190
25733,0.7960
25734,0.8659
25735,0.8020
25736,0.9094
25737,0.8103
25738,1.1677
25739,0.8697
25740,0.8500
25741,0.9580
25742,0.7904
25743,0.8350
25744,0.8138
25745,0.7972
25746,1.2163
25747,1.1912
25748,0.9675
25749,0.9197
25750,0.8956
25751,0.8309
25752,0.7739
25753,1.3381
25754,0.9951
25755,0.8197
25756,0.8535
25757,0.8059
25758,0.9796
25759,0.7787
25760,0.7593
25761,1.4803
25762,0.8319
25763,0.8704
25764,0.7585
25765,0.8500
25766,0.8359
25767,0.8635
25768,1.2330
25769,0.8312
25770,0.8350
25771,0.7800
25772,0.8787
25773,0.8327
25774,0.8933
25775,0.8506
25776,1.3553
25777,0.8979
25778,0.7779
25779,0.8786
25780,0.8608
25781,0.7999
25782,0.8526
25783,0.7561
25784,1.2409
25785,0.7968
25786,0.7653
25787,0.9179
25788,0.7887
25789,0.9631
25790,0.8208
25791,1.2573
25792,1.0950
25793,0.9018
25794,0.8209
25795,0.9030
25796,0.8324
25797,0.8590
25798,0.7732
25799,1.2586
25800,1.0919
25801,0.7934
25802,1.0627
25803,0.7840
25804,0.9707
25805,0.8178
25806,1.1803
25807,0.8521
25808,0.8223
25809,0.7942
25810,0.8088
25811,1.3957
25812,0.3258
25813,1.2009
25814,1.1166
25815,1.1467
25816,0.9200
25817,0.8301
25818,0.8385
25819,0.7910
25820,1.2957
25821,0.7198
25822,0.9310
25823,0.8484
25824,0.8027
25825,0.8269
25826,1.1447
25827,0.6325
25828,0.8808
25829,1.2437
25830,1.0373
25831,0.8764
25832,0.8436
25833,0.8821
25834,0.8270
25835,0.9033
25836,1.1830
25837,1.1546
25838,0.8737
25839,0.8267
25840,0.9943
25841,0.9333
25842,0.8279
25843,0.7632
25844,1.3517
25845,0.6617
25846,0.8164
25847,0.7733
25848,0.8084
25849,0.9024
25850,0.8759
25851,1.1701
25852,1.2439
25853,0.8310
25854,0.7941
25855,0.7829
25856,1.3155
25857,0.6389
25858,0.9104
25859,1.1579
25860,0.8163
25861,0.9667
25862,0.6947
25863,0.8552
25864,0.8278
25865,0.9016
25866,1.4346
25867,1.0728
25868,0.9215
25869,0.7597
25870,0.8165
25871,0.8766
25872,0.9252
25873,1.1577
25874,0.8809
25875,0.8313
25876,0.7968
25877,0.8291
25878,0.9322
25879,0.7721
25880,0.8333
25881,1.1690
25882,0.7739
25883,0.9804
25884,0.7034
25885,0.9366
25886,0.9124
25887,0.8189
25888,0.8557
25889,1.1742
25890,1.2474
25891,0.8456
25892,0.8239
25893,0.8580
25894,0.8364
25895,1.0814
25896,1.0105
25897,0.7853
25898,0.8548
25899,0.7526
25900,0.8931
25901,0.8744
25902,0.9173
25903,1.3150
25904,1.0745
25905,1.0337
25906,0.8461
25907,0.8331
25908,0.8042
25909,0.9263
25910,0.8288
25911,1.8451
25912,0.2376
25913,0.8793
25914,0.7734
25915,0.7966
25916,1.0943
25917,0.6503
25918,0.8173
25919,1.2413
25920,0.8242
25921,0.8534
25922,0.8290
25923,0.8162
25924,0.8928
25925,0.8478
25926,0.8543
25927,1.1731
25928,1.2054
25929,1.1053
25930,0.8295
25931,0.7126
25932,0.9850
25933,0.7627
25934,1.3039
25935,0.7360
25936,0.8715
25937,0.8103
25938,0.7964
25939,0.9133
25940,1.0097
25941,0.9989
25942,1.3870
25943,0.8254
25944,0.8063
25945,1.1218
25946,1.1969
25947,0.6673
25948,0.3428
25949,1.4005
25950,1.0588
25951,0.8905
25952,0.8264
25953,0.8378
25954,0.9457
25955,0.8838
25956,1.1777
25957,1.0918
25958,1.1344
25959,0.7994
25960,0.8198
25961,0.9796
25962,0.8371
25963,1.1650
25964,0.8041
25965,0.7862
25966,0.8770
25967,0.8164
25968,0.8463
25969,0.8814
25970,0.8701
25971,1.1784
25972,0.8231
25973,0.8620
25974,0.7762
25975,0.8222
25976,0.8675
25977,0.9407
25978,0.7576
25979,1.3613
25980,0.8474
25981,0.7269
25982,0.8601
25983,0.9092
25984,0.8573
25985,0.8051
25986,1.1676
25987,0.9500
25988,1.1345
25989,0.7571
25990,0.8829
25991,0.8100
25992,0.8920
25993,0.8439
25994,1.3230
25995,1.0134
25996,0.6782
25997,0.7622
25998,0.9591
25999,0.9698
26000,0.7526
26001,1.2451
26002,0.8082
26003,0.7649
26004,0.8442
26005,0.9417
26006,0.8344
26007,0.8634
26008,0.7866
26009,0.8941
26010,1.2353
26011,0.7750
26012,0.9348
26013,0.9160
26014,0.8286
26015,0.8687
26016,0.8753
26017,1.1549
26018,1.1866
26019,0.9064
26020,0.8751
26021,0.8547
26022,1.0776
26023,0.8127
26024,1.1655
26025,0.9244
26026,0.8198
26027,0.8613
26028,0.9041
26029,1.4516
26030,0.9429
26031,0.1869
26032,1.1393
26033,1.2843
26034,0.8263
26035,0.8682
26036,0.7931
26037,0.9391
26038,0.8213
26039,1.1818
26040,0.8722
26041,1.0021
26042,0.8381
26043,0.8215
26044,0.8554
26045,0.8620
26046,2.0005
26047,0.4848
26048,0.8822
26049,0.7725
26050,0.8298
26051,0.8366
26052,0.8859
26053,0.7910
26054,1.2970
26055,0.8182
26056,0.8556
26057,0.7354
26058,0.8537
26059,0.8830
26060,0.8522
26061,0.8195
26062,1.2092
26063,0.8886
26064,0.9817
26065,1.0911
26066,0.8948
26067,0.8537
26068,0.8736
26069,1.2043
26070,1.2281
26071,0.8800
26072,0.9086
26073,0.7660
26074,0.9598
26075,0.9511
26076,1.1176
26077,0.8723
26078,0.8057
26079,0.7767
26080,1.1648
26081,0.5613
26082,0.7777
26083,0.8256
26084,1.2633
26085,1.1911
26086,1.0059
26087,0.8152
26088,0.8471
26089,0.8347
26090,0.9686
26091,1.1904
26092,0.8067
26093,0.8240
26094,0.8510
26095,0.7961
26096,0.8225
26097,1.0558
26098,0.7797
26099,0.8198
26100,1.1681
26101,0.8301
26102,0.8558
26103,1.0287
26104,1.1287
26105,0.8813
26106,1.1516
26107,1.2553
26108,0.8695
26109,0.9115
26110,0.8479
26111,0.9489
26112,0.7760
26113,1.1542
26114,0.8734
26115,0.8944
26116,0.6743
26117,0.9089
26118,0.8811
26119,1.2925
26120,0.4719
26121,1.1924
26122,0.7884
26123,0.9204
26124,0.8119
26125,0.7814
26126,0.8347
26127,0.9330
26128,0.7662
26129,1.7765
26130,0.3110
26131,0.8580
26132,0.9031
26133,0.9980
26134,0.7712
26135,0.7264
26136,0.8052
26137,1.3958
26138,0.7858
26139,0.8404
26140,0.9248
26141,0.9254
26142,1.2581
26143,0.8537
26144,1.1994
26145,0.8394
26146,0.8430
26147,0.8514
26148,0.8797
26149,0.9929
26150,0.6983
26151,0.7912
26152,1.2314
26153,0.8529
26154,0.8364
26155,0.8253
26156,0.8772
26157,0.8651
26158,0.8206
26159,1.2281
26160,1.2223
26161,0.8709
26162,0.8298
26163,0.8249
26164,1.4203
26165,0.5500
26166,0.9674
26167,0.7975
26168,0.8656
26169,0.8272
26170,0.8851
26171,0.7982
26172,0.9775
26173,0.8472
26174,0.8040
26175,1.1407
26176,1.2635
26177,0.9600
26178,0.7389
26179,0.9311
26180,0.9641
26181,2.5182
26182,0.2818
26183,0.7084
26184,0.7925
26185,0.7443
26186,1.1209
26187,0.7156
26188,0.8563
26189,1.1928
26190,0.8249
26191,0.7924
26192,0.8677
26193,0.8250
26194,0.8806
26195,0.9014
26196,1.1198
26197,1.1215
26198,1.0115
26199,0.7344
26200,0.8173
26201,0.8583
26202,1.0556
26203,0.5707
26204,1.1945
26205,0.9416
26206,0.8878
26207,0.7250
26208,0.9898
26209,1.1658
26210,0.6246
26211,1.1769
26212,1.1387
26213,1.0284
26214,0.8870
26215,1.0082
26216,1.0168
26217,0.5757
26218,1.0414
26219,1.3918
26220,0.9007
26221,0.8049
26222,0.7960
26223,0.9903
26224,0.7658
26225,1.1649
26226,1.2409
26227,0.8851
26228,0.8316
26229,0.8546
26230,0.8000
26231,1.1225
26232,0.8401
26233,1.0735
26234,0.7810
26235,0.7957
26236,0.8650
26237,0.7759
26238,0.8145
26239,0.8680
26240,0.9229
26241,1.1455
26242,0.8070
26243,0.8676
26244,0.8683
26245,0.8235
26246,0.9322
26247,0.7579
26248,1.2459
26249,0.9196
26250,1.1880
26251,0.8815
26252,0.9162
26253,0.9238
26254,0.8320
26255,0.8202
26256,1.3345
26257,1.0748
26258,0.8837
26259,0.8189
26260,0.8529
26261,0.9520
26262,0.9623
26263,1.3134
26264,0.9589
26265,0.9955
26266,0.8294
26267,0.6882
26268,1.0385
26269,0.8425
26270,0.6469
26271,1.3466
26272,0.8839
26273,0.7901
26274,1.0123
26275,0.8404
26276,0.6854
26277,0.9369
26278,0.7453
26279,1.4188
26280,0.6979
26281,0.8848
26282,0.8192
26283,0.9053
26284,0.8397
26285,0.8640
26286,1.1272
26287,1.1769
26288,1.0010
26289,0.8852
26290,0.7932
26291,0.8634
26292,0.8928
26293,1.1679
26294,1.2392
26295,0.7234
26296,0.9868
26297,1.6777
26298,0.3369
26299,0.5911
26300,0.8112
26301,1.2408
26302,0.8099
26303,0.7963
26304,0.7872
26305,0.9235
26306,0.7578
26307,0.9625
26308,1.2440
26309,0.8592
26310,0.8136
26311,0.7669
26312,0.8395
26313,0.9213
26314,0.7625
26315,1.3440
26316,1.1576
26317,0.9278
26318,0.8179
26319,0.8032
26320,0.8227
26321,0.8463
26322,0.9784
26323,1.1752
26324,0.8503
26325,0.8103
26326,0.8089
26327,0.8237
26328,0.8617
26329,0.9294
26330,1.0547
26331,1.3235
26332,0.6292
26333,1.1875
26334,0.7878
26335,0.8321
26336,0.8452
26337,0.9618
26338,1.1630
26339,1.1971
26340,0.8686
26341,0.8040
26342,0.8299
26343,0.8766
26344,1.0476
26345,1.0985
26346,1.0278
26347,0.5983
26348,0.8316
26349,0.7704
26350,0.8314
26351,0.9892
26352,0.8489
26353,1.1543
26354,1.2405
26355,0.8111
26356,0.8222
26357,1.0357
26358,0.8504
26359,0.6658
26360,0.7805
26361,1.2133
26362,0.8804
26363,1.6235
26364,0.2599
26365,0.7318
26366,1.1306
26367,1.5048
26368,0.3626
26369,1.2372
26370,0.7617
26371,0.8844
26372,0.7938
26373,0.9973
26374,0.6979
26375,0.7845
26376,1.2930
26377,0.7586
26378,0.9277
26379,0.8064
26380,0.8900
26381,0.8818
26382,0.8633
26383,1.1829
26384,1.1034
26385,0.7040
26386,0.8757
26387,0.9807
26388,0.7414
26389,0.8972
26390,1.2434
26391,1.2594
26392,0.8947
26393,0.9095
26394,0.8118
26395,0.8388
26396,0.9385
26397,0.8866
26398,1.0287
26399,0.9833
26400,0.9054
26401,0.8635
26402,1.0111
26403,1.1454
26404,0.8601
26405,1.2292
26406,1.2482
26407,0.9594
26408,1.0213
26409,0.6895
26410,0.8532
26411,0.8469
26412,1.6212
26413,0.5417
26414,0.7584
26415,0.9256
26416,0.8093
26417,0.8852
26418,0.6893
26419,0.8424
26420,1.2514
26421,0.7518
26422,1.0397
26423,0.6517
26424,0.8587
26425,0.9738
26426,0.7232
26427,0.8555
26428,1.3116
26429,1.3294
26430,0.8729
26431,0.6501
26432,0.7985
26433,0.9018
26434,0.9094
26435,1.1502
26436,0.8048
26437,0.8176
26438,0.9100
26439,0.9431
26440,1.0864
26441,1.0421
26442,1.1680
26443,1.2570
26444,0.8134
26445,1.0956
26446,0.4982
26447,0.9181
26448,0.7944
26449,0.8109
26450,1.2318
26451,0.7726
26452,0.8263
26453,0.9269
26454,0.7485
26455,1.0195
26456,0.8345
26457,0.9151
26458,1.0894
26459,0.8530
26460,0.8856
26461,0.8404
26462,0.7833
26463,1.2355
26464,0.6976
26465,1.0589
26466,1.2011
26467,0.8375
26468,0.8788
26469,0.8375
26470,0.9831
26471,0.6435
26472,1.1737
26473,0.8649
26474,0.9474
26475,0.9447
26476,0.9360
26477,0.8381
26478,0.8643
26479,0.8028
26480,1.2553
26481,1.2426
26482,0.8578
26483,0.7529
26484,0.8767
26485,0.9873
26486,0.7203
26487,0.7821
26488,1.2685
26489,0.8750
26490,0.7798
26491,0.8778
26492,0.8312
26493,0.7965
26494,1.1363
26495,0.9724
26496,1.3078
26497,1.0366
26498,0.7780
26499,0.8125
26500,0.9456
26501,0.8703
26502,1.1893
26503,0.8102
26504,0.8390
26505,0.8320
26506,0.8457
26507,0.7576
26508,0.8729
26509,0.9418
26510,1.1065
26511,0.8767
26512,0.8540
26513,1.1531
26514,1.0223
26515,0.7954
26516,1.2684
26517,0.9844
26518,1.1332
26519,0.8217
26520,0.7986
26521,0.8641
26522,1.0425
26523,0.7435
26524,0.8132
26525,1.2033
26526,0.9142
26527,0.7581
26528,0.7799
26529,0.8203
26530,1.0973
26531,0.7850
26532,0.6997
26533,1.1628
26534,1.3098
26535,0.9305
26536,0.8956
26537,0.9840
26538,0.7608
26539,0.8217
26540,1.1456
26541,0.8042
26542,0.8696
26543,0.8584
26544,0.8453
26545,0.9000
26546,0.7695
26547,1.0721
26548,1.4373
26549,0.6121
26550,1.0586
26551,0.8030
26552,1.3529
26553,0.6051
26554,0.6602
26555,1.2204
26556,1.1393
26557,1.0126
26558,0.9123
26559,1.3720
26560,0.7125
26561,0.4850
26562,1.2596
26563,0.8915
26564,0.8250
26565,0.7407
26566,0.9046
26567,0.9114
26568,0.7739
26569,0.8787
26570,1.3288
26571,0.9738
26572,0.7681
26573,0.8238
26574,1.2858
26575,0.5742
26576,0.7468
26577,1.1353
26578,1.1427
26579,0.8041
26580,0.9543
26581,0.7736
26582,1.0345
26583,0.6395
26584,1.2885
26585,1.1809
26586,0.8041
26587,1.1239
26588,1.1147
26589,0.9011
26590,0.7609
26591,1.2259
26592,1.4960
26593,0.2666
26594,0.8595
26595,0.9746
26596,0.9476
26597,0.6664
26598,0.9727
26599,1.1455
26600,0.7274
26601,0.8953
26602,1.5582
26603,0.2196
26604,0.8355
26605,0.7505
26606,0.9446
26607,1.2444
26608,0.8655
26609,0.8637
26610,0.7975
26611,0.7949
26612,1.2473
26613,0.7109
26614,1.0907
26615,0.7807
26616,0.8517
26617,1.0036
26618,1.1202
26619,0.8648
26620,0.9336
26621,0.8880
26622,1.1522
26623,0.9554
26624,0.8114
26625,0.8292
26626,0.9067
26627,0.7195
26628,0.8234
26629,1.3590
26630,0.8499
26631,0.7460
26632,0.8178
26633,0.8579
26634,0.8178
26635,0.8948
26636,0.8434
26637,1.1658
26638,1.2669
26639,0.5588
26640,0.9051
26641,0.8960
26642,0.7559
26643,0.8643
26644,0.8560
26645,1.4759
26646,0.7507
26647,0.8555
26648,1.0433
26649,0.6461
26650,0.9095
26651,0.8452
26652,1.1777
26653,0.9826
26654,0.8827
26655,0.8328
26656,1.3035
26657,0.5186
26658,0.7117
26659,1.2424
26660,1.2237
26661,0.9863
26662,0.8638
26663,0.7986
26664,0.8778
26665,0.8140
26666,1.3532
26667,0.9080
26668,0.7431
26669,0.8356
26670,0.8947
26671,0.8339
26672,0.9126
26673,0.8451
26674,1.2154
26675,1.2868
26676,0.8212
26677,0.8161
26678,0.9395
26679,0.8761
26680,0.7296
26681,1.7656
26682,0.3601
26683,0.9010
26684,0.7692
26685,0.8769
26686,0.9421
26687,0.6808
26688,0.9380
26689,1.2141
26690,1.0019
26691,1.1381
26692,0.9451
26693,1.2854
26694,0.5297
26695,0.6171
26696,1.4535
26697,1.2206
26698,0.9839
26699,0.5739
26700,0.8604
26701,0.8024
26702,0.9288
26703,1.0674
26704,0.9463
26705,0.8553
26706,0.8267
26707,0.8535
26708,0.7926
26709,0.9657
26710,0.7280
26711,0.8989
26712,1.2437
26713,0.9183
26714,0.7711
26715,0.8640
26716,0.7633
26717,0.8604
26718,0.8494
26719,1.3168
26720,0.8717
26721,0.8147
26722,0.8367
26723,0.7798
26724,0.8550
26725,0.9501
26726,0.7645
26727,1.2996
26728,1.0867
26729,1.0050
26730,0.9702
26731,1.5099
26732,0.2975
26733,0.8482
26734,1.2812
26735,1.1619
26736,0.7730
26737,0.8099
26738,0.8548
26739,0.9096
26740,0.8089
26741,1.1779
26742,0.8453
26743,0.8309
26744,0.7268
26745,0.9215
26746,0.8226
26747,0.9818
26748,0.8941
26749,1.0671
26750,1.2420
26751,0.9721
26752,1.1054
26753,0.7242
26754,0.7755
26755,0.7826
26756,1.2865
26757,0.7614
26758,0.8509
26759,0.8205
26760,0.7919
26761,0.9600
26762,0.7499
26763,0.9611
26764,1.2160
26765,0.9486
26766,1.1379
26767,0.8408
26768,1.0465
26769,0.3204
26770,0.7987
26771,1.2907
26772,1.0740
26773,0.8876
26774,0.9861
26775,0.7070
26776,0.8933
26777,0.9105
26778,0.8158
26779,1.2166
26780,0.7838
26781,0.8383
26782,0.8465
26783,0.9364
26784,0.7302
26785,0.8176
26786,0.8221
26787,1.2919
26788,1.1517
26789,0.8335
26790,0.8214
26791,0.9328
26792,0.8451
26793,1.1370
26794,1.1007
26795,0.7787
26796,0.6219
26797,0.8703
26798,1.6999
26799,0.3345
26800,1.0727
26801,0.9244
26802,0.9940
26803,0.9766
26804,0.7723
26805,0.9321
26806,0.8220
26807,0.7942
26808,1.0899
26809,1.1382
26810,0.8937
26811,1.0433
26812,0.9229
26813,0.8014
26814,0.8723
26815,0.5876
26816,0.9537
26817,1.4833
26818,0.4571
26819,0.8598
26820,0.8178
26821,0.8130
26822,1.0181
26823,0.6821
26824,0.9073
26825,1.2620
26826,1.0875
26827,0.8219
26828,0.8163
26829,1.4684
26830,0.1697
26831,0.9481
26832,1.1921
26833,0.7490
26834,0.8538
26835,0.7373
26836,0.9535
26837,0.8330
26838,0.8509
26839,0.7819
26840,1.3245
26841,0.8532
26842,0.8880
26843,0.8678
26844,0.7806
26845,0.9242
26846,1.0804
26847,1.2839
26848,0.9466
26849,0.9948
26850,0.6833
26851,0.8150
26852,0.8155
26853,0.8691
26854,0.8898
26855,1.3176
26856,0.8283
26857,0.8464
26858,0.8003
26859,0.9132
26860,0.8193
26861,0.8226
26862,1.2835
26863,0.7458
26864,0.8414
26865,0.8174
26866,0.8432
26867,0.8299
26868,0.8510
26869,0.8919
26870,1.1334
26871,0.8794
26872,0.9042
26873,0.8619
26874,0.8777
26875,0.7254
26876,0.9051
26877,0.8997
26878,1.2559
26879,0.9635
26880,0.8834
26881,0.6502
26882,0.8922
26883,1.1164
26884,1.0009
26885,1.1226
26886,0.9182
26887,0.8386
26888,0.8503
26889,0.9318
26890,0.7846
26891,0.8340
26892,0.9208
26893,1.4870
26894,0.9177
26895,0.6464
26896,0.9306
26897,0.8248
26898,0.8440
26899,0.8105
26900,1.9650
26901,0.1993
26902,0.7692
26903,1.0562
26904,1.1106
26905,1.0147
26906,0.6565
26907,0.8326
26908,1.3222
26909,0.9591
26910,0.8188
26911,0.8510
26912,0.7868
26913,0.8670
26914,0.8451
26915,0.8175
26916,1.3027
26917,0.8692
26918,0.8431
26919,0.8149
26920,0.9107
26921,0.7316
26922,0.9338
26923,1.1500
26924,0.8329
26925,0.8032
26926,0.7409
26927,0.8566
26928,0.8930
26929,0.8750
26930,1.3565
26931,1.1948
26932,0.8549
26933,0.8050
26934,0.9297
26935,0.7518
26936,0.8276
26937,0.8593
26938,1.2269
26939,0.9078
26940,1.4968
26941,0.4120
26942,0.8382
26943,1.0036
26944,0.7124
26945,1.2647
26946,1.2326
26947,0.8092
26948,0.8142
26949,0.8433
26950,0.8322
26951,1.1997
26952,0.5576
26953,1.1787
26954,0.8302
26955,0.8382
26956,0.7916
26957,0.8918
26958,1.0195
26959,0.6527
26960,0.8556
26961,1.2014
26962,0.8435
26963,0.8389
26964,0.8148
26965,0.8679
26966,0.8747
26967,0.8392
26968,1.1583
26969,1.1802
26970,0.9019
26971,0.8543
26972,0.8006
26973,0.8334
26974,0.9000
26975,0.8442
26976,1.2411
26977,0.7877
26978,1.1891
26979,0.7712
26980,0.8731
26981,0.7887
26982,0.9314
26983,1.2148
26984,1.1437
26985,0.8134
26986,0.8326
26987,0.8346
26988,0.8741
26989,0.8451
26990,0.9228
26991,1.1584
26992,0.8699
26993,0.8425
26994,0.7914
26995,0.8302
26996,0.9328
26997,0.8373
26998,1.2767
26999,0.7386
27000,0.7451
27001,0.9277
27002,0.7893
27003,0.9014
27004,0.7800
27005,0.9003
27006,1.3143
27007,0.8199
27008,0.9174
27009,0.8078
27010,0.8373
27011,0.8002
27012,0.7957
27013,0.9645
27014,1.2642
27015,1.1443
27016,0.7845
27017,0.8126
27018,0.9161
27019,0.8243
27020,0.9250
27021,1.4411
27022,0.7015
27023,0.8122
27024,0.8203
27025,0.8179
27026,0.8400
27027,0.8293
27028,0.9172
27029,1.1684
27030,0.8829
27031,0.8070
27032,0.8082
27033,0.8634
27034,0.8242
27035,0.8100
27036,1.2477
27037,1.2311
27038,1.0262
27039,0.8055
27040,0.8864
27041,0.8136
27042,0.8682
27043,0.8448
27044,1.1602
27045,0.8436
27046,0.7889
27047,0.8391
27048,0.8855
27049,0.8351
27050,0.8820
27051,1.3384
27052,1.3827
27053,0.5014
27054,0.9305
27055,0.8438
27056,0.7413
27057,0.8716
27058,0.8331
27059,1.3125
27060,1.1743
27061,0.8097
27062,0.8793
27063,0.9199
27064,0.7796
27065,0.8757
27066,1.1438
27067,0.8392
27068,0.7999
27069,0.8325
27070,1.4971
27071,0.2137
27072,0.8154
27073,1.1775
27074,1.1150
27075,0.8277
27076,0.7894
27077,0.8245
27078,0.9006
27079,0.7848
27080,0.8966
27081,1.2195
27082,0.8440
27083,0.8322
27084,0.9008
27085,0.7516
27086,0.8987
27087,0.9597
27088,0.9031
27089,0.8529
27090,1.1469
27091,0.8616
27092,0.8188
27093,0.9404
27094,0.8413
27095,0.9482
27096,0.7662
27097,0.7845
27098,1.2809
27099,0.8365
27100,0.9024
27101,0.9064
27102,0.8029
27103,0.8295
27104,0.8416
27105,1.4419
27106,0.8374
27107,0.9254
27108,0.7869
27109,0.8486
27110,1.0629
27111,0.7686
27112,0.8039
27113,1.1430
27114,1.1251
27115,1.0669
27116,0.7884
27117,0.8082
27118,0.9990
27119,0.7767
27120,1.2112
27121,0.8594
27122,1.3812
27123,0.6130
27124,0.6708
27125,0.9338
27126,1.0256
27127,1.1852
27128,0.8731
27129,0.8050
27130,0.8568
27131,0.8828
27132,0.7846
27133,0.9257
27134,0.8324
27135,1.2328
27136,0.9738
27137,0.7273
27138,0.8325
27139,0.9655
27140,0.8593
27141,0.7587
27142,0.8492
27143,1.0575
27144,1.0880
27145,0.8427
27146,0.7558
27147,0.8829
27148,0.8844
27149,0.8864
27150,1.2002
27151,1.2447
27152,0.8058
27153,0.8346
27154,0.7691
27155,0.9215
27156,1.1003
27157,1.0166
27158,0.7844
27159,0.8527
27160,0.8243
27161,0.8138
27162,0.7705
27163,0.9314
27164,1.2564
27165,1.1812
27166,0.7791
27167,0.8480
27168,0.8769
27169,0.8362
27170,1.0121
27171,0.8461
27172,0.7494
27173,1.7531
27174,0.2651
27175,0.8552
27176,0.8626
27177,0.8467
27178,0.8405
27179,0.8525
27180,0.8993
27181,1.1268
27182,0.9078
27183,0.8406
27184,0.8307
27185,0.8555
27186,0.8128
27187,0.8436
27188,1.2687
27189,1.2275
27190,0.8651
27191,0.9210
27192,0.7792
27193,0.9546
27194,0.8195
27195,1.2114
27196,0.8103
27197,0.8160
27198,0.8195
27199,0.8349
27200,0.8424
27201,0.9014
27202,1.3160
27203,1.0607
27204,1.1496
27205,0.7707
27206,0.8438
27207,1.0026
27208,0.6982
27209,0.8823
27210,1.2233
27211,0.7794
27212,0.8264
27213,0.8581
27214,0.8474
27215,0.7941
27216,0.8936
27217,0.8413
27218,1.3142
27219,0.8575
27220,0.7854
27221,0.8770
27222,0.8049
27223,0.8674
27224,0.8670
27225,1.2402
27226,0.8459
27227,0.8297
27228,0.8515
27229,0.8255
27230,0.7871
27231,0.8952
27232,0.8388
27233,1.2271
27234,0.8369
27235,0.8473
27236,0.8149
27237,0.8606
27238,0.8263
27239,0.9952
27240,0.9537
27241,1.4834
27242,0.9349
27243,0.8699
27244,0.8252
27245,0.8246
27246,0.9400
27247,0.8573
27248,0.8211
27249,1.1420
27250,0.8521
27251,0.8294
27252,0.8583
27253,0.7789
27254,0.9142
27255,0.8945
27256,1.1873
27257,1.2495
27258,0.8255
27259,0.9007
27260,0.8201
27261,0.9102
27262,0.7200
27263,0.8224
27264,1.2859
27265,0.8210
27266,0.8077
27267,0.8476
27268,0.8250
27269,0.9266
27270,0.8772
27271,1.2616
27272,0.8275
27273,0.8251
27274,0.8345
27275,0.8042
27276,1.6536
27277,0.4477
27278,0.8539
27279,1.1156
27280,1.2020
27281,0.9132
27282,0.8160
27283,0.8235
27284,0.8516
27285,1.2140
27286,0.8399
27287,0.8193
27288,0.9230
27289,0.7397
27290,0.9185
27291,0.7887
27292,0.9813
27293,1.2276
27294,0.7321
27295,1.1937
27296,0.9013
27297,0.8202
27298,0.7864
27299,1.0332
27300,0.7162
27301,1.2024
27302,0.9364
27303,0.9468
27304,0.8015
27305,0.8768
27306,1.0631
27307,0.6383
27308,0.9552
27309,1.1074
27310,1.1516
27311,0.9030
27312,1.0912
27313,1.0529
27314,0.6406
27315,0.8031
27316,1.2187
27317,0.8085
27318,0.8427
27319,0.8514
27320,0.8640
27321,0.8218
27322,0.8572
27323,1.3252
27324,0.8123
27325,0.8029
27326,1.0834
27327,0.6352
27328,0.9526
27329,0.8128
27330,0.8915
27331,0.8330
27332,1.1667
27333,1.1982
27334,0.8115
27335,0.8322
27336,0.9742
27337,0.7771
27338,0.7945
27339,1.1886
27340,0.8922
27341,0.7857
27342,0.8276
27343,0.8326
27344,0.8345
27345,0.8567
27346,1.2136
27347,1.1803
27348,0.8477
27349,0.8608
27350,1.2133
27351,0.8512
27352,0.8157
27353,1.2931
27354,0.8007
27355,0.7945
27356,0.9339
27357,0.8521
27358,0.8305
27359,0.8209
27360,0.8573
27361,0.8206
27362,1.2044
27363,0.8103
27364,0.8138
27365,0.8789
27366,0.8810
27367,0.8400
27368,0.9121
27369,1.2530
27370,1.1520
27371,0.8107
27372,0.7996
27373,0.8615
27374,0.8750
27375,0.8538
27376,1.3110
27377,1.1434
27378,0.8773
27379,0.6817
27380,0.8578
27381,0.8762
27382,0.7429
27383,0.8337
27384,1.3794
27385,0.8220
27386,1.0725
27387,1.0955
27388,1.0113
27389,0.7563
27390,0.7857
27391,1.2285
27392,0.8336
27393,1.2003
27394,0.5490
27395,0.8286
27396,0.9567
27397,0.8469
27398,0.7585
27399,1.3068
27400,0.8738
27401,0.7963
27402,0.8373
27403,0.8293
27404,0.9127
27405,0.8124
27406,1.1965
27407,0.8345
27408,0.7762
27409,0.8655
27410,0.8395
27411,1.1982
27412,0.7615
27413,0.6074
27414,1.2252
27415,0.7197
27416,0.9574
27417,0.8062
27418,0.8086
27419,0.8917
27420,0.7975
27421,0.8902
27422,1.4145
27423,0.7971
27424,1.0289
27425,1.1264
27426,0.8970
27427,0.8712
27428,0.8580
27429,1.1776
27430,0.8704
27431,0.7878
27432,0.9775
27433,0.8279
27434,0.9780
27435,0.7039
27436,0.7477
27437,1.2661
27438,1.2554
27439,0.7851
27440,0.8362
27441,0.8382
27442,0.8499
27443,0.8248
27444,1.1199
27445,0.9797
27446,0.8974
27447,0.7560
27448,0.8358
27449,1.0623
27450,0.7414
27451,0.8166
27452,1.1835
27453,0.8547
27454,0.7999
27455,0.8157
27456,0.8245
27457,0.8331
27458,0.8561
27459,1.2458
27460,1.2011
27461,1.1960
27462,1.1751
27463,0.9670
27464,0.7479
27465,0.8091
27466,1.0818
27467,1.0504
27468,0.8666
27469,0.8013
27470,0.8783
27471,1.0676
27472,0.7011
27473,1.1795
27474,1.2327
27475,0.8295
27476,0.8604
27477,0.7874
27478,1.1274
27479,0.7715
27480,0.6883
27481,1.2347
27482,0.9015
27483,0.9794
27484,0.6930
27485,0.7964
27486,1.0079
27487,0.7012
27488,0.8698
27489,1.3237
27490,0.8180
27491,0.8483
27492,0.7994
27493,0.8818
27494,0.8696
27495,0.8521
27496,1.3208
27497,0.9498
27498,0.8516
27499,0.7772
27500,0.8543
27501,0.9399
27502,0.7678
27503,1.2212
27504,0.8324
27505,0.8542
27506,0.7651
27507,0.8503
27508,0.8598
27509,1.0808
27510,0.6791
27511,0.7732
27512,1.4077
27513,1.2359
27514,0.7374
27515,0.7830
27516,0.8011
27517,0.9968
27518,0.9797
27519,1.0336
27520,0.8210
27521,0.8421
27522,0.8406
27523,0.8615
27524,0.8694
27525,0.8595
27526,0.7576
27527,1.2419
27528,1.2091
27529,1.2807
27530,0.6798
27531,0.8546
27532,0.9708
27533,0.6986
27534,1.1652
27535,0.7802
27536,1.1108
27537,0.8695
27538,0.9681
27539,0.7048
27540,0.9393
27541,0.9892
27542,1.1079
27543,0.8684
27544,0.8061
27545,1.4286
27546,0.2047
27547,0.9249
27548,0.8159
27549,1.3439
27550,0.8375
27551,0.8313
27552,0.8498
27553,0.8485
27554,0.9962
27555,0.6960
27556,0.8174
27557,1.2223
27558,0.8332
27559,0.8664
27560,0.9360
27561,0.7364
27562,0.8644
27563,0.9892
27564,0.7242
27565,1.3515
27566,0.8957
27567,0.7632
27568,0.8152
27569,0.9885
27570,0.7559
27571,0.7739
27572,1.4197
27573,1.1825
27574,0.8216
27575,0.7656
27576,0.8061
27577,0.8983
27578,0.9658
27579,1.1504
27580,1.2003
27581,1.5015
27582,0.3756
27583,0.9953
27584,0.6810
27585,0.9619
27586,1.1784
27587,0.8554
27588,0.8535
27589,0.7783
27590,0.8495
27591,1.0270
27592,0.7342
27593,0.8448
27594,1.1680
27595,0.8580
27596,0.9552
27597,0.7529
27598,0.9253
27599,0.7678
27600,0.8650
27601,0.8294
27602,1.3850
27603,0.7832
27604,0.8811
27605,0.7677
27606,0.8061
27607,1.0019
27608,0.6896
27609,1.3764
27610,1.0721
27611,0.8604
27612,0.7999
27613,0.8615
27614,1.1261
27615,0.6818
27616,0.8238
27617,1.2012
27618,1.2411
27619,0.8962
27620,0.8633
27621,1.0729
27622,0.7979
27623,0.7826
27624,1.2202
27625,0.8111
27626,0.9541
27627,0.6641
27628,0.8841
27629,0.6955
27630,0.9862
27631,0.8155
27632,1.3493
27633,0.8021
27634,0.8285
27635,1.3356
27636,0.2079
27637,1.0486
27638,0.8025
27639,1.1178
27640,1.3138
27641,0.8799
27642,0.9333
27643,0.9589
27644,0.9430
27645,0.7239
27646,1.3038
27647,1.5722
27648,0.3310
27649,0.7944
27650,0.9638
27651,0.8573
27652,0.8845
27653,0.7587
27654,1.4142
27655,0.8281
27656,0.8534
27657,0.8206
27658,0.7132
27659,1.0764
27660,0.7143
27661,1.2682
27662,0.8643
27663,0.8823
27664,0.9830
27665,0.6279
27666,0.8650
27667,0.8664
27668,0.9252
27669,1.3791
27670,0.7483
27671,1.4617
27672,0.1493
27673,0.9344
27674,0.8974
27675,0.8086
27676,0.8662
27677,1.1835
27678,1.2460
27679,0.3806
27680,0.8095
27681,1.1792
27682,0.8361
27683,0.7125
27684,1.3059
27685,1.0950
27686,0.9070
27687,0.8613
27688,0.7768
27689,0.9514
27690,0.8166
27691,0.8702
27692,0.9541
27693,1.0928
27694,1.2213
27695,0.8399
27696,0.8724
27697,1.0039
27698,0.6916
27699,1.1597
27700,0.8523
27701,1.0179
27702,0.7136
27703,0.8543
27704,0.7918
27705,1.0167
27706,0.8004
27707,1.3187
27708,1.2372
27709,0.7630
27710,0.8237
27711,0.8575
27712,0.8881
27713,0.9220
27714,1.5499
27715,0.4854
27716,0.7940
27717,0.8395
27718,0.8454
27719,0.8664
27720,1.0134
27721,0.6635
27722,1.3194
27723,1.0703
27724,0.8470
27725,0.8444
27726,0.8979
27727,0.8673
27728,0.9002
27729,1.2386
27730,1.1997
27731,1.0553
27732,0.8774
27733,0.8838
27734,0.7677
27735,0.8988
27736,1.2517
27737,0.8941
27738,0.9619
27739,0.8004
27740,0.8295
27741,0.9781
27742,0.8132
27743,0.8240
27744,1.2979
27745,0.9168
27746,0.8160
27747,1.0360
27748,0.6857
27749,0.8645
27750,0.8631
27751,0.7989
27752,1.2062
27753,0.8129
27754,0.8074
27755,0.8674
27756,0.8632
27757,0.8743
27758,0.8159
27759,1.3016
27760,1.2841
27761,1.0416
27762,0.8996
27763,0.8987
27764,0.8266
27765,1.4717
27766,0.6566
27767,0.9199
27768,0.7216
27769,0.8309
27770,0.8361
27771,1.0380
27772,0.6767
27773,0.8657
27774,1.1589
27775,0.7284
27776,0.9447
27777,0.8115
27778,0.7994
27779,0.9211
27780,0.8067
27781,1.3230
27782,1.1362
27783,0.8557
27784,0.8457
27785,0.8391
27786,0.9280
27787,0.9192
27788,0.9427
27789,1.1232
27790,0.7652
27791,0.8103
27792,0.8404
27793,0.9181
27794,0.9575
27795,0.7698
27796,0.7451
27797,1.2259
27798,1.2860
27799,1.1060
27800,0.8815
27801,0.9009
27802,0.7620
27803,0.8304
27804,1.2407
27805,0.7670
27806,0.8839
27807,0.8717
27808,0.7847
27809,0.8354
27810,0.9542
27811,0.8490
27812,1.1219
27813,0.8848
27814,0.8292
27815,0.8246
27816,1.0364
27817,0.6721
27818,0.8093
27819,1.3356
27820,1.1288
27821,0.9013
27822,0.7642
27823,0.8552
27824,0.8475
27825,0.7219
27826,1.2671
27827,0.7786
27828,0.9164
27829,0.9798
27830,0.7546
27831,0.7820
27832,0.8989
27833,0.7475
27834,1.2299
27835,1.3005
27836,0.8410
27837,1.4938
27838,0.5644
27839,0.9184
27840,0.9007
27841,1.1414
27842,1.2134
27843,0.9073
27844,0.7520
27845,0.8287
27846,0.9861
27847,0.5912
27848,0.8385
27849,1.3340
27850,1.0133
27851,0.9266
27852,0.7851
27853,0.7961
27854,0.7935
27855,0.8224
27856,1.1081
27857,0.9762
27858,0.7891
27859,0.8618
27860,0.8113
27861,1.1100
27862,0.5822
27863,0.8315
27864,1.2686
27865,0.7763
27866,1.1801
27867,0.6668
27868,1.0960
27869,0.9514
27870,0.8754
27871,0.8080
27872,1.2530
27873,1.1131
27874,0.9533
27875,0.8607
27876,0.8732
27877,0.8942
27878,1.2581
27879,0.7791
27880,0.8273
27881,0.8486
27882,1.3185
27883,0.3409
27884,0.8782
27885,0.8936
27886,1.3653
27887,0.8302
27888,0.7918
27889,0.8641
27890,0.8129
27891,0.8476
27892,0.9364
27893,0.7654
27894,1.1870
27895,1.1046
27896,0.8283
27897,0.8187
27898,0.8686
27899,0.8629
27900,0.7344
27901,0.8416
27902,1.2403
27903,0.8788
27904,0.8668
27905,1.0943
27906,1.1997
27907,0.6917
27908,0.7675
27909,1.4373
27910,0.8653
27911,0.8497
27912,0.8296
27913,0.8410
27914,0.8869
27915,0.7644
27916,1.4302
27917,0.6751
27918,0.7930
27919,0.7263
27920,0.9819
27921,0.8398
27922,0.8339
27923,0.8520
27924,1.1640
27925,1.1899
27926,0.8944
27927,0.8192
27928,0.8096
27929,0.9443
27930,0.7586
27931,1.1890
27932,0.9186
27933,0.8662
27934,0.7512
27935,0.8286
27936,0.7741
27937,0.8724
27938,1.0023
27939,1.0862
27940,1.3074
27941,0.6611
27942,1.1906
27943,0.8627
27944,0.7497
27945,0.9152
27946,1.1777
27947,1.0732
27948,0.8308
27949,0.8341
27950,0.8227
27951,0.6520
27952,0.8397
27953,0.8823
27954,1.3777
27955,1.1474
27956,0.7287
27957,0.8459
27958,0.6697
27959,0.8678
27960,0.9886
27961,0.7437
27962,1.2396
27963,1.1034
27964,1.1535
27965,0.7238
27966,1.0110
27967,0.7799
27968,0.5851
27969,1.2910
27970,0.8585
27971,0.9491
27972,0.6204
27973,1.0034
27974,0.8417
27975,0.7703
27976,0.8061
27977,1.3938
27978,0.9886
27979,0.8328
27980,1.0571
27981,0.7666
27982,0.9547
27983,1.3933
27984,0.6531
27985,0.9206
27986,0.8178
27987,0.9678
27988,0.8240
27989,0.7881
27990,0.7328
27991,0.8411
27992,1.2732
27993,1.0388
27994,0.9071
27995,0.8149
27996,0.8181
27997,0.7988
27998,0.9061
27999,1.2065
28000,1.3497
28001,0.9956
28002,0.8119
28003,0.7163
28004,1.0823
28005,0.6987
28006,1.2520
28007,0.8073
28008,0.9546
28009,0.8229
28010,0.8077
28011,0.7327
28012,0.7713
28013,0.8447
28014,1.2336
28015,1.1564
28016,1.2079
28017,0.9372
28018,0.9450
28019,0.8444
28020,0.8611
28021,1.2971
28022,0.7499
28023,0.7986
28024,0.8694
28025,0.9002
28026,0.9027
28027,0.6906
28028,1.2390
28029,1.1990
28030,0.9520
28031,0.8242
28032,0.8368
28033,0.8181
28034,0.8227
28035,0.9419
28036,1.1538
28037,0.7921
28038,0.8783
28039,0.8035
28040,0.8059
28041,0.9281
28042,0.8107
28043,1.1291
28044,0.7795
28045,0.9402
28046,0.9262
28047,0.8164
28048,0.7342
28049,0.8015
28050,1.0546
28051,0.7665
28052,1.3141
28053,0.9129
28054,0.9569
28055,1.0969
28056,0.9449
28057,0.8512
28058,0.7815
28059,1.2055
28060,0.8328
28061,0.8315
28062,0.8042
28063,0.9124
28064,0.9791
28065,0.7445
28066,1.2357
28067,1.0562
28068,0.9902
28069,0.9084
28070,0.8922
28071,0.8890
28072,0.7309
28073,1.1980
28074,0.8863
28075,0.7702
28076,0.8071
28077,0.9235
28078,0.8773
28079,0.9572
28080,0.8445
28081,1.1793
28082,0.8124
28083,1.4284
28084,0.2195
28085,0.8735
28086,0.8290
28087,0.7912
28088,0.8820
28089,0.8338
28090,1.3399
28091,1.0809
28092,1.0448
28093,0.8915
28094,0.9085
28095,0.8052
28096,1.1750
28097,0.8733
28098,0.8265
28099,0.8371
28100,0.9871
28101,0.7510
28102,0.8068
28103,0.8823
28104,1.1663
28105,1.2117
28106,0.9142
28107,0.9103
28108,0.7620
28109,0.9858
28110,0.8323
28111,0.8289
28112,1.1872
28113,0.8534
28114,0.7958
28115,0.8910
28116,0.8251
28117,1.1958
28118,0.5412
28119,1.3386
28120,1.0704
28121,0.9917
28122,0.8607
28123,0.8347
28124,0.8596
28125,0.8975
28126,1.1946
28127,0.8355
28128,0.9653
28129,1.1754
28130,0.8072
28131,0.9990
28132,0.8424
28133,1.2808
28134,0.6188
28135,0.8351
28136,0.8445
28137,0.8090
28138,0.8742
28139,0.8919
28140,0.8522
28141,0.7495
28142,1.3511
28143,0.7575
28144,0.8145
28145,0.8408
28146,0.8409
28147,0.8446
28148,0.9104
28149,1.2196
28150,0.7476
28151,0.8642
28152,0.9337
28153,0.7965
28154,0.8037
28155,0.8323
28156,0.8670
28157,1.2081
28158,1.2430
28159,0.8743
28160,0.8330
28161,0.8410
28162,0.8557
28163,0.8092
28164,1.2272
28165,0.8480
28166,0.9189
28167,1.2234
28168,0.9646
28169,0.7945
28170,0.8311
28171,0.8011
28172,1.2619
28173,0.8792
28174,0.8413
28175,0.8011
28176,0.8383
28177,0.9420
28178,0.8423
28179,1.3362
28180,0.7768
28181,0.8341
28182,0.7422
28183,0.8620
28184,0.8864
28185,0.8939
28186,0.8383
28187,1.1926
28188,0.8060
28189,0.8286
28190,0.7794
28191,0.8683
28192,1.2263
28193,0.5627
28194,0.7824
28195,1.2863
28196,0.8549
28197,0.8115
28198,0.8544
28199,0.7762
28200,1.1114
28201,0.9427
28202,1.3844
28203,0.4499
28204,1.1373
28205,1.1441
28206,0.7802
28207,1.0565
28208,0.6146
28209,0.8337
28210,1.3355
28211,0.8597
28212,0.8354
28213,0.7493
28214,0.8970
28215,1.0262
28216,0.6472
28217,1.3397
28218,0.8143
28219,0.7255
28220,1.0577
28221,0.8838
28222,0.6138
28223,0.8571
28224,0.8554
28225,1.2212
28226,0.8820
28227,0.7940
28228,0.7819
28229,0.8254
28230,1.4743
28231,0.2031
28232,0.8526
28233,1.2792
28234,1.2420
28235,0.8843
28236,0.9529
28237,0.8956
28238,0.7485
28239,0.8822
28240,1.1560
28241,0.9911
28242,1.0773
28243,0.8755
28244,0.8385
28245,0.9078
28246,0.8138
28247,1.4515
28248,0.8185
28249,0.7395
28250,0.9228
28251,0.8257
28252,0.9077
28253,1.0746
28254,1.0356
28255,0.8453
28256,0.7881
28257,0.8305
28258,0.7909
28259,0.9277
28260,1.0827
28261,0.6338
28262,1.2621
28263,0.7905
28264,0.8334
28265,0.8130
28266,0.8145
28267,0.8980
28268,0.8488
28269,0.8499
28270,1.3073
28271,1.1442
28272,1.2895
28273,0.2795
28274,0.8892
28275,0.8781
28276,0.9815
28277,0.8094
28278,1.1171
28279,1.0111
28280,1.0934
28281,0.8954
28282,0.9455
28283,0.8323
28284,0.8261
28285,1.3514
28286,0.7797
28287,0.8376
28288,0.8451
28289,0.8544
28290,1.1275
28291,0.6199
28292,0.8509
28293,1.1935
28294,0.7671
28295,0.9263
28296,0.8237
28297,0.8618
28298,0.9135
28299,0.8583
28300,1.1524
28301,1.1053
28302,1.0865
28303,0.9106
28304,1.1910
28305,0.5973
28306,0.7162
28307,1.2273
28308,0.8712
28309,0.8835
28310,0.8438
28311,0.8911
28312,0.8257
28313,0.8271
28314,0.8498
28315,1.2320
28316,0.9434
28317,0.7398
28318,0.9732
28319,0.9460
28320,1.1106
28321,1.0374
28322,1.1139
28323,1.1186
28324,0.9739
28325,0.7418
28326,0.7766
28327,1.1227
28328,0.6587
28329,0.7990
28330,1.2144
28331,0.8145
28332,0.8421
28333,0.7518
28334,0.8625
28335,1.0484
28336,0.7092
28337,1.1669
28338,1.1838
28339,1.0627
28340,0.8537
28341,0.8139
28342,1.2559
28343,0.5345
28344,0.7294
28345,1.1859
28346,0.8450
28347,0.8129
28348,0.7786
28349,0.8510
28350,1.5039
28351,0.2519
28352,0.8495
28353,1.1678
28354,0.9498
28355,1.3377
28356,0.4486
28357,0.8594
28358,0.9361
28359,0.8610
28360,1.2706
28361,0.8735
28362,0.8361
28363,0.7348
28364,0.9335
28365,0.9969
28366,0.6714
28367,0.8051
28368,1.2308
28369,0.8175
28370,0.7133
28371,0.8759
28372,1.3176
28373,0.7485
28374,0.6066
28375,0.7334
28376,1.4171
28377,0.8993
28378,0.6773
28379,0.8339
28380,0.8529
28381,0.9433
28382,1.0550
28383,1.3154
28384,0.7874
28385,0.8012
28386,0.8602
28387,0.8910
28388,0.9939
28389,0.6773
28390,0.8612
28391,1.1670
28392,0.9397
28393,1.1655
28394,0.7126
28395,0.9165
28396,0.9383
28397,0.6995
28398,1.2611
28399,1.1318
28400,0.9494
28401,0.8036
28402,0.8155
28403,0.9743
28404,0.7075
28405,1.2005
28406,0.9024
28407,0.7288
28408,0.8940
28409,0.8210
28410,0.8401
28411,0.8410
28412,0.8285
28413,1.1291
28414,1.3364
28415,0.8909
28416,0.8013
28417,0.7623
28418,1.0000
28419,0.7161
28420,1.2778
28421,0.8842
28422,0.7843
28423,0.7176
28424,1.0170
28425,0.9709
28426,0.7028
28427,0.8541
28428,1.1084
28429,1.2049
28430,0.9107
28431,0.8984
28432,0.9393
28433,0.9262
28434,0.8149
28435,1.2637
28436,0.7909
28437,0.7066
28438,0.8979
28439,0.8469
28440,0.8351
28441,1.2484
28442,0.4932
28443,1.1763
28444,0.9657
28445,0.7355
28446,0.8271
28447,0.8886
28448,0.8375
28449,0.8752
28450,0.8626
28451,1.2301
28452,1.1955
28453,1.0438
28454,0.7963
28455,0.9199
28456,0.8564
28457,1.2339
28458,0.8841
28459,0.9423
28460,0.6953
28461,0.8624
28462,0.8296
28463,0.8702
28464,0.8898
28465,0.7938
28466,1.4285
28467,0.7367
28468,0.8216
28469,1.1324
28470,0.8035
28471,0.9267
28472,0.8525
28473,1.2537
28474,0.8290
28475,2.2218
28476,0.4182
28477,0.2563
28478,0.9766
28479,0.9735
28480,1.9040
28481,0.2041
28482,1.0546
28483,0.8563
28484,0.8046
28485,0.9019
28486,0.7940
28487,0.8222
28488,1.3978
28489,0.7712
28490,0.8803
28491,0.7546
28492,0.9022
28493,0.8143
28494,0.9793
28495,1.7422
28496,0.1882
28497,0.9020
28498,0.8845
28499,0.8744
28500,0.8856
28501,0.8313
28502,0.7413
28503,1.3742
28504,0.9578
28505,0.7427
28506,0.7594
28507,0.8799
28508,0.8805
28509,0.8180
28510,1.1335
28511,1.0595
28512,0.6846
28513,0.8147
28514,0.8734
28515,0.8765
28516,0.8341
28517,0.8933
28518,1.3078
28519,1.3628
28520,0.6309
28521,1.0381
28522,0.8200
28523,0.9785
28524,0.7096
28525,1.5437
28526,0.5474
28527,0.9592
28528,0.8461
28529,0.7894
28530,0.7971
28531,0.9201
28532,0.8554
28533,0.7941
28534,1.2707
28535,0.7883
28536,0.8515
28537,0.9058
28538,0.7625
28539,0.8368
28540,0.8549
28541,1.2392
28542,1.3490
28543,0.6995
28544,0.8216
28545,0.8894
28546,1.0217
28547,0.5928
28548,0.9279
28549,1.1463
28550,0.7816
28551,0.8155
28552,0.8598
28553,0.8397
28554,0.9180
28555,0.9974
28556,1.4895
28557,0.8862
28558,1.0209
28559,0.6351
28560,0.9035
28561,0.8975
28562,0.7945
28563,0.8847
28564,1.1574
28565,0.9958
28566,0.8693
28567,0.9159
28568,0.7472
28569,1.0037
28570,0.7442
28571,1.1830
28572,0.8494
28573,0.7707
28574,0.8694
28575,0.8028
28576,0.8296
28577,1.0315
28578,0.7515
28579,1.2896
28580,0.9328
28581,0.8168
28582,0.8296
28583,0.7187
28584,1.0731
28585,0.8011
28586,1.1706
28587,0.8333
28588,0.6992
28589,0.9827
28590,0.7707
28591,0.8133
28592,1.0880
28593,1.4435
28594,1.1387
28595,1.0019
28596,0.9157
28597,0.8653
28598,0.8036
28599,0.8598
28600,0.8226
28601,1.2439
28602,0.8482
28603,0.8420
28604,0.8651
28605,1.3885
28606,0.2821
28607,0.9765
28608,0.8079
28609,1.3261
28610,0.9643
28611,0.7073
28612,0.8573
28613,0.8949
28614,0.8651
28615,0.8803
28616,0.8655
28617,1.0873
28618,1.0362
28619,0.7855
28620,0.8794
28621,0.7846
28622,1.0982
28623,0.6212
28624,1.2913
28625,0.8006
28626,0.9687
28627,0.7253
28628,0.7894
28629,0.9570
28630,1.0062
28631,0.8055
28632,1.3075
28633,0.8580
28634,0.8208
28635,0.8816
28636,0.8385
28637,0.8674
28638,0.8677
28639,1.2788
28640,0.7527
28641,0.8446
28642,0.8378
28643,0.7989
28644,1.6028
28645,0.3060
28646,1.2247
28647,1.1303
28648,1.1639
28649,0.8044
28650,0.8110
28651,0.8860
28652,0.9491
28653,0.7615
28654,1.2780
28655,0.7968
28656,0.8693
28657,0.8457
28658,0.8527
28659,1.0261
28660,1.5519
28661,0.2871
28662,0.8303
28663,0.8579
28664,0.8524
28665,0.7911
28666,0.8872
28667,0.9091
28668,0.9683
28669,0.7189
28670,1.2585
28671,1.0007
28672,0.7676
28673,0.7990
28674,0.7564
28675,1.0195
28676,0.8698
28677,1.2444
28678,0.7418
28679,0.8449
28680,0.8421
28681,0.8383
28682,1.0279
28683,0.8522
28684,1.3911
28685,1.2319
28686,0.8327
28687,0.8477
28688,0.8184
28689,1.0357
28690,0.7927
28691,0.8650
28692,1.1090
28693,0.7744
28694,1.5038
28695,0.4298
28696,0.6995
28697,0.8160
28698,0.8476
28699,1.2232
28700,1.1290
28701,0.9393
28702,0.8259
28703,0.8336
28704,0.9784
28705,0.7116
28706,1.2648
28707,0.8084
28708,0.8539
28709,0.8187
28710,0.8274
28711,1.0726
28712,0.8352
28713,0.7103
28714,0.9820
28715,1.0778
28716,0.8411
28717,0.7393
28718,0.8711
28719,0.8420
28720,0.8847
28721,1.1036
28722,1.3092
28723,0.7993
28724,0.8832
28725,0.7831
28726,0.8674
28727,1.0129
28728,0.9704
28729,0.9758
28730,0.9880
28731,0.9079
28732,0.9595
28733,0.7832
28734,0.8187
28735,0.9273
28736,0.8036
28737,1.4035
28738,0.8221
28739,0.7792
28740,0.8338
28741,0.8221
28742,1.2875
28743,0.8402
28744,1.0957
28745,0.7819
28746,0.8311
28747,1.3544
28748,0.1911
28749,0.8913
28750,1.1843
28751,0.5662
28752,1.3118
28753,0.7646
28754,0.9367
28755,0.7418
28756,0.8523
28757,0.8740
28758,0.8997
28759,1.3713
28760,1.1502
28761,1.0572
28762,0.9831
28763,0.7113
28764,1.1034
28765,0.6875
28766,1.2518
28767,0.8990
28768,0.7257
28769,0.8504
28770,0.9080
28771,0.8453
28772,0.8684
28773,0.8382
28774,1.2930
28775,1.1634
28776,0.9309
28777,0.8204
28778,0.7965
28779,0.8849
28780,0.8461
28781,1.2532
28782,1.0433
28783,0.6706
28784,0.7741
28785,0.8608
28786,0.9796
28787,0.8560
28788,0.8002
28789,1.1678
28790,1.4254
28791,0.7465
28792,0.7729
28793,0.8337
28794,1.4444
28795,0.7812
28796,1.1606
28797,0.5821
28798,1.0974
28799,0.7423
28800,0.8524
28801,0.8079
28802,0.8921
28803,0.8606
28804,1.3178
28805,0.8397
28806,0.6976
28807,0.8414
28808,0.8226
28809,1.0087
28810,0.8360
28811,0.7971
28812,1.3890
28813,0.9649
28814,0.8357
28815,0.7700
28816,0.8533
28817,0.8724
28818,1.3118
28819,0.7484
28820,0.9125
28821,0.8375
28822,0.8982
28823,0.7492
28824,1.0281
28825,0.7803
28826,0.8134
28827,1.6300
28828,0.6922
28829,0.6338
28830,0.9655
28831,0.7047
28832,1.0110
28833,1.0271
28834,1.2648
28835,0.8929
28836,0.9268
28837,0.8873
28838,0.7854
28839,0.8967
28840,0.8845
28841,0.7688
28842,1.2266
28843,0.8336
28844,0.9693
28845,1.4484
28846,0.2518
28847,0.8755
28848,0.8805
28849,1.4420
28850,1.2859
28851,0.7759
28852,0.9044
28853,0.7880
28854,0.9011
28855,0.8124
28856,1.2901
28857,0.7708
28858,0.7746
28859,0.8399
28860,0.8307
28861,0.9533
28862,0.8145
28863,0.9199
28864,1.0739
28865,1.2527
28866,0.9828
28867,0.9077
28868,0.8488
28869,0.8543
28870,0.9387
28871,1.1144
28872,0.8827
28873,0.8291
28874,0.8285
28875,0.8471
28876,0.8312
28877,0.7897
28878,1.1634
28879,1.4210
28880,0.5446
28881,0.8642
28882,0.7004
28883,0.8938
28884,0.8367
28885,0.8850
28886,1.1946
28887,0.9065
28888,1.0510
28889,0.8377
28890,0.8902
28891,0.8022
28892,0.8546
28893,0.9587
28894,0.8621
28895,2.3517
28896,0.4202
28897,0.6244
28898,0.9311
28899,0.7416
28900,0.8644
28901,0.8138
28902,1.5332
28903,0.6262
28904,0.8472
28905,0.8791
28906,0.7686
28907,0.9583
28908,0.7469
28909,1.2308
28910,0.8448
28911,0.8496
28912,1.0202
28913,0.7305
28914,0.9300
28915,0.6767
28916,0.7786
28917,1.2540
28918,1.1896
28919,0.9070
28920,1.0728
28921,0.8915
28922,0.7407
28923,0.8652
28924,1.3288
28925,0.7018
28926,0.9461
28927,0.8490
28928,0.8437
28929,0.7146
28930,0.8706
28931,0.7838
28932,1.1840
28933,1.0416
28934,1.0682
28935,0.8920
28936,0.8557
28937,0.8748
28938,0.8321
28939,1.2952
28940,1.1194
28941,0.8060
28942,0.8329
28943,0.8101
28944,1.0479
28945,0.7224
28946,1.0599
28947,1.0748
28948,0.8440
28949,0.8805
28950,0.7903
28951,0.6893
28952,0.8461
28953,1.0093
28954,1.1341
28955,0.8238
28956,1.2302
28957,0.9678
28958,0.6907
28959,1.0548
28960,0.6535
28961,0.8480
28962,1.2179
28963,1.5670
28964,0.3895
28965,0.5848
28966,1.0598
28967,0.9050
28968,0.7447
28969,0.9327
28970,1.2125
28971,0.9454
28972,0.8965
28973,0.8097
28974,0.8272
28975,0.7444
28976,0.8781
28977,1.1735
28978,0.8707
28979,0.8510
28980,0.8202
28981,1.0266
28982,0.9779
28983,0.5572
28984,0.7855
28985,1.3187
28986,0.8107
28987,1.1252
28988,0.8937
28989,0.9243
28990,0.7252
28991,0.9681
28992,1.1186
28993,1.0383
28994,0.9377
28995,0.8520
28996,0.8474
28997,0.8051
28998,0.8029
28999,0.8084
29000,1.3213
29001,0.7705
29002,0.7578
29003,1.0744
29004,1.1107
29005,0.9032
29006,0.7836
29007,1.3194
29008,0.9999
29009,0.8858
29010,0.8409
29011,0.9020
29012,0.9281
29013,0.8468
29014,1.1641
29015,0.8715
29016,0.7792
29017,1.3294
29018,0.2625
29019,0.8203
29020,0.9486
29021,0.8125
29022,1.2217
29023,1.0860
29024,0.7303
29025,0.8552
29026,0.8639
29027,1.0490
29028,0.6905
29029,0.8215
29030,1.2721
29031,1.1192
29032,0.8961
29033,0.8152
29034,0.8939
29035,0.7738
29036,0.8273
29037,1.1597
29038,1.0473
29039,0.8086
29040,1.0795
29041,1.1373
29042,0.9019
29043,0.8122
29044,1.2339
29045,1.1731
29046,0.7957
29047,0.8941
29048,0.8199
29049,0.8074
29050,0.8690
29051,1.1963
29052,0.8588
29053,0.8305
29054,0.7346
29055,0.8703
29056,0.9202
29057,0.8186
29058,0.8810
29059,1.2501
29060,1.0395
29061,0.8318
29062,0.8377
29063,1.6941
29064,0.5248
29065,0.5104
29066,0.7610
29067,1.1172
29068,0.8492
29069,0.8452
29070,0.7740
29071,0.8441
29072,0.9663
29073,0.8037
29074,0.9055
29075,1.0933
29076,0.9204
29077,1.0560
29078,1.0689
29079,1.1685
29080,0.7093
29081,0.7660
29082,1.3076
29083,1.0233
29084,0.7445
29085,0.8923
29086,0.7834
29087,1.0224
29088,0.8740
29089,1.0837
29090,0.8844
29091,0.8181
29092,0.8319
29093,0.8686
29094,0.8027
29095,0.9038
29096,0.9103
29097,1.2934
29098,0.8821
29099,0.8141
29100,0.8678
29101,0.8414
29102,0.8924
29103,0.9891
29104,1.2568
29105,0.8012
29106,0.8371
29107,0.8512
29108,0.7541
29109,1.1639
29110,0.6075
29111,0.8419
29112,1.1638
29113,0.8636
29114,1.6218
29115,0.5966
29116,0.8360
29117,0.8613
29118,0.8605
29119,1.1757
29120,1.2315
29121,0.8488
29122,0.7254
29123,0.8595
29124,1.1005
29125,0.6179
29126,1.1659
29127,0.8644
29128,0.7196
29129,0.9494
29130,0.8391
29131,1.0560
29132,0.6356
29133,0.8598
29134,0.8013
29135,1.3943
29136,0.7095
29137,0.9580
29138,0.8191
29139,0.8120
29140,0.8348
29141,0.8606
29142,1.1420
29143,0.9540
29144,0.8087
29145,0.8994
29146,0.8119
29147,0.8995
29148,1.9680
29149,0.2201
29150,1.4573
29151,1.2699
29152,0.5356
29153,0.7658
29154,0.9655
29155,0.8542
29156,0.7199
29157,1.2194
29158,0.8387
29159,0.8337
29160,0.8283
29161,0.8860
29162,0.7792
29163,0.8479
29164,0.9255
29165,1.4150
29166,1.1318
29167,0.6116
29168,0.8547
29169,0.8307
29170,0.7682
29171,0.8770
29172,1.3619
29173,0.8280
29174,0.8130
29175,0.8534
29176,0.8098
29177,0.8613
29178,0.7932
29179,1.3811
29180,0.8183
29181,0.9068
29182,0.9155
29183,0.7102
29184,0.7308
29185,0.8708
29186,0.8949
29187,1.2860
29188,1.1551
29189,0.8308
29190,0.9695
29191,0.9252
29192,0.8605
29193,0.6938
29194,1.0019
29195,1.1177
29196,0.8223
29197,0.8805
29198,0.8372
29199,0.9251
29200,0.6719
29201,0.8307
29202,1.2015
29203,1.0246
29204,0.8790
29205,0.9094
29206,0.7626
29207,1.0760
29208,0.6808
29209,0.8347
29210,1.3740
29211,0.8743
29212,0.8588
29213,0.8305
29214,0.8347
29215,0.9340
29216,0.6580
29217,1.2169
29218,0.8468
29219,0.7673
29220,0.9599
29221,0.7858
29222,0.7937
29223,0.9570
29224,0.8359
29225,1.3808
29226,1.0567
29227,0.8754
29228,0.8954
29229,0.8200
29230,1.0629
29231,0.6843
29232,1.2717
29233,0.7856
29234,0.8590
29235,0.7695
29236,1.1137
29237,0.6902
29238,0.7919
29239,1.0124
29240,1.0587
29241,1.2134
29242,0.9037
29243,0.9185
29244,0.8746
29245,0.8297
29246,0.7858
29247,1.1966
29248,0.8630
29249,1.0522
29250,0.8347
29251,0.7287
29252,0.8043
29253,0.8137
29254,0.8709
29255,1.1427
29256,1.1269
29257,1.3248
29258,1.0722
29259,1.4885
29260,0.6017
29261,1.2270
29262,1.3437
29263,0.9415
29264,1.2199
29265,0.7901
29266,0.8921
29267,0.9470
29268,1.4453
29269,0.9681
29270,1.0505
29271,1.0308
29272,1.2496
29273,0.7923
29274,1.2688
29275,1.3839
29276,0.9837
29277,1.0180
29278,0.9704
29279,1.7013
29280,0.4040
29281,1.5282
29282,1.0996
29283,1.0439
29284,0.9658
29285,0.9164
29286,0.9586
29287,1.5079
29288,0.8149
29289,0.9585
29290,1.0436
29291,1.1402
29292,0.8178
29293,1.6236
29294,1.2127
29295,0.8907
29296,0.8700
29297,0.9707
29298,0.9621
29299,1.0255
29300,1.2595
29301,0.9926
29302,0.8996
29303,0.9566
29304,1.1175
29305,0.8708
29306,0.9640
29307,1.4957
29308,0.8639
29309,0.9978
29310,1.0887
29311,1.0276
29312,0.8111
29313,1.3516
29314,1.0114
29315,0.9799
29316,0.8532
29317,1.0237
29318,1.0707
29319,0.8156
29320,1.6763
29321,0.9565
29322,1.0300
29323,1.3765
29324,0.4440
29325,0.8957
29326,0.9581
29327,1.4077
29328,1.0186
29329,0.8962
29330,0.9710
29331,1.1063
29332,0.8858
29333,0.8906
29334,1.3432
29335,0.9227
29336,1.0650
29337,1.0372
29338,1.2122
29339,1.0969
29340,0.6483
29341,1.4062
29342,0.8577
29343,0.8687
29344,1.0695
29345,0.8965
29346,0.9713
29347,1.4222
29348,0.8472
29349,0.9372
29350,0.8554
29351,0.9399
29352,1.0037
29353,0.9655
29354,1.8394
29355,0.7951
29356,0.9591
29357,1.0382
29358,1.0445
29359,1.0097
29360,1.1484
29361,1.4160
29362,1.1165
29363,0.8727
29364,0.9212
29365,1.4682
29366,0.9640
29367,0.8492
29368,0.8434
29369,1.8012
29370,0.3574
29371,1.2430
29372,0.3919
29373,0.9228
29374,1.2948
29375,1.2381
29376,0.9720
29377,0.8685
29378,0.8630
29379,0.9917
29380,0.8605
29381,1.2864
29382,1.0732
29383,0.8187
29384,1.1074
29385,1.3625
29386,0.4766
29387,0.8982
29388,1.3991
29389,1.3590
29390,0.8156
29391,0.8566
29392,1.3287
29393,0.6036
29394,1.0171
29395,1.1858
29396,0.9766
29397,0.8500
29398,0.8299
29399,0.9941
29400,1.0674
29401,0.8787
29402,1.2018
29403,1.2724
29404,1.0775
29405,1.0553
29406,0.9910
29407,1.1928
29408,1.4395
29409,1.0862
29410,0.8882
29411,0.8220
29412,1.4200
29413,0.7301
29414,0.7221
29415,1.4818
29416,0.8150
29417,0.9251
29418,0.8823
29419,0.9594
29420,0.8602
29421,0.9472
29422,1.3997
29423,0.9643
29424,0.8570
29425,1.2829
29426,0.6148
29427,0.9552
29428,1.4824
29429,0.8951
29430,0.8371
29431,0.9657
29432,1.0634
29433,1.1917
29434,0.6098
29435,1.3514
29436,1.3758
29437,1.0831
29438,1.0115
29439,1.0436
29440,0.8660
29441,1.0852
29442,1.5411
29443,1.0751
29444,1.2032
29445,0.7310
29446,0.8205
29447,1.0090
29448,1.3029
29449,1.0628
29450,0.8879
29451,1.1135
29452,0.8487
29453,0.9813
29454,0.7510
29455,1.6842
29456,0.6410
29457,0.9145
29458,1.0112
29459,0.9983
29460,1.0982
29461,0.6893
29462,1.3400
29463,1.0307
29464,1.0279
29465,0.8979
29466,0.8990
29467,0.9027
29468,1.0371
29469,0.9187
29470,1.5065
29471,1.0605
29472,0.9645
29473,1.3296
29474,0.6447
29475,1.5617
29476,0.6084
29477,0.9562
29478,0.8989
29479,1.0344
29480,1.2593
29481,0.7014
29482,1.4738
29483,1.2907
29484,1.0278
29485,1.0327
29486,1.4128
29487,0.6996
29488,0.8513
29489,1.4082
29490,1.2029
29491,0.6312
29492,0.9199
29493,0.9057
29494,0.8531
29495,0.8655
29496,1.2875
29497,1.1214
29498,0.8952
29499,1.0079
29500,1.0777
29501,0.9312
29502,0.8968
29503,1.2450
29504,1.2195
29505,1.0378
29506,1.1080
29507,0.8729
29508,0.9109
29509,1.4550
29510,0.8511
29511,1.0322
29512,0.9254
29513,1.0251
29514,0.9343
29515,0.9532
29516,1.3537
29517,0.9143
29518,1.0092
29519,0.9689
29520,1.2458
29521,1.5223
29522,0.3862
29523,1.4429
29524,1.0279
29525,1.0452
29526,0.9205
29527,0.9982
29528,1.2888
29529,0.9095
29530,0.8998
29531,0.9376
29532,1.1391
29533,0.7186
29534,0.9180
29535,0.9361
29536,1.1203
29537,1.1386
29538,0.8887
29539,1.2197
29540,1.4558
29541,0.7070
29542,0.9401
29543,1.2077
29544,0.8419
29545,1.0417
29546,0.9250
29547,1.1844
29548,0.7649
29549,0.9889
29550,1.2258
29551,1.2533
29552,0.9549
29553,0.8682
29554,0.9681
29555,0.9468
29556,1.3670
29557,0.8680
29558,0.8912
29559,1.0340
29560,1.0796
29561,0.9454
29562,0.8516
29563,1.2597
29564,1.4275
29565,0.9858
29566,1.7414
29567,0.6712
29568,1.1487
29569,1.0921
29570,1.0985
29571,0.8425
29572,0.9032
29573,0.8360
29574,1.0251
29575,0.8880
29576,1.3251
29577,0.8875
29578,1.0291
29579,1.0132
29580,1.0839
29581,0.9939
29582,0.8922
29583,1.3170
29584,1.0238
29585,0.9133
29586,0.9387
29587,1.0562
29588,0.8169
29589,0.9248
29590,1.3268
29591,0.9010
29592,0.9696
29593,0.8900
29594,0.9319
29595,1.1512
29596,1.1831
29597,0.9166
29598,1.1899
29599,1.0200
29600,0.8379
29601,1.0317
29602,0.8221
29603,1.1300
29604,1.4334
29605,1.0391
29606,1.2276
29607,0.7375
29608,1.0934
29609,0.8404
29610,1.2668
29611,1.7980
29612,0.4451
29613,0.5505
29614,0.8798
29615,1.0799
29616,0.8358
29617,1.2812
29618,1.2565
29619,0.9807
29620,0.9893
29621,0.9793
29622,0.9504
29623,1.2265
29624,1.0016
29625,0.9189
29626,0.9875
29627,0.9917
29628,1.1091
29629,0.8832
29630,0.8104
29631,1.3453
29632,1.2652
29633,1.0186
29634,1.1398
29635,0.8353
29636,0.9165
29637,1.4244
29638,0.8798
29639,0.8872
29640,0.9200
29641,0.8654
29642,1.2033
29643,1.0540
29644,1.2146
29645,1.3834
29646,1.0126
29647,1.0461
29648,1.0401
29649,0.8551
29650,1.3603
29651,0.8925
29652,0.8516
29653,0.8865
29654,0.9161
29655,0.9464
29656,1.1494
29657,1.6398
29658,0.5189
29659,0.8974
29660,0.9641
29661,0.8647
29662,0.8850
29663,0.9421
29664,1.2822
29665,1.3365
29666,0.8828
29667,0.9522
29668,1.0248
29669,0.7943
29670,0.9553
29671,1.3788
29672,0.9214
29673,1.1073
29674,0.8480
29675,0.9276
29676,0.9210
29677,0.9251
29678,1.2316
29679,1.3758
29680,0.8734
29681,1.0484
29682,1.0751
29683,0.9715
29684,0.7361
29685,1.2948
29686,1.0411
29687,1.1237
29688,1.3455
29689,0.7979
29690,0.8246
29691,1.2991
29692,0.9060
29693,1.0120
29694,1.0239
29695,1.0107
29696,1.0045
29697,0.9348
29698,1.2690
29699,1.2607
29700,0.9107
29701,0.8574
29702,1.2580
29703,0.8380
29704,0.9145
29705,1.1519
29706,1.0583
29707,0.8215
29708,1.0723
29709,1.0149
29710,0.8101
29711,0.9369
29712,1.2977
29713,1.2777
29714,0.9888
29715,1.1714
29716,0.8255
29717,0.8892
29718,1.2673
29719,1.4825
29720,0.6306
29721,0.9252
29722,0.9499
29723,0.9296
29724,1.1195
29725,1.3768
29726,1.2948
29727,1.0037
29728,1.3748
29729,0.8431
29730,0.8638
29731,1.2634
29732,0.9044
29733,1.0290
29734,1.1669
29735,0.9843
29736,0.8496
29737,0.8327
29738,1.2444
29739,1.0906
29740,0.9511
29741,0.9515
29742,1.1393
29743,0.8945
29744,0.9426
29745,1.3647
29746,0.8452
29747,0.8638
29748,0.9132
29749,1.0001
29750,0.9929
29751,0.8280
29752,1.2815
29753,0.8840
29754,1.0884
29755,0.8246
29756,1.3098
29757,0.8166
29758,0.8153
29759,1.2411
29760,1.1928
29761,0.9469
29762,0.8691
29763,1.1777
29764,0.7559
29765,2.0706
29766,0.6724
29767,0.8078
29768,0.9543
29769,0.9542
29770,0.8601
29771,0.9185
29772,1.2827
29773,0.8876
29774,0.9544
29775,0.9239
29776,0.9382
29777,1.0224
29778,1.1663
29779,1.0874
29780,1.2725
29781,0.8830
29782,0.8766
29783,1.1201
29784,0.7874
29785,1.2993
29786,0.8723
29787,0.8772
29788,0.9824
29789,0.9567
29790,0.9889
29791,0.8323
29792,0.8971
29793,1.4219
29794,1.2409
29795,1.0965
29796,1.0245
29797,0.8679
29798,0.8749
29799,1.3286
29800,0.9231
29801,0.9098
29802,1.0789
29803,1.0807
29804,0.9056
29805,0.8904
29806,1.2452
29807,1.2868
29808,0.9455
29809,0.8581
29810,1.0069
29811,1.5194
29812,0.5540
29813,1.0930
29814,1.0815
29815,0.8971
29816,0.9628
29817,1.1081
29818,0.8422
29819,0.9624
29820,1.2099
29821,1.1599
29822,0.6619
29823,0.9515
29824,0.9325
29825,0.8649
29826,1.1725
29827,1.1117
29828,1.3074
29829,0.9166
29830,0.9073
29831,1.1311
29832,0.9309
29833,1.1379
29834,0.8948
29835,0.8934
29836,0.8786
29837,0.9466
29838,1.1703
29839,0.9961
29840,1.4451
29841,1.3430
29842,0.8969
29843,0.8208
29844,0.9302
29845,1.0025
29846,0.9885
29847,1.1608
29848,0.9150
29849,0.8868
29850,0.9131
29851,0.9360
29852,1.0329
29853,0.9412
29854,1.2516
29855,0.8246
29856,0.9625
29857,0.9814
29858,0.8715
29859,1.0058
29860,0.9088
29861,1.4164
29862,0.9533
29863,0.9391
29864,1.3274
29865,0.4783
29866,1.0204
29867,0.8490
29868,1.3156
29869,1.0332
29870,0.8476
29871,0.9604
29872,1.1181
29873,0.8461
29874,0.8638
29875,1.3098
29876,1.3259
29877,1.2084
29878,0.8210
29879,1.0032
29880,0.9162
29881,1.3103
29882,0.9176
29883,0.8921
29884,0.9312
29885,0.9941
29886,0.9675
29887,1.0969
29888,1.1050
29889,1.3106
29890,0.9059
29891,0.9693
29892,0.9311
29893,0.9114
29894,0.9234
29895,1.2474
29896,0.9083
29897,0.9290
29898,0.8383
29899,1.0220
29900,0.9374
29901,0.9917
29902,1.3666
29903,0.8802
29904,0.8439
29905,0.9166
29906,0.9268
29907,0.8864
29908,0.9779
29909,1.3217
29910,1.2511
29911,0.9162
29912,0.9953
29913,1.3874
29914,1.1053
29915,0.9048
29916,1.4671
29917,0.6390
29918,0.9489
29919,0.9095
29920,1.2883
29921,0.5538
29922,1.0094
29923,1.1797
29924,1.3445
29925,0.9167
29926,0.9028
29927,1.0516
29928,0.8711
29929,1.2613
29930,0.9343
29931,0.9581
29932,1.0100
29933,0.8788
29934,0.8975
29935,0.9058
29936,1.3032
29937,0.9023
29938,0.8877
29939,0.9505
29940,0.9844
29941,0.9320
29942,0.8998
29943,1.3062
29944,1.2841
29945,0.9272
29946,0.9124
29947,0.9541
29948,1.3724
29949,0.5796
29950,1.2806
29951,1.2532
29952,0.9008
29953,0.9260
29954,1.2320
29955,0.7207
29956,0.9378
29957,1.2307
29958,1.2798
29959,0.9019
29960,0.8803
29961,1.0117
29962,0.8798
29963,1.3501
29964,0.8974
29965,0.8508
29966,0.9649
29967,0.9553
29968,0.9427
29969,0.9607
29970,1.2628
29971,1.3011
29972,0.9147
29973,0.9234
29974,0.8718
29975,1.0412
29976,0.8769
29977,1.3015
29978,1.0488
29979,0.8602
29980,0.8663
29981,0.9185
29982,0.8649
29983,0.9551
29984,1.2718
29985,0.9727
29986,0.9656
29987,1.1150
29988,1.3042
29989,0.8550
29990,0.9650
29991,1.2791
29992,1.2752
29993,1.3959
29994,1.1950
29995,0.4851
29996,0.7684
29997,1.1974
29998,0.8811
29999,1.0691
30000,0.9057
30001,0.9703
30002,1.0048
30003,0.9049
30004,0.8273
30005,1.3498
30006,1.2219
30007,0.9040
30008,0.8505
30009,1.2634
30010,0.7452
30011,0.8949
30012,1.2897
30013,1.0988
30014,0.8911
30015,0.9289
30016,1.1262
30017,0.7956
30018,1.2978
30019,0.8688
30020,0.9482
30021,0.8889
30022,0.8978
30023,1.2617
30024,1.6348
30025,1.0835
30026,0.8574
30027,0.9463
30028,0.9237
30029,0.9194
30030,1.0499
30031,1.1816
30032,0.9138
30033,0.9185
30034,0.9646
30035,0.9052
30036,0.9199
30037,0.9796
30038,1.2482
30039,1.3849
30040,0.8235
30041,0.9372
30042,0.9011
30043,0.8794
30044,1.0438
30045,1.2096
30046,0.9968
30047,0.8604
30048,0.9835
30049,0.9142
30050,0.9141
30051,0.9941
30052,1.3590
30053,0.9274
30054,0.8672
30055,1.3505
30056,0.5878
30057,0.9725
30058,0.9992
30059,1.1833
30060,1.0866
30061,1.2289
30062,0.8832
30063,0.9377
30064,0.9533
30065,0.9040
30066,1.3368
30067,0.9063
30068,0.9473
30069,0.8919
30070,0.9217
30071,0.9967
30072,1.3337
30073,1.2144
30074,0.9012
30075,0.8956
30076,0.9782
30077,1.0158
30078,0.8904
30079,1.4273
30080,0.9322
30081,0.9313
30082,0.9174
30083,0.8528
30084,1.0147
30085,0.7792
30086,1.3784
30087,1.3591
30088,0.9775
30089,0.9012
30090,0.9164
30091,0.8833
30092,0.9772
30093,1.3459
30094,0.9207
30095,0.9192
30096,0.9289
30097,1.0381
30098,1.2391
30099,1.3587
30100,1.3899
30101,0.6005
30102,0.9674
30103,0.9134
30104,1.0217
30105,0.7546
30106,1.5100
30107,0.7824
30108,1.0187
30109,0.9506
30110,0.9232
30111,0.9908
30112,0.9254
30113,1.2858
30114,0.9220
30115,0.8817
30116,0.9404
30117,0.9771
30118,1.0610
30119,0.7857
30120,1.3884
30121,1.1523
30122,0.9741
30123,0.9490
30124,0.9045
30125,0.8906
30126,0.9580
30127,1.3055
30128,0.9645
30129,0.9496
30130,0.8971
30131,1.1279
30132,0.7334
30133,0.8763
30134,1.6140
30135,1.1883
30136,0.8834
30137,0.8783
30138,1.1201
30139,0.7704
30140,1.3497
30141,0.9258
30142,0.8873
30143,0.8667
30144,0.9944
30145,0.9774
30146,0.9723
30147,1.1235
30148,1.1538
30149,0.8812
30150,0.9149
30151,0.9376
30152,1.1502
30153,0.9800
30154,0.7343
30155,1.2580
30156,1.1906
30157,0.9485
30158,0.9625
30159,1.1460
30160,0.7666
30161,0.8647
30162,1.3607
30163,0.9155
30164,0.9096
30165,0.9301
30166,0.8922
30167,1.0363
30168,1.5191
30169,0.6833
30170,1.2502
30171,1.1943
30172,0.8673
30173,0.9196
30174,1.0027
30175,0.8507
30176,1.3299
30177,0.8917
30178,0.9264
30179,0.9344
30180,1.1356
30181,0.8229
30182,0.9496
30183,1.2335
30184,0.9202
30185,0.9706
30186,0.8965
30187,0.9998
30188,0.8734
30189,0.8541
30190,1.5339
30191,0.8318
30192,0.9428
30193,0.9397
30194,0.9026
30195,0.9590
30196,1.2641
30197,0.9517
30198,0.9543
30199,0.9075
30200,0.9250
30201,0.8881
30202,0.9560
30203,1.3322
30204,1.2992
30205,0.9105
30206,0.9023
30207,0.9318
30208,1.5973
30209,0.7722
30210,1.1621
30211,1.1302
30212,0.9856
30213,0.9241
30214,0.8682
30215,1.0317
30216,1.2536
30217,1.3240
30218,0.9453
30219,0.8411
30220,0.9531
30221,1.0167
30222,1.1103
30223,1.1693
30224,0.8683
30225,0.8768
30226,0.9475
30227,0.9493
30228,0.8736
30229,0.9278
30230,1.2848
30231,0.9918
30232,0.8796
30233,0.9470
30234,1.0195
30235,1.2190
30236,0.9899
30237,1.2669
30238,0.9154
30239,0.8763
30240,0.7975
30241,0.8461
30242,0.7996
30243,0.8447
30244,1.2331
30245,0.7820
30246,0.7633
30247,0.7787
30248,0.8453
30249,0.8132
30250,0.9313
30251,0.8118
30252,1.1808
30253,1.0202
30254,0.9013
30255,0.9748
30256,3.0025
30257,0.1290
30258,0.8054
30259,1.1605
30260,0.9527
30261,0.8900
30262,1.1658
30263,1.0203
30264,0.7528
30265,1.2770
30266,0.7914
30267,0.8771
30268,0.6627
30269,1.2671
30270,0.4435
30271,0.8278
30272,0.8677
30273,1.4238
30274,0.6653
30275,0.7532
30276,0.9460
30277,0.7293
30278,0.8221
30279,0.8844
30280,0.8367
30281,1.1525
30282,0.8205
30283,0.8220
30284,0.8842
30285,0.7815
30286,0.8897
30287,0.7286
30288,0.8107
30289,1.3646
30290,0.9475
30291,0.8497
30292,0.8176
30293,0.7178
30294,0.9942
30295,0.8734
30296,1.1103
30297,0.6624
30298,0.8781
30299,0.9501
30300,0.7539
30301,0.8757
30302,0.8834
30303,0.8283
30304,1.3309
30305,1.3796
30306,0.9455
30307,1.0046
30308,0.8229
30309,0.8093
30310,0.9448
30311,1.1489
30312,0.8267
30313,0.7882
30314,0.8570
30315,0.8262
30316,0.8366
30317,0.8479
30318,0.8522
30319,1.2158
30320,0.8169
30321,0.8380
30322,0.8235
30323,0.9650
30324,0.6898
30325,0.8660
30326,0.8206
30327,1.3718
30328,0.9644
30329,1.1416
30330,0.7492
30331,0.8531
30332,0.9583
30333,0.6831
30334,1.3098
30335,0.8241
30336,0.8180
30337,0.8465
30338,0.7686
30339,0.8769
30340,0.9863
30341,0.6569
30342,1.3942
30343,0.7985
30344,0.7639
30345,0.9183
30346,0.8067
30347,0.8533
30348,0.7500
30349,1.2624
30350,1.1514
30351,0.9633
30352,1.1278
30353,0.8834
30354,1.1430
30355,0.3720
30356,0.8900
30357,1.2585
30358,0.9537
30359,0.8850
30360,0.8190
30361,0.8156
30362,1.4325
30363,0.2174
30364,0.8873
30365,1.3530
30366,0.7777
30367,0.8938
30368,0.8048
30369,0.9019
30370,0.7511
30371,0.8353
30372,1.3301
30373,0.7863
30374,0.7158
30375,0.9371
30376,0.7909
30377,0.8038
30378,0.8991
30379,0.9202
30380,1.1071
30381,1.2253
30382,0.7441
30383,0.9529
30384,0.7418
30385,0.8891
30386,0.7749
30387,1.2502
30388,0.9074
30389,0.8752
30390,0.7676
30391,0.7579
30392,1.0102
30393,0.6236
30394,0.9205
30395,1.2549
30396,1.0997
30397,0.9478
30398,1.0215
30399,1.0902
30400,1.0972
30401,1.3808
30402,0.8033
30403,0.8126
30404,0.8689
30405,1.5376
30406,0.1491
30407,0.7368
30408,1.0756
30409,0.9623
30410,1.1027
30411,0.7539
30412,0.8560
30413,0.8098
30414,0.8210
30415,0.6624
30416,0.9423
30417,1.1778
30418,1.1016
30419,1.0145
30420,0.9893
30421,0.9941
30422,1.0251
30423,0.5652
30424,1.1344
30425,0.9650
30426,0.9370
30427,0.8229
30428,0.7517
30429,0.9515
30430,0.8373
30431,0.7971
30432,1.2478
30433,1.1477
30434,0.9194
30435,0.7734
30436,0.8072
30437,1.0968
30438,0.5842
30439,0.8146
30440,1.2838
30441,0.9874
30442,0.8148
30443,1.0315
30444,1.3394
30445,0.9648
30446,1.0119
30447,0.7752
30448,0.8946
30449,0.9692
30450,0.7629
30451,0.8099
30452,0.7982
30453,0.8833
30454,1.1896
30455,1.2278
30456,0.8259
30457,0.8184
30458,0.8486
30459,0.8459
30460,0.8017
30461,0.8115
30462,1.1865
30463,0.7526
30464,0.8101
30465,0.8624
30466,0.8881
30467,0.9122
30468,0.7072
30469,1.1891
30470,1.2376
30471,0.8965
30472,0.7722
30473,1.6875
30474,0.5378
30475,0.3520
30476,0.9244
30477,1.0771
30478,0.7875
30479,0.8088
30480,0.7808
30481,0.7839
30482,1.1047
30483,0.6322
30484,1.4921
30485,1.0152
30486,0.8995
30487,1.1682
30488,0.6808
30489,0.8311
30490,0.8816
30491,0.8333
30492,1.3610
30493,0.6316
30494,0.7370
30495,1.0432
30496,0.7842
30497,0.9241
30498,0.8224
30499,0.7846
30500,1.1856
30501,0.9550
30502,0.9653
30503,0.8009
30504,0.7971
30505,0.9950
30506,0.7626
30507,0.8665
30508,1.2886
30509,0.9726
30510,0.8748
30511,0.7726
30512,0.7812
30513,0.9273
30514,0.8019
30515,1.1980
30516,0.8799
30517,0.7192
30518,0.9022
30519,0.8815
30520,0.8666
30521,0.8053
30522,0.7700
30523,1.3296
30524,2.1052
30525,0.1665
30526,0.2344
30527,1.0015
30528,0.7730
30529,0.7665
30530,1.3678
30531,0.9440
30532,0.9589
30533,1.0404
30534,0.7960
30535,0.8606
30536,0.9151
30537,1.1844
30538,0.8341
30539,0.7662
30540,0.9171
30541,1.0430
30542,0.7365
30543,0.8728
30544,0.7271
30545,0.8943
30546,1.2462
30547,0.8423
30548,0.7643
30549,0.8318
30550,0.8290
30551,0.8948
30552,0.8432
30553,1.2567
30554,0.7409
30555,0.8764
30556,0.8946
30557,0.8110
30558,0.8234
30559,0.8128
30560,0.8362
30561,1.2770
30562,1.0647
30563,0.8782
30564,0.8849
30565,0.7770
30566,0.8791
30567,0.7981
30568,1.2469
30569,0.8355
30570,0.7629
30571,0.9676
30572,0.7570
30573,0.7905
30574,0.7780
30575,0.9870
30576,1.4268
30577,1.0236
30578,0.8865
30579,1.1040
30580,1.1162
30581,1.0299
30582,0.8967
30583,1.1578
30584,0.8492
30585,0.8826
30586,0.8224
30587,0.8279
30588,0.8405
30589,0.8316
30590,0.8406
30591,1.1939
30592,1.3159
30593,0.6492
30594,0.8474
30595,0.8964
30596,0.6711
30597,0.9684
30598,1.1119
30599,1.1885
30600,0.8871
30601,0.8320
30602,0.8194
30603,0.8216
30604,1.0999
30605,0.6667
30606,1.0900
30607,1.1662
30608,1.0474
30609,0.5740
30610,0.8278
30611,0.7288
30612,0.8579
30613,1.2368
30614,1.3244
30615,0.7089
30616,0.7741
30617,0.8628
30618,0.7998
30619,0.9316
30620,1.0581
30621,1.2824
30622,0.7781
30623,1.1658
30624,1.0071
30625,1.4746
30626,0.6089
30627,0.4631
30628,1.0551
30629,0.8251
30630,0.9560
30631,0.8015
30632,0.8446
30633,1.0928
30634,0.6569
30635,0.8331
30636,1.2561
30637,1.0920
30638,0.7323
30639,1.0132
30640,0.6889
30641,0.8792
30642,1.3323
30643,0.6795
30644,0.8646
30645,0.7275
30646,0.8723
30647,0.8839
30648,0.7592
30649,0.9456
30650,0.8051
30651,1.1871
30652,1.2107
30653,0.8643
30654,1.0574
30655,0.7794
30656,0.9479
30657,0.8211
30658,1.1041
30659,0.9151
30660,0.7847
30661,0.8646
30662,0.8298
30663,0.8749
30664,0.7645
30665,1.3162
30666,1.4008
30667,0.7600
30668,1.2158
30669,0.8530
30670,0.7709
30671,0.8475
30672,1.2093
30673,0.8159
30674,0.8489
30675,0.8108
30676,0.9747
30677,0.8014
30678,0.9427
30679,0.8700
30680,0.6731
30681,1.1734
30682,0.9142
30683,0.9917
30684,0.8157
30685,0.7947
30686,0.9163
30687,0.8086
30688,1.2766
30689,1.3168
30690,0.6512
30691,0.9386
30692,0.7418
30693,1.1353
30694,0.6341
30695,1.1216
30696,0.9468
30697,0.9935
30698,0.7688
30699,0.8005
30700,0.8263
30701,0.9286
30702,0.8037
30703,1.3162
30704,0.9759
30705,1.0213
30706,0.7014
30707,0.7900
30708,1.0704
30709,0.6397
30710,1.2961
30711,1.0876
30712,0.9027
30713,1.0774
30714,0.8288
30715,0.9995
30716,0.6498
30717,0.8234
30718,1.1910
30719,1.0212
30720,0.8513
30721,0.8619
30722,0.8430
30723,0.8924
30724,0.8014
30725,1.2205
30726,2.3154
30727,0.4057
30728,1.0805
30729,0.1638
30730,0.8473
30731,0.9462
30732,1.2078
30733,0.7487
30734,0.9079
30735,0.8403
30736,0.7443
30737,0.7811
30738,0.9095
30739,0.8751
30740,1.1888
30741,1.2063
30742,1.7503
30743,0.7663
30744,0.2084
30745,0.8676
30746,0.8118
30747,1.1538
30748,0.9161
30749,0.7773
30750,0.7607
30751,0.8831
30752,0.8610
30753,0.9006
30754,0.8680
30755,1.0880
30756,1.2039
30757,0.9032
30758,1.1222
30759,1.2485
30760,0.9154
30761,1.1847
30762,0.8183
30763,0.8469
30764,0.8032
30765,0.8503
30766,0.8110
30767,1.0420
30768,0.7738
30769,0.7580
30770,1.2062
30771,0.9090
30772,1.0173
30773,0.8431
30774,0.8882
30775,0.9261
30776,0.8074
30777,1.1619
30778,1.1517
30779,0.9305
30780,0.8512
30781,0.8916
30782,0.9075
30783,0.8818
30784,1.2443
30785,0.7945
30786,0.7955
30787,0.8636
30788,0.8203
30789,0.8393
30790,0.9717
30791,0.8229
30792,1.2929
30793,0.9222
30794,0.7940
30795,0.8097
30796,0.7339
30797,1.2633
30798,0.5638
30799,1.1224
30800,0.9266
30801,0.7202
30802,0.9152
30803,0.9185
30804,0.7432
30805,1.0890
30806,0.7639
30807,1.1432
30808,0.8435
30809,0.8474
30810,0.8381
30811,0.8308
30812,0.8528
30813,0.8935
30814,0.7882
30815,1.2828
30816,1.2235
30817,0.8703
30818,0.8969
30819,0.8333
30820,0.9079
30821,0.9373
30822,1.1238
30823,0.8866
30824,0.7671
30825,0.9452
30826,0.8624
30827,0.8150
30828,0.9382
30829,0.7950
30830,1.2707
30831,1.1286
30832,0.8527
30833,0.8150
30834,0.9401
30835,1.0766
30836,1.4265
30837,0.7786
30838,0.8369
30839,1.0537
30840,0.6805
30841,0.8313
30842,1.6911
30843,0.5539
30844,0.8789
30845,1.1035
30846,1.0677
30847,0.9362
30848,0.8038
30849,1.1426
30850,0.5915
30851,0.8346
30852,1.2410
30853,0.8368
30854,0.8179
30855,0.7227
30856,0.8908
30857,0.8942
30858,1.0433
30859,1.0855
30860,0.8099
30861,0.8977
30862,0.9417
30863,0.7779
30864,0.7750
30865,0.8900
30866,0.8122
30867,1.2635
30868,1.1340
30869,0.9418
30870,0.8914
30871,0.8221
30872,0.8532
30873,0.8823
30874,1.2358
30875,0.8373
30876,0.8125
30877,0.8475
30878,0.8256
30879,0.9438
30880,0.8262
30881,1.4578
30882,0.8947
30883,0.8776
30884,0.8324
30885,0.8516
30886,0.8318
30887,0.9398
30888,0.8851
30889,0.8282
30890,1.1482
30891,0.9013
30892,0.7457
30893,0.8238
30894,1.7205
30895,0.2447
30896,1.1722
30897,0.7577
30898,1.0855
30899,0.8709
30900,0.8321
30901,0.8257
30902,0.8122
30903,0.9393
30904,1.2448
30905,1.1648
30906,0.9771
30907,0.8397
30908,0.7370
30909,1.0979
30910,0.6779
30911,1.1682
30912,0.8975
30913,0.9239
30914,0.8075
30915,0.8612
30916,0.8310
30917,0.8753
30918,0.8525
30919,1.2288
30920,1.1923
30921,0.8996
30922,0.7724
30923,0.8461
30924,1.0138
30925,0.7712
30926,1.4414
30927,0.8056
30928,0.8646
30929,0.8214
30930,0.8307
30931,0.8671
30932,0.8250
30933,0.8038
30934,1.4315
30935,1.1516
30936,0.7690
30937,0.9715
30938,0.9430
30939,0.7761
30940,0.8396
30941,1.2499
30942,0.7589
30943,1.6389
30944,0.2230
30945,0.7689
30946,1.0164
30947,0.7631
30948,0.9779
30949,1.0492
30950,0.8402
30951,0.8941
30952,0.8157
30953,0.8340
30954,1.0165
30955,0.8389
30956,1.1073
30957,1.2080
30958,0.8086
30959,0.9169
30960,0.7296
30961,0.8260
30962,0.8516
30963,0.8466
30964,1.1619
30965,0.8065
30966,0.8326
30967,0.8970
30968,0.7745
30969,0.9249
30970,0.8423
30971,0.8263
30972,1.3739
30973,0.7798
30974,0.8225
30975,0.8762
30976,0.8435
30977,1.0411
30978,0.7801
30979,0.7900
30980,1.1934
30981,0.8213
30982,0.8738
30983,1.0130
30984,1.1423
30985,0.8376
30986,0.7554
30987,1.2495
30988,1.0240
30989,0.8627
30990,0.9818
30991,0.7684
30992,0.8863
30993,0.8899
30994,1.1987
30995,1.2336
30996,0.8139
30997,0.8196
30998,0.8309
30999,0.9057
31000,0.8644
31001,0.8407
31002,1.1204
31003,1.0258
31004,0.7189
31005,0.8624
31006,0.8411
31007,0.8959
31008,0.8747
31009,1.1953
31010,1.1464
31011,0.9220
31012,0.8352
31013,0.7234
31014,0.9976
31015,0.8572
31016,1.1292
31017,0.9109
31018,0.8614
31019,0.8234
31020,0.8049
31021,1.1555
31022,0.8041
31023,0.8310
31024,1.3403
31025,0.8600
31026,0.8417
31027,0.8279
31028,0.8490
31029,0.9045
31030,0.8171
31031,1.1244
31032,0.8371
31033,0.8851
31034,0.8081
31035,0.8764
31036,0.9011
31037,0.7900
31038,0.9110
31039,1.2098
31040,0.8255
31041,0.8222
31042,0.9153
31043,0.8444
31044,1.2550
31045,0.6185
31046,0.9645
31047,1.0046
31048,1.1513
31049,0.8600
31050,0.8270
31051,0.7851
31052,0.9716
31053,0.8262
31054,0.7324
31055,1.2678
31056,0.8168
31057,0.8665
31058,1.0304
31059,1.3495
31060,1.4646
31061,0.6773
31062,0.7392
31063,1.1740
31064,1.3549
31065,0.1715
31066,0.9186
31067,0.9071
31068,0.8160
31069,1.1604
31070,0.8973
31071,0.8818
31072,0.7711
31073,0.8790
31074,0.8251
31075,0.8233
31076,1.0047
31077,1.1051
31078,0.8210
31079,0.8786
31080,0.8548
31081,0.8394
31082,0.9577
31083,0.8286
31084,0.8680
31085,1.3053
31086,0.7799
31087,0.8796
31088,0.7901
31089,0.8542
31090,0.9444
31091,0.9123
31092,1.1880
31093,0.9009
31094,0.6506
31095,1.1254
31096,1.1083
31097,0.7857
31098,0.9547
31099,1.2178
31100,1.1725
31101,0.8168
31102,0.9778
31103,0.6792
31104,1.1443
31105,0.7066
31106,0.9963
31107,0.9780
31108,0.9597
31109,0.8310
31110,1.7273
31111,0.2621
31112,0.8321
31113,0.8470
31114,0.7549
31115,1.2162
31116,1.2443
31117,1.0740
31118,0.7711
31119,0.9987
31120,0.8611
31121,1.1279
31122,0.8369
31123,0.8345
31124,0.8273
31125,0.7888
31126,0.9839
31127,0.8453
31128,0.8646
31129,1.1122
31130,0.8848
31131,0.8538
31132,0.8190
31133,0.8828
31134,0.8975
31135,0.7959
31136,0.8143
31137,1.2305
31138,1.1907
31139,1.0872
31140,0.9421
31141,0.9322
31142,0.7702
31143,1.2058
31144,0.8659
31145,0.9020
31146,0.7979
31147,0.7345
31148,0.8986
31149,1.0288
31150,1.1480
31151,1.1254
31152,1.2877
31153,0.9693
31154,0.7954
31155,0.8849
31156,0.8882
31157,0.8063
31158,1.1760
31159,0.8789
31160,0.8396
31161,0.8784
31162,0.7551
31163,1.0882
31164,0.6530
31165,0.7927
31166,1.2280
31167,0.8894
31168,0.8157
31169,0.7844
31170,0.8635
31171,1.1116
31172,0.7259
31173,0.7802
31174,1.3691
31175,0.7528
31176,0.8810
31177,0.9963
31178,0.6192
31179,0.8839
31180,0.8719
31181,1.1795
31182,0.8140
31183,0.7484
31184,0.9441
31185,0.8702
31186,0.9958
31187,1.1384
31188,0.8670
31189,1.3355
31190,0.8485
31191,0.8539
31192,0.8235
31193,0.8316
31194,1.0588
31195,0.8022
31196,1.0981
31197,0.9786
31198,0.7117
31199,0.8093
31200,0.8146
31201,0.9207
31202,0.9038
31203,1.1018
31204,1.1073
31205,1.0364
31206,0.7724
31207,0.8534
31208,0.8382
31209,0.8936
31210,0.8506
31211,1.1969
31212,0.8411
31213,0.8316
31214,0.8288
31215,0.8036
31216,0.8662
31217,0.9198
31218,0.9401
31219,1.1561
31220,0.6919
31221,0.8785
31222,0.8703
31223,0.8431
31224,0.7757
31225,1.1231
31226,0.7934
31227,1.3666
31228,0.8417
31229,0.8375
31230,0.8450
31231,1.2546
31232,0.3816
31233,0.8728
31234,1.2565
31235,0.8615
31236,0.8427
31237,0.8265
31238,0.8345
31239,0.9676
31240,0.8371
31241,0.7688
31242,1.2478
31243,1.2008
31244,0.9578
31245,1.1134
31246,0.8645
31247,0.6733
31248,1.0294
31249,1.0306
31250,0.8958
31251,0.7781
31252,0.8256
31253,0.8243
31254,0.8466
31255,0.8975
31256,0.7972
31257,1.2142
31258,0.8399
31259,0.8680
31260,0.8406
31261,0.8717
31262,1.3118
31263,0.8384
31264,0.7434
31265,1.2176
31266,1.1262
31267,0.8258
31268,0.8865
31269,0.8976
31270,0.8712
31271,1.1631
31272,0.7488
31273,0.8863
31274,0.8419
31275,0.8489
31276,0.8343
31277,0.8666
31278,0.8211
31279,1.3982
31280,1.0046
31281,0.8644
31282,0.8405
31283,0.8261
31284,1.0646
31285,0.8920
31286,0.6783
31287,1.1264
31288,0.9545
31289,0.8216
31290,0.8083
31291,0.8530
31292,0.7941
31293,0.9613
31294,1.1624
31295,1.2414
31296,0.8894
31297,0.9467
31298,0.7896
31299,0.9907
31300,1.3783
31301,0.8976
31302,0.8214
31303,0.7545
31304,0.8895
31305,0.8401
31306,0.8209
31307,0.9422
31308,0.7827
31309,1.3149
31310,0.8032
31311,0.9307
31312,0.9114
31313,0.8018
31314,0.7588
31315,0.8870
31316,0.7844
31317,1.3925
31318,0.7897
31319,0.8612
31320,0.8242
31321,0.8609
31322,0.8013
31323,0.9130
31324,1.2304
31325,0.9324
31326,0.7875
31327,0.7985
31328,0.7800
31329,0.8946
31330,1.2201
31331,0.5702
31332,1.1658
31333,1.2195
31334,0.8039
31335,0.8281
31336,1.0564
31337,1.2385
31338,0.8083
31339,1.1636
31340,1.0109
31341,0.9045
31342,0.8326
31343,0.8719
31344,0.9974
31345,0.7279
31346,0.8131
31347,1.1213
31348,0.8544
31349,0.8156
31350,0.8227
31351,0.8500
31352,0.9275
31353,0.9313
31354,1.3011
31355,0.6949
31356,0.9038
31357,0.7844
31358,0.8722
31359,0.7604
31360,1.0358
31361,0.7624
31362,1.2314
31363,0.9416
31364,0.7112
31365,0.8570
31366,0.8724
31367,1.0171
31368,0.6969
31369,0.8336
31370,1.2129
31371,1.1820
31372,0.8833
31373,0.8838
31374,1.2997
31375,0.9801
31376,1.3769
31377,0.6316
31378,0.7811
31379,0.7849
31380,0.9117
31381,0.9861
31382,0.7612
31383,0.8686
31384,1.3459
31385,0.8007
31386,0.8325
31387,0.8297
31388,0.8341
31389,0.9127
31390,0.7522
31391,1.2753
31392,0.8599
31393,0.6879
31394,0.8782
31395,0.8662
31396,0.8464
31397,1.0419
31398,0.6754
31399,0.9655
31400,1.0216
31401,1.0344
31402,0.8562
31403,0.8727
31404,0.8533
31405,0.7270
31406,0.8328
31407,1.3567
31408,0.8497
31409,0.9299
31410,0.8660
31411,1.0278
31412,1.0936
31413,0.8588
31414,1.0894
31415,1.0218
31416,0.7988
31417,0.8539
31418,0.7204
31419,0.8968
31420,0.9669
31421,0.7760
31422,1.3722
31423,0.8386
31424,0.8356
31425,0.8247
31426,0.7698
31427,1.0065
31428,0.7027
31429,0.7797
31430,1.2911
31431,0.8265
31432,0.8767
31433,0.8519
31434,0.7524
31435,1.1174
31436,0.8241
31437,1.0567
31438,0.8037
31439,0.8408
31440,0.8525
31441,0.8310
31442,0.8318
31443,0.8661
31444,0.8595
31445,1.2345
31446,1.1452
31447,0.8442
31448,1.0541
31449,1.6556
31450,0.3998
31451,0.8214
31452,1.1459
31453,0.7598
31454,0.8056
31455,0.9063
31456,0.8484
31457,0.8512
31458,0.9131
31459,0.7834
31460,1.3750
31461,0.7799
31462,0.9364
31463,0.8356
31464,0.7817
31465,1.2113
31466,0.6606
31467,1.0993
31468,0.8611
31469,0.8573
31470,0.8277
31471,0.8177
31472,0.7903
31473,0.8872
31474,1.0138
31475,1.1045
31476,1.2175
31477,0.7130
31478,0.9082
31479,0.8426
31480,0.9856
31481,0.7685
31482,1.1305
31483,0.9415
31484,0.8186
31485,0.8454
31486,0.8304
31487,1.0879
31488,1.0961
31489,1.1241
31490,0.8733
31491,0.9438
31492,0.8107
31493,0.7984
31494,0.7815
31495,0.8650
31496,0.8139
31497,1.2330
31498,1.2094
31499,1.0049
31500,0.7676
31501,0.8860
31502,0.7554
31503,0.8056
31504,0.8778
31505,1.2277
31506,0.7509
31507,0.8687
31508,0.8635
31509,0.8018
31510,0.9222
31511,0.8639
31512,0.7950
31513,1.2138
31514,1.1436
31515,1.1267
31516,1.0401
31517,0.7940
31518,0.8359
31519,0.7855
31520,0.8798
31521,1.0882
31522,0.8437
31523,0.8372
31524,0.8465
31525,1.1559
31526,1.0069
31527,0.9183
31528,1.0488
31529,0.8946
31530,0.8024
31531,0.7437
31532,1.4206
31533,0.4508
31534,0.7292
31535,1.2679
31536,1.1958
31537,1.0586
31538,0.8857
31539,0.7855
31540,0.8855
31541,0.8117
31542,0.7607
31543,1.2274
31544,0.8252
31545,0.8780
31546,0.8463
31547,0.8254
31548,0.7868
31549,1.2209
31550,0.9099
31551,1.2611
31552,0.8524
31553,0.9522
31554,0.7596
31555,0.8437
31556,0.8659
31557,1.1934
31558,0.7910
31559,0.9536
31560,0.8607
31561,0.8103
31562,1.0099
31563,0.9269
31564,0.8515
31565,1.3078
31566,0.8734
31567,0.8050
31568,0.8174
31569,0.8393
31570,0.8892
31571,0.8510
31572,1.2188
31573,0.7978
31574,0.8228
