device,driverversion,duration (ms),frames,fps
NVIDIA GeForce RTX 4060 Laptop GPU,2475065344,30000.0855,43511,1450.3625

frame,ms
0,0.7752
1,0.8892
2,0.8875
3,0.4957
4,0.5329
5,1.1399
6,0.7784
7,0.6393
8,0.6411
9,0.6712
10,0.6443
11,0.5376
12,0.8442
13,0.4926
14,0.5438
15,0.9283
16,0.8841
17,0.6201
18,0.5501
19,0.6794
20,0.7233
21,0.5272
22,0.8077
23,0.4642
24,0.6060
25,1.2718
26,0.5046
27,0.6666
28,0.6206
29,0.6048
30,0.6278
31,0.6394
32,0.6186
33,0.6237
34,0.6319
35,0.9322
36,0.6293
37,0.8052
38,0.6280
39,1.0101
40,0.6385
41,0.6040
42,0.7575
43,0.5082
44,0.9807
45,0.6196
46,0.7263
47,0.6973
48,0.6496
49,0.5893
50,0.6315
51,0.6790
52,0.5694
53,0.6455
54,0.6779
55,0.6452
56,1.0228
57,0.7345
58,0.6189
59,0.5523
60,0.7661
61,0.5550
62,0.6629
63,0.5452
64,1.0147
65,0.6147
66,0.6899
67,0.5368
68,0.6585
69,0.6162
70,0.6236
71,0.7414
72,0.5513
73,0.7978
74,0.4782
75,1.1196
76,0.5926
77,0.7330
78,0.6236
79,0.5343
80,0.7085
81,0.5444
82,0.7631
83,0.8471
84,0.4780
85,0.7962
86,0.7675
87,0.7686
88,0.5620
89,0.7111
90,0.5080
91,0.6456
92,0.7040
93,0.5636
94,1.2983
95,0.1739
96,0.5972
97,1.2586
98,0.7998
99,0.6353
100,0.7366
101,0.5913
102,0.6814
103,0.5813
104,0.7375
105,0.5499
106,1.0540
107,0.6480
108,0.7578
109,0.6491
110,0.6803
111,0.5582
112,0.6355
113,0.7320
114,0.5946
115,0.6112
116,1.0511
117,0.5320
118,0.6341
119,0.6427
120,0.6128
121,0.6975
122,0.6338
123,0.7232
124,0.7656
125,1.0208
126,0.7149
127,1.1154
128,0.4765
129,0.7928
130,0.5534
131,0.7312
132,0.5187
133,0.6781
134,0.6335
135,1.0341
136,0.5801
137,0.7591
138,0.5060
139,0.6311
140,0.6754
141,0.5583
142,0.7178
143,0.5679
144,0.5819
145,0.9017
146,0.7998
147,0.9047
148,0.5948
149,0.6562
150,0.6358
151,0.6273
152,0.5620
153,0.7420
154,0.5566
155,1.0248
156,0.5914
157,0.7922
158,0.6503
159,0.5928
160,0.8123
161,0.4017
162,0.6564
163,0.7774
164,0.4954
165,0.7411
166,0.7811
167,0.7382
168,0.7345
169,0.6075
170,0.5973
171,0.6799
172,0.6308
173,1.2870
174,0.3070
175,0.7356
176,0.5583
177,0.8580
178,0.6184
179,0.9189
180,0.6120
181,0.5436
182,0.6181
183,0.7759
184,0.7230
185,0.9891
186,0.4210
187,0.8633
188,0.8366
189,0.6971
190,0.7882
191,0.7319
192,0.4608
193,0.6675
194,0.7050
195,0.9499
196,0.7430
197,0.7780
198,0.6786
199,0.6541
200,0.5109
201,0.7183
202,0.5452
203,0.6552
204,0.6221
205,1.0691
206,0.5488
207,0.5745
208,0.7212
209,0.5782
210,0.6752
211,0.5196
212,0.7306
213,0.8083
214,0.3702
215,0.6439
216,0.9567
217,0.9284
218,0.7346
219,0.7375
220,0.6932
221,0.5608
222,0.6851
223,0.5759
224,0.6145
225,0.6105
226,1.0413
227,0.5815
228,0.8850
229,0.3714
230,0.6527
231,0.5706
232,0.7099
233,0.7633
234,0.4260
235,0.9943
236,0.8006
237,0.5435
238,0.6576
239,0.5875
240,0.6731
241,0.4425
242,0.7294
243,0.5516
244,0.7906
245,0.4731
246,0.6514
247,0.9576
248,1.0492
249,0.7656
250,0.7735
251,0.6862
252,0.8821
253,0.6180
254,0.8171
255,0.6284
256,0.8969
257,0.6219
258,0.6536
259,0.5050
260,0.7408
261,0.6034
262,0.6608
263,0.6961
264,0.5098
265,0.6075
266,1.0789
267,0.6429
268,0.6712
269,0.6277
270,0.6132
271,0.5835
272,0.8267
273,0.4215
274,0.6796
275,0.6683
276,0.8703
277,0.6128
278,0.6598
279,0.6094
280,0.5837
281,0.6355
282,0.7050
283,0.6195
284,0.8801
285,0.3563
286,0.7672
287,0.7846
288,0.7425
289,0.4893
290,0.6892
291,0.6749
292,0.6316
293,0.5962
294,0.5738
295,0.6421
296,0.6373
297,0.6252
298,1.0499
299,0.6113
300,0.7291
301,0.5808
302,0.6678
303,0.5528
304,0.7740
305,0.6804
306,0.4604
307,0.6807
308,0.9780
309,0.6490
310,0.6714
311,0.9388
312,0.7072
313,0.7490
314,0.5719
315,0.6895
316,0.6257
317,0.8777
318,0.8146
319,1.3646
320,0.3883
321,0.5349
322,0.7146
323,0.5367
324,0.6960
325,0.5688
326,0.5970
327,0.9192
328,0.7999
329,0.5366
330,0.5536
331,0.7009
332,0.7313
333,0.4512
334,0.6282
335,0.6723
336,0.6638
337,0.6214
338,1.0408
339,0.6238
340,0.6482
341,0.6079
342,0.6179
343,0.6387
344,0.6796
345,0.6335
346,0.5402
347,0.6583
348,0.9252
349,0.5643
350,0.7074
351,0.5504
352,0.6314
353,0.7480
354,0.5746
355,0.6551
356,0.4732
357,0.6665
358,1.0007
359,0.7069
360,0.5467
361,0.7996
362,0.8437
363,0.7146
364,0.8352
365,0.7194
366,0.4836
367,0.6819
368,0.9542
369,0.8978
370,0.7295
371,0.6320
372,0.5089
373,0.6568
374,0.6606
375,0.7739
376,0.4242
377,0.6526
378,1.0169
379,0.6580
380,0.5870
381,0.6298
382,0.5392
383,0.6412
384,0.6113
385,0.6386
386,0.6584
387,0.7282
388,0.8480
389,1.2515
390,0.3904
391,0.6825
392,0.6139
393,0.6415
394,0.6435
395,0.5359
396,0.6471
397,0.6990
398,0.4943
399,0.6853
400,0.9198
401,0.7161
402,0.6150
403,0.5657
404,0.5940
405,0.6916
406,0.7024
407,0.6348
408,0.5139
409,0.6084
410,1.0044
411,0.6343
412,0.7123
413,0.6148
414,0.5713
415,0.6044
416,0.6573
417,0.7551
418,0.5869
419,1.1289
420,0.4596
421,0.8219
422,0.8683
423,0.6025
424,0.7792
425,0.6977
426,0.9312
427,0.6743
428,0.7439
429,0.9855
430,0.5808
431,0.5580
432,0.9957
433,0.2125
434,0.8975
435,0.3932
436,0.7308
437,0.5678
438,0.6212
439,1.0255
440,0.6888
441,0.6751
442,0.5014
443,0.6238
444,0.6773
445,0.6823
446,0.5463
447,0.6590
448,0.6227
449,0.9997
450,0.6146
451,0.7067
452,0.5667
453,0.6644
454,0.5959
455,0.6542
456,0.5301
457,0.6976
458,0.9415
459,0.6950
460,0.7208
461,0.7466
462,0.4945
463,0.5729
464,0.6367
465,0.6709
466,0.5433
467,0.6862
468,0.6316
469,0.8734
470,0.7636
471,0.6292
472,0.6072
473,0.6489
474,0.5628
475,0.5871
476,0.6717
477,0.6115
478,0.6023
479,0.7029
480,0.6228
481,1.1210
482,0.6009
483,0.6239
484,0.9382
485,0.6910
486,0.7458
487,0.5654
488,0.5993
489,0.6671
490,0.5812
491,1.0546
492,0.8723
493,0.6292
494,0.7407
495,0.5447
496,0.6623
497,0.5941
498,0.6874
499,0.6480
500,1.0114
501,0.5706
502,0.9234
503,0.3420
504,0.7380
505,0.4808
506,0.5936
507,0.6896
508,0.6372
509,0.5602
510,0.9229
511,0.6656
512,0.9789
513,0.7026
514,0.5905
515,0.5967
516,0.5987
517,0.6211
518,0.7795
519,0.5071
520,0.6015
521,0.9533
522,0.5754
523,0.7048
524,0.5544
525,0.6029
526,0.6850
527,0.7470
528,0.5056
529,0.6140
530,0.6539
531,0.9683
532,0.6863
533,0.5361
534,0.6140
535,0.7214
536,0.5269
537,0.6614
538,0.6276
539,0.7884
540,0.5280
541,0.9551
542,0.8547
543,0.7908
544,0.7286
545,0.7279
546,0.7082
547,0.5216
548,0.6446
549,0.6261
550,0.8196
551,0.4758
552,1.0666
553,0.4717
554,0.6992
555,0.5262
556,0.6931
557,0.6885
558,0.5537
559,0.7755
560,0.4682
561,0.5580
562,1.1872
563,0.4889
564,0.7392
565,0.5555
566,0.6180
567,0.5770
568,0.6423
569,0.8610
570,0.5072
571,0.8510
572,0.6084
573,0.7138
574,0.6537
575,0.6177
576,0.6162
577,0.6736
578,0.5095
579,0.6974
580,0.8951
581,0.3270
582,0.6089
583,1.2009
584,0.5198
585,0.7124
586,0.6157
587,0.5523
588,0.6929
589,0.6365
590,0.6547
591,0.5574
592,0.9196
593,0.7622
594,0.8844
595,0.5189
596,0.8713
597,0.7666
598,0.7180
599,0.5173
600,0.6332
601,0.6762
602,0.9774
603,0.5652
604,0.6135
605,0.7200
606,0.5362
607,0.6155
608,0.6088
609,0.6776
610,0.6074
611,0.6355
612,0.6486
613,1.0978
614,0.6173
615,0.6694
616,0.5121
617,0.6293
618,1.0460
619,0.2121
620,0.7180
621,0.5617
622,0.6810
623,0.8633
624,0.6893
625,0.6276
626,0.6737
627,0.5399
628,0.7288
629,0.6652
630,0.4941
631,0.8891
632,0.4120
633,0.6691
634,1.0030
635,1.3530
636,0.1105
637,0.6105
638,0.7162
639,0.5611
640,0.6694
641,0.7211
642,1.2275
643,0.2185
644,0.5801
645,0.6400
646,0.6130
647,0.7306
648,0.5173
649,0.7200
650,0.5401
651,0.6297
652,0.6417
653,0.6273
654,1.0174
655,0.8274
656,0.8909
657,0.6538
658,0.6575
659,0.6911
660,0.5889
661,0.5719
662,0.6246
663,0.6711
664,1.0903
665,0.6274
666,0.5537
667,0.7489
668,0.5366
669,0.6734
670,0.6370
671,0.5346
672,0.8257
673,0.4808
674,0.5965
675,1.0309
676,0.5579
677,0.5766
678,0.7036
679,0.5227
680,0.7187
681,0.6256
682,0.5584
683,0.6491
684,0.6592
685,1.0346
686,0.6564
687,1.2974
688,0.1280
689,0.4935
690,0.6706
691,0.6001
692,0.5810
693,0.7564
694,0.5593
695,0.6054
696,0.9511
697,0.6288
698,0.7375
699,0.5038
700,0.6859
701,0.6367
702,0.5558
703,0.9599
704,0.2922
705,0.6029
706,1.0657
707,0.7970
708,0.8731
709,0.4045
710,0.7100
711,0.6221
712,0.6359
713,0.5395
714,0.8665
715,0.4972
716,0.8958
717,0.5819
718,0.9098
719,0.7738
720,0.7891
721,0.8077
722,0.5224
723,0.7734
724,0.4749
725,0.5590
726,1.6239
727,0.1137
728,0.7528
729,0.5788
730,0.6512
731,0.6224
732,0.5425
733,0.8930
734,0.4996
735,0.5041
736,1.0741
737,0.6388
738,0.7796
739,0.7520
740,0.3568
741,0.6876
742,0.5043
743,0.7350
744,0.5370
745,0.6122
746,0.9592
747,0.6784
748,0.8247
749,0.6363
750,0.5324
751,0.7161
752,0.5262
753,0.6142
754,0.7138
755,0.6378
756,1.7314
757,0.2294
758,0.3212
759,0.6653
760,0.5759
761,0.6406
762,0.6209
763,0.6200
764,0.8736
765,0.3802
766,0.6392
767,0.9608
768,0.7217
769,0.5181
770,0.7249
771,0.6050
772,0.5509
773,0.6870
774,0.6477
775,0.6180
776,0.5824
777,1.0355
778,0.8030
779,0.8418
780,0.6980
781,0.6179
782,0.7389
783,0.5934
784,0.7860
785,0.3950
786,1.2582
787,0.5337
788,0.6003
789,0.6701
790,0.5551
791,0.6763
792,0.6358
793,0.5279
794,0.6003
795,0.6667
796,0.6559
797,0.8937
798,0.6745
799,0.6317
800,0.5676
801,0.6922
802,0.6702
803,0.6949
804,0.5250
805,0.8838
806,0.5525
807,0.5626
808,1.0640
809,0.7308
810,0.5699
811,0.7134
812,0.5838
813,0.5587
814,0.7106
815,0.5960
816,0.7974
817,0.4567
818,0.6167
819,0.9107
820,0.7079
821,0.6385
822,0.5206
823,0.6764
824,0.5512
825,0.6777
826,1.2941
827,0.1278
828,0.5524
829,0.9549
830,0.8291
831,0.6417
832,0.9193
833,0.7280
834,0.7562
835,0.7352
836,0.4064
837,0.6112
838,0.9454
839,0.7086
840,0.6615
841,1.2496
842,0.0864
843,0.6771
844,0.5680
845,0.6862
846,0.5877
847,1.4097
848,0.1951
849,0.6378
850,0.5802
851,0.7105
852,0.6076
853,0.6527
854,0.5080
855,0.7353
856,0.6443
857,0.5194
858,0.6738
859,1.1592
860,0.5693
861,0.6216
862,0.5481
863,0.6654
864,0.6064
865,0.7017
866,0.5217
867,0.6438
868,0.6423
869,0.9634
870,0.7103
871,0.6164
872,1.3458
873,0.1034
874,0.7054
875,0.4723
876,0.6207
877,0.7274
878,0.6908
879,1.0078
880,0.6949
881,0.7527
882,0.4217
883,0.5891
884,0.7415
885,0.4980
886,0.6200
887,0.7397
888,0.7701
889,0.8327
890,0.5715
891,0.8797
892,0.7928
893,0.6473
894,0.9776
895,0.4595
896,0.5770
897,0.6508
898,0.6501
899,0.9250
900,0.6884
901,0.6848
902,0.4956
903,0.6076
904,0.6800
905,0.6393
906,0.5949
907,0.8085
908,1.4174
909,0.1156
910,0.6471
911,0.6336
912,0.7409
913,0.5752
914,0.5477
915,0.7056
916,0.6296
917,0.9066
918,0.5260
919,0.6705
920,0.6190
921,0.7395
922,0.5852
923,0.6848
924,0.5168
925,0.7296
926,0.6217
927,0.6153
928,0.7832
929,0.3701
930,0.6872
931,1.0484
932,0.6642
933,0.5876
934,0.6225
935,0.6701
936,0.6736
937,0.5401
938,0.7834
939,0.4622
940,0.6643
941,0.9137
942,0.7929
943,0.6087
944,0.5764
945,0.5792
946,0.5970
947,0.7177
948,0.5626
949,0.9253
950,0.3879
951,0.6574
952,1.0243
953,0.8933
954,0.6836
955,0.7909
956,0.5784
957,0.6695
958,0.5874
959,0.6138
960,0.6222
961,1.4434
962,0.2814
963,0.7188
964,0.6888
965,0.5279
966,0.6920
967,0.6226
968,0.5480
969,0.5700
970,0.7027
971,0.9212
972,0.7372
973,0.5019
974,0.6157
975,0.6325
976,0.7906
977,0.5395
978,0.6036
979,0.8121
980,0.4137
981,0.5972
982,1.0921
983,0.6270
984,0.6622
985,0.7225
986,0.5703
987,0.6584
988,0.7567
989,0.8647
990,0.3839
991,0.7138
992,0.8584
993,0.6716
994,0.6934
995,0.5899
996,0.5300
997,0.7316
998,0.5253
999,0.6181
1000,0.8596
1001,0.4774
1002,0.6917
1003,1.0348
1004,0.5201
1005,0.6995
1006,0.6448
1007,0.5076
1008,0.7139
1009,0.5752
1010,0.6034
1011,0.6844
1012,0.5741
1013,0.9244
1014,0.6765
1015,0.8081
1016,0.7177
1017,0.7766
1018,0.8484
1019,0.7004
1020,0.6569
1021,0.6449
1022,0.9873
1023,0.6556
1024,0.6480
1025,0.6115
1026,0.6181
1027,0.5364
1028,0.6481
1029,0.6727
1030,0.6526
1031,0.5977
1032,0.6423
1033,1.0065
1034,0.7580
1035,0.4984
1036,0.7235
1037,0.6004
1038,0.6804
1039,0.4878
1040,0.6579
1041,0.6121
1042,0.6704
1043,0.9220
1044,0.6481
1045,0.6746
1046,0.5800
1047,0.5863
1048,0.7229
1049,0.5462
1050,0.6832
1051,0.7612
1052,0.9446
1053,0.1176
1054,1.0893
1055,0.6361
1056,0.6667
1057,0.6079
1058,0.6317
1059,0.5117
1060,0.6127
1061,0.6298
1062,0.6537
1063,1.1691
1064,0.3709
1065,0.8441
1066,0.7701
1067,0.7785
1068,0.7450
1069,0.6584
1070,0.6891
1071,0.8580
1072,0.3438
1073,0.5973
1074,1.1162
1075,0.7809
1076,0.4801
1077,0.6032
1078,0.7165
1079,0.5872
1080,0.6588
1081,0.5413
1082,0.6394
1083,0.6386
1084,0.9139
1085,0.7274
1086,0.5590
1087,0.5880
1088,0.8048
1089,0.5671
1090,0.5337
1091,0.7233
1092,0.7232
1093,0.4965
1094,0.5834
1095,0.8600
1096,0.7483
1097,0.5478
1098,0.6951
1099,0.5205
1100,0.6781
1101,0.6140
1102,0.6407
1103,0.6032
1104,0.6583
1105,1.0502
1106,0.7314
1107,0.5271
1108,0.6875
1109,0.6187
1110,0.5564
1111,0.6533
1112,0.5917
1113,0.8236
1114,0.6034
1115,0.5584
1116,0.9592
1117,0.6737
1118,0.5516
1119,0.6352
1120,0.5995
1121,0.5949
1122,0.6157
1123,0.9297
1124,0.9461
1125,0.4666
1126,0.6764
1127,1.0986
1128,0.7780
1129,0.6586
1130,0.6889
1131,0.5541
1132,0.6402
1133,0.6018
1134,0.6940
1135,0.8638
1136,0.7811
1137,0.6617
1138,0.5867
1139,0.6447
1140,0.6561
1141,0.6452
1142,0.6912
1143,0.7116
1144,0.4652
1145,0.6540
1146,0.9150
1147,0.6653
1148,0.7056
1149,0.5189
1150,0.7145
1151,0.5696
1152,0.6311
1153,0.5677
1154,0.6311
1155,0.6637
1156,1.0485
1157,0.7807
1158,0.5111
1159,0.6025
1160,0.6742
1161,0.5363
1162,0.6891
1163,0.5360
1164,0.9108
1165,0.3996
1166,0.5940
1167,1.0349
1168,0.5963
1169,0.7709
1170,0.7240
1171,0.5365
1172,0.6464
1173,0.6866
1174,0.7817
1175,0.3676
1176,0.6184
1177,1.1504
1178,0.6585
1179,0.5554
1180,0.6967
1181,0.6254
1182,0.4973
1183,0.7403
1184,0.5127
1185,1.0143
1186,0.5219
1187,0.5515
1188,1.2272
1189,0.6747
1190,1.3030
1191,0.2463
1192,0.3798
1193,0.6178
1194,0.9073
1195,0.3485
1196,0.6848
1197,0.9915
1198,0.6563
1199,0.6785
1200,0.5685
1201,0.7162
1202,0.5412
1203,0.6987
1204,0.6202
1205,0.5740
1206,0.6149
1207,0.9470
1208,0.7454
1209,0.5759
1210,0.5392
1211,0.6133
1212,0.6552
1213,0.8595
1214,0.4103
1215,0.5935
1216,0.6929
1217,0.6057
1218,0.9485
1219,0.7981
1220,0.4449
1221,0.6715
1222,0.5865
1223,0.5996
1224,0.6476
1225,0.6559
1226,0.5911
1227,0.6476
1228,0.6267
1229,1.0842
1230,0.6173
1231,0.7252
1232,0.6318
1233,0.5286
1234,0.6994
1235,0.5121
1236,1.1683
1237,0.1900
1238,0.5676
1239,0.9095
1240,0.8312
1241,0.6191
1242,0.7162
1243,0.5773
1244,0.7541
1245,0.4334
1246,0.6512
1247,0.7013
1248,0.5594
1249,1.0602
1250,0.6807
1251,0.8879
1252,0.8090
1253,0.6351
1254,0.7964
1255,0.5626
1256,0.7481
1257,0.4944
1258,0.6397
1259,0.9579
1260,0.6273
1261,0.6153
1262,0.6491
1263,0.6579
1264,0.5677
1265,0.5750
1266,0.6393
1267,0.6355
1268,0.6585
1269,0.9141
1270,0.8077
1271,0.5575
1272,0.5396
1273,1.3307
1274,0.0841
1275,0.6712
1276,0.5478
1277,0.7686
1278,0.5554
1279,1.0524
1280,0.9326
1281,0.3261
1282,0.6280
1283,0.7034
1284,0.5825
1285,0.5700
1286,0.7007
1287,0.7891
1288,0.3777
1289,0.6588
1290,0.9114
1291,0.6498
1292,1.0379
1293,0.4685
1294,0.5150
1295,0.7500
1296,0.5668
1297,0.5658
1298,0.6758
1299,0.6668
1300,0.9755
1301,0.8166
1302,0.7456
1303,0.9209
1304,0.6535
1305,0.6786
1306,0.6805
1307,0.5206
1308,0.6787
1309,0.9240
1310,0.7453
1311,0.5933
1312,0.5174
1313,0.7258
1314,0.5282
1315,0.7303
1316,0.5139
1317,0.6544
1318,0.6822
1319,0.6788
1320,0.9865
1321,0.8596
1322,0.4363
1323,0.7078
1324,0.5494
1325,0.5568
1326,1.2760
1327,0.1281
1328,0.5515
1329,0.6250
1330,0.8858
1331,0.6643
1332,0.8446
1333,0.6415
1334,0.5767
1335,0.5830
1336,0.7140
1337,0.6284
1338,0.7142
1339,0.4851
1340,0.7135
1341,1.4542
1342,0.1371
1343,0.5727
1344,0.5641
1345,0.6431
1346,0.6505
1347,0.7198
1348,0.5036
1349,0.6814
1350,1.9235
1351,0.1076
1352,0.9620
1353,1.5179
1354,0.0897
1355,0.6997
1356,0.6704
1357,0.6992
1358,0.4759
1359,0.7338
1360,0.9292
1361,0.5449
1362,0.7431
1363,0.5272
1364,0.7057
1365,0.5461
1366,0.6193
1367,0.7380
1368,0.5592
1369,0.6884
1370,1.1373
1371,0.5311
1372,0.5960
1373,0.6525
1374,0.7321
1375,0.6030
1376,0.5986
1377,0.7653
1378,0.9171
1379,0.6330
1380,0.9311
1381,0.6640
1382,0.6425
1383,0.6415
1384,0.7077
1385,0.6222
1386,0.6058
1387,0.7541
1388,0.4590
1389,0.7116
1390,0.8714
1391,0.8814
1392,0.5765
1393,0.6992
1394,0.6243
1395,0.6551
1396,0.5302
1397,0.7298
1398,0.5663
1399,0.6266
1400,1.0562
1401,0.7556
1402,0.6070
1403,0.5187
1404,0.7211
1405,0.6094
1406,0.6247
1407,0.7821
1408,0.6721
1409,0.6661
1410,0.9126
1411,0.7443
1412,0.5424
1413,0.6093
1414,0.7091
1415,0.6738
1416,1.1655
1417,0.1567
1418,0.7682
1419,0.7145
1420,0.4319
1421,1.0744
1422,0.6808
1423,0.6983
1424,0.6051
1425,0.5333
1426,0.7336
1427,0.5973
1428,0.6933
1429,0.6053
1430,0.8771
1431,0.7577
1432,0.5144
1433,0.6546
1434,0.6494
1435,0.7133
1436,0.6208
1437,0.6142
1438,1.1746
1439,0.2165
1440,0.4190
1441,1.2280
1442,1.0097
1443,0.7712
1444,0.5290
1445,0.6030
1446,0.6565
1447,0.5892
1448,0.8692
1449,0.4280
1450,0.6551
1451,0.9394
1452,0.6963
1453,0.6037
1454,0.6347
1455,0.5847
1456,0.6408
1457,0.6338
1458,0.8732
1459,0.4133
1460,0.6389
1461,1.2505
1462,0.3701
1463,0.6267
1464,0.6567
1465,0.6375
1466,0.6086
1467,0.5697
1468,0.6943
1469,0.7234
1470,0.5405
1471,0.9624
1472,1.1033
1473,0.5530
1474,0.7413
1475,0.7286
1476,0.6383
1477,0.5332
1478,0.7133
1479,0.6437
1480,0.9848
1481,0.9319
1482,0.6169
1483,1.2305
1484,0.1637
1485,0.6865
1486,0.8346
1487,0.4347
1488,0.7757
1489,0.5651
1490,0.6426
1491,1.0708
1492,0.5805
1493,0.6085
1494,0.7259
1495,0.5064
1496,0.6269
1497,0.7209
1498,0.8305
1499,0.3899
1500,0.6193
1501,0.9490
1502,0.6727
1503,0.7128
1504,0.6158
1505,0.5487
1506,0.7177
1507,0.6932
1508,0.5301
1509,0.6126
1510,0.6615
1511,0.6859
1512,0.8552
1513,0.8628
1514,0.5781
1515,0.6460
1516,0.7072
1517,0.5395
1518,0.7204
1519,0.6754
1520,0.5963
1521,0.6928
1522,0.9444
1523,0.7404
1524,0.5902
1525,0.5383
1526,0.7541
1527,0.5457
1528,0.7178
1529,0.6421
1530,0.6855
1531,0.5111
1532,0.9176
1533,0.7896
1534,0.5046
1535,0.8189
1536,0.4201
1537,0.6265
1538,0.6633
1539,0.6277
1540,0.6422
1541,0.6585
1542,1.0230
1543,0.7209
1544,0.6969
1545,0.5223
1546,0.5949
1547,0.6426
1548,0.7071
1549,0.5213
1550,1.2073
1551,0.2626
1552,1.1429
1553,0.8010
1554,0.5029
1555,0.7200
1556,0.5323
1557,0.7389
1558,0.5944
1559,0.5978
1560,0.6815
1561,0.5993
1562,0.9726
1563,1.0080
1564,0.5867
1565,0.6277
1566,0.7244
1567,0.5252
1568,0.7120
1569,0.6277
1570,0.5711
1571,0.6154
1572,1.0664
1573,0.6118
1574,0.5416
1575,0.6341
1576,0.6896
1577,0.6360
1578,0.5868
1579,0.6443
1580,0.7095
1581,1.0373
1582,0.1874
1583,0.9416
1584,0.7549
1585,0.5998
1586,0.6472
1587,0.5597
1588,0.6522
1589,0.6948
1590,0.7375
1591,0.6460
1592,0.6517
1593,1.0542
1594,0.6707
1595,0.5959
1596,0.6239
1597,0.5934
1598,0.7039
1599,0.9900
1600,0.1835
1601,0.6310
1602,0.6499
1603,0.9113
1604,0.9136
1605,0.6119
1606,0.6167
1607,0.5712
1608,0.7266
1609,0.5140
1610,0.7727
1611,0.5164
1612,0.5811
1613,1.1434
1614,0.7492
1615,0.6778
1616,0.4614
1617,0.7096
1618,0.5503
1619,0.7657
1620,0.5522
1621,0.6464
1622,0.6306
1623,1.1389
1624,0.5140
1625,0.5488
1626,0.6573
1627,0.6768
1628,0.6199
1629,0.5539
1630,0.8271
1631,0.9668
1632,0.5563
1633,0.9517
1634,0.7968
1635,0.6965
1636,0.6600
1637,0.5594
1638,0.6639
1639,0.6476
1640,0.5786
1641,0.6500
1642,0.6862
1643,0.9695
1644,0.7761
1645,0.5743
1646,0.6919
1647,0.5656
1648,0.7242
1649,0.4990
1650,0.6493
1651,0.8247
1652,0.4229
1653,0.6592
1654,0.9537
1655,0.7750
1656,0.5506
1657,0.7646
1658,0.4461
1659,0.6114
1660,0.6825
1661,0.6813
1662,0.5450
1663,0.6779
1664,1.0301
1665,0.6941
1666,0.5777
1667,0.6844
1668,0.6143
1669,0.8900
1670,0.5837
1671,0.6098
1672,0.9688
1673,0.7257
1674,0.8728
1675,0.5423
1676,0.7099
1677,0.6110
1678,0.5865
1679,0.6877
1680,0.5424
1681,0.7281
1682,0.5626
1683,0.6684
1684,1.5578
1685,0.1305
1686,0.6860
1687,0.8222
1688,0.5077
1689,0.7466
1690,0.5751
1691,1.1805
1692,0.1632
1693,0.5792
1694,0.8902
1695,0.6368
1696,0.8229
1697,0.7229
1698,0.6480
1699,0.5251
1700,0.6085
1701,0.6684
1702,0.6336
1703,0.6917
1704,0.8803
1705,0.7307
1706,0.5243
1707,0.7390
1708,0.5325
1709,0.7369
1710,0.5167
1711,0.6840
1712,0.8081
1713,0.6084
1714,0.5909
1715,1.0303
1716,0.5919
1717,0.6226
1718,0.6312
1719,0.5921
1720,0.7417
1721,0.5791
1722,0.9110
1723,0.3271
1724,1.0877
1725,0.9134
1726,0.6875
1727,0.5739
1728,0.6540
1729,0.5909
1730,0.7992
1731,0.4560
1732,0.7605
1733,0.6291
1734,0.6445
1735,0.9372
1736,0.9504
1737,0.3100
1738,0.7487
1739,0.6382
1740,0.5367
1741,0.6107
1742,0.7277
1743,0.5554
1744,0.6650
1745,0.9204
1746,0.6279
1747,0.6631
1748,0.6974
1749,0.5366
1750,0.7208
1751,0.6449
1752,0.5846
1753,0.8123
1754,0.4406
1755,0.5957
1756,0.9602
1757,0.7664
1758,0.6083
1759,0.5249
1760,0.9289
1761,0.3983
1762,0.6415
1763,0.8421
1764,0.5635
1765,0.6240
1766,1.0430
1767,0.6661
1768,0.7650
1769,0.5346
1770,0.5920
1771,0.6100
1772,0.6262
1773,0.8968
1774,0.3928
1775,0.6539
1776,0.9583
1777,0.8121
1778,0.6549
1779,0.5971
1780,0.6905
1781,0.6395
1782,0.5400
1783,1.2311
1784,0.3069
1785,0.5054
1786,0.9952
1787,1.1264
1788,0.7626
1789,0.5509
1790,0.5954
1791,0.6738
1792,0.7915
1793,0.5753
1794,0.5522
1795,0.5831
1796,1.3040
1797,0.2590
1798,0.7944
1799,0.6637
1800,0.7148
1801,0.5362
1802,0.6927
1803,0.7405
1804,0.5116
1805,0.6451
1806,1.6585
1807,0.2021
1808,0.6221
1809,0.6062
1810,0.6459
1811,0.6933
1812,0.5707
1813,0.8624
1814,0.4061
1815,0.6379
1816,0.9687
1817,0.6616
1818,0.6126
1819,0.7334
1820,0.5692
1821,0.6019
1822,0.6700
1823,1.6932
1824,0.2108
1825,0.2008
1826,0.9657
1827,1.3698
1828,0.1839
1829,0.6605
1830,0.7177
1831,0.6105
1832,0.6375
1833,0.8017
1834,0.3903
1835,0.6740
1836,0.9955
1837,1.1627
1838,0.1332
1839,0.9957
1840,0.4432
1841,0.7297
1842,0.5682
1843,0.6949
1844,0.6112
1845,0.8490
1846,0.6875
1847,0.7085
1848,0.5785
1849,0.5894
1850,0.5996
1851,0.6893
1852,0.6402
1853,0.6358
1854,0.6099
1855,0.7240
1856,0.9690
1857,0.7534
1858,0.6459
1859,0.5173
1860,0.7320
1861,0.7021
1862,0.5117
1863,1.1749
1864,0.1350
1865,0.6434
1866,0.9185
1867,0.7950
1868,0.6675
1869,0.6770
1870,0.3991
1871,0.7409
1872,0.5324
1873,0.6380
1874,0.6599
1875,0.7927
1876,0.5166
1877,0.8992
1878,0.7780
1879,0.6661
1880,0.7101
1881,1.2386
1882,0.1042
1883,0.6426
1884,0.8413
1885,0.4736
1886,0.8238
1887,0.7759
1888,0.8225
1889,1.0415
1890,0.3882
1891,0.6136
1892,0.9156
1893,0.3786
1894,0.8371
1895,0.4398
1896,0.6057
1897,2.3771
1898,0.2476
1899,0.1869
1900,0.6317
1901,0.5488
1902,1.2935
1903,0.3441
1904,0.4138
1905,0.5804
1906,0.6823
1907,1.0442
1908,0.7475
1909,1.2666
1910,0.1128
1911,0.7123
1912,0.6406
1913,0.7628
1914,0.4911
1915,0.6619
1916,1.2127
1917,0.7547
1918,0.2783
1919,0.7531
1920,0.4928
1921,0.7430
1922,0.7431
1923,0.4414
1924,0.8843
1925,0.5768
1926,0.4320
1927,1.1249
1928,0.7407
1929,0.8326
1930,0.5677
1931,0.6581
1932,0.7159
1933,0.6430
1934,0.7005
1935,1.0505
1936,0.3258
1937,0.7504
1938,0.9499
1939,0.2628
1940,0.6185
1941,0.6693
1942,0.6609
1943,0.5961
1944,0.5631
1945,0.6683
1946,0.6329
1947,1.0648
1948,0.5208
1949,0.7631
1950,0.7358
1951,0.5265
1952,0.7394
1953,0.5801
1954,0.7566
1955,0.5507
1956,0.6365
1957,0.8949
1958,0.9937
1959,0.7719
1960,0.6263
1961,0.6089
1962,0.5034
1963,0.7645
1964,0.6109
1965,0.5602
1966,0.7767
1967,0.8227
1968,0.7534
1969,0.4764
1970,0.7902
1971,1.1306
1972,0.4166
1973,0.7491
1974,0.9578
1975,0.2147
1976,0.6054
1977,1.0601
1978,0.7103
1979,0.6342
1980,0.6154
1981,2.0992
1982,0.1862
1983,0.2719
1984,0.7380
1985,0.4359
1986,0.5618
1987,0.9740
1988,0.8390
1989,0.5651
1990,0.4503
1991,0.6458
1992,0.6668
1993,0.5677
1994,0.6527
1995,0.6640
1996,0.7462
1997,0.8667
1998,0.7461
1999,0.5770
2000,0.8528
2001,0.3516
2002,0.7146
2003,1.0770
2004,0.1315
2005,0.6843
2006,1.3989
2007,0.6520
2008,0.5610
2009,0.6105
2010,0.7527
2011,0.5063
2012,0.6298
2013,0.6675
2014,0.6400
2015,0.6791
2016,0.6498
2017,1.2760
2018,0.3858
2019,0.6570
2020,0.6224
2021,0.7345
2022,0.6148
2023,0.5476
2024,0.7087
2025,0.6419
2026,1.1559
2027,0.8667
2028,0.3998
2029,0.8194
2030,0.6319
2031,0.5982
2032,0.6820
2033,1.2040
2034,0.1463
2035,0.7507
2036,0.9288
2037,0.8062
2038,0.6053
2039,0.9923
2040,0.2333
2041,0.7007
2042,0.5970
2043,0.7209
2044,0.4983
2045,0.6796
2046,1.5921
2047,0.2630
2048,0.9125
2049,0.4500
2050,0.7432
2051,0.4865
2052,0.5951
2053,0.7596
2054,0.6305
2055,0.5804
2056,1.0783
2057,0.9447
2058,0.1162
2059,0.9888
2060,0.7969
2061,0.7411
2062,0.5396
2063,0.7858
2064,0.4973
2065,0.9225
2066,0.7268
2067,0.4898
2068,0.7602
2069,0.9333
2070,0.2341
2071,1.2910
2072,0.2085
2073,0.5208
2074,0.6938
2075,0.6406
2076,1.1039
2077,0.8671
2078,1.2219
2079,0.1210
2080,0.7082
2081,0.5829
2082,0.6069
2083,0.9267
2084,0.4365
2085,0.5360
2086,1.1086
2087,0.4987
2088,0.5793
2089,0.8111
2090,0.6782
2091,0.4476
2092,0.5910
2093,0.6543
2094,0.9112
2095,0.4163
2096,0.5910
2097,0.6029
2098,1.0377
2099,0.7069
2100,0.5855
2101,0.5611
2102,0.6924
2103,0.6610
2104,1.1289
2105,0.1044
2106,0.6385
2107,0.9019
2108,1.1997
2109,0.0966
2110,0.6526
2111,0.5846
2112,0.6460
2113,0.6659
2114,0.6468
2115,0.5604
2116,0.6037
2117,1.0055
2118,0.7160
2119,0.8496
2120,0.7544
2121,0.6094
2122,0.7786
2123,0.8231
2124,0.6541
2125,0.6233
2126,0.5312
2127,1.0747
2128,0.6147
2129,0.7207
2130,0.6615
2131,0.5512
2132,0.6368
2133,0.5574
2134,1.2847
2135,0.2543
2136,0.4231
2137,0.7526
2138,0.8888
2139,0.5616
2140,0.7002
2141,0.4863
2142,0.6540
2143,0.6250
2144,0.6664
2145,0.6222
2146,0.6585
2147,0.6470
2148,1.0255
2149,0.7086
2150,0.7736
2151,0.4432
2152,0.6775
2153,0.5414
2154,0.6018
2155,0.6846
2156,0.6462
2157,0.8679
2158,1.0165
2159,0.3954
2160,0.5156
2161,0.6547
2162,0.6504
2163,0.5680
2164,0.5830
2165,0.6632
2166,0.6020
2167,0.6381
2168,1.1852
2169,0.6077
2170,0.5795
2171,0.6043
2172,0.6110
2173,0.5953
2174,0.7669
2175,0.4922
2176,0.7524
2177,0.8108
2178,0.3275
2179,0.7010
2180,1.0136
2181,0.9009
2182,0.3565
2183,0.9672
2184,0.7105
2185,0.6588
2186,0.5946
2187,0.7008
2188,0.8550
2189,0.7364
2190,0.4888
2191,0.7098
2192,0.5787
2193,0.6304
2194,0.5981
2195,0.6572
2196,0.6681
2197,0.5647
2198,0.6894
2199,1.0523
2200,0.6632
2201,0.6220
2202,0.6948
2203,0.6349
2204,0.5447
2205,0.6380
2206,0.6547
2207,0.5922
2208,0.6935
2209,0.8745
2210,0.6594
2211,0.6926
2212,0.5409
2213,0.6191
2214,0.7355
2215,0.6251
2216,0.5732
2217,0.6220
2218,0.6050
2219,0.6258
2220,1.0586
2221,0.5888
2222,0.7262
2223,0.6408
2224,0.7358
2225,0.5055
2226,0.6079
2227,0.6480
2228,0.5616
2229,0.7749
2230,1.1070
2231,0.3159
2232,0.8348
2233,1.0388
2234,0.5874
2235,0.6868
2236,0.6163
2237,0.8326
2238,0.3746
2239,0.7081
2240,0.8882
2241,0.6796
2242,0.6451
2243,0.6769
2244,0.5121
2245,0.7180
2246,0.8837
2247,0.2644
2248,0.6618
2249,0.7170
2250,0.8824
2251,0.7188
2252,0.8563
2253,0.6585
2254,0.6189
2255,0.6193
2256,0.5349
2257,0.6675
2258,0.6803
2259,0.5589
2260,0.9292
2261,0.7046
2262,0.7192
2263,0.8751
2264,0.3633
2265,0.7591
2266,0.5674
2267,0.6627
2268,0.7733
2269,0.4771
2270,0.6757
2271,0.9485
2272,0.9873
2273,0.5161
2274,0.5525
2275,0.6563
2276,0.7086
2277,0.5718
2278,0.7043
2279,0.7650
2280,0.7500
2281,0.2492
2282,0.9493
2283,0.7404
2284,0.5779
2285,0.5389
2286,0.6737
2287,0.6831
2288,0.4985
2289,0.6424
2290,0.6778
2291,0.9036
2292,1.4222
2293,0.2593
2294,0.7885
2295,0.7768
2296,0.7523
2297,0.7167
2298,0.7811
2299,0.6096
2300,0.8401
2301,0.8038
2302,0.5773
2303,0.5557
2304,0.6678
2305,0.5961
2306,0.6612
2307,0.7207
2308,0.6532
2309,0.5464
2310,0.5685
2311,0.6662
2312,0.9566
2313,0.6529
2314,0.5880
2315,0.7574
2316,0.5049
2317,0.6760
2318,0.6068
2319,0.7167
2320,0.5276
2321,0.5576
2322,1.0886
2323,0.7963
2324,0.4787
2325,0.6309
2326,0.6902
2327,0.6372
2328,0.6122
2329,0.7885
2330,0.3550
2331,0.6901
2332,0.8444
2333,0.7345
2334,0.7315
2335,0.7039
2336,0.6092
2337,0.9921
2338,0.3544
2339,0.7588
2340,0.3399
2341,0.9324
2342,0.7336
2343,0.6876
2344,0.8481
2345,0.6817
2346,0.6291
2347,0.5638
2348,0.6091
2349,0.8214
2350,0.6065
2351,0.5104
2352,0.6534
2353,1.0017
2354,0.9415
2355,0.6449
2356,0.8144
2357,0.6055
2358,0.6011
2359,0.8430
2360,0.4541
2361,0.5751
2362,0.9655
2363,0.7611
2364,0.7220
2365,0.5672
2366,0.7544
2367,0.5372
2368,0.6206
2369,0.7958
2370,0.4004
2371,0.6923
2372,0.9859
2373,0.7611
2374,0.5107
2375,0.7364
2376,0.5467
2377,0.5833
2378,0.7093
2379,0.5553
2380,0.6061
2381,0.7188
2382,1.7789
2383,0.1583
2384,0.3567
2385,0.7312
2386,0.4938
2387,0.6136
2388,0.6362
2389,0.7144
2390,0.6742
2391,0.5087
2392,0.6626
2393,1.0323
2394,0.8188
2395,0.7982
2396,0.6836
2397,0.6316
2398,0.6909
2399,0.5440
2400,0.5936
2401,0.6441
2402,0.9726
2403,0.7376
2404,0.6622
2405,0.5925
2406,0.6451
2407,0.6872
2408,0.5925
2409,0.6295
2410,0.8375
2411,0.4192
2412,0.6698
2413,1.0631
2414,0.8806
2415,0.7561
2416,0.7662
2417,0.5670
2418,0.6589
2419,0.6542
2420,0.5417
2421,0.6491
2422,0.8992
2423,0.7792
2424,0.7089
2425,0.6808
2426,0.5685
2427,0.5763
2428,0.6608
2429,0.7551
2430,0.4497
2431,0.7468
2432,0.8603
2433,0.7806
2434,0.6506
2435,0.6439
2436,0.6211
2437,0.6933
2438,0.6070
2439,0.5738
2440,0.7817
2441,0.4946
2442,0.6147
2443,1.0789
2444,0.6728
2445,0.6641
2446,0.5278
2447,0.6222
2448,0.6252
2449,0.6982
2450,0.5657
2451,0.9694
2452,0.4579
2453,0.5430
2454,0.8952
2455,0.7533
2456,0.7780
2457,0.4854
2458,0.7454
2459,0.5188
2460,0.6114
2461,0.6484
2462,0.6738
2463,0.5339
2464,1.0825
2465,0.6784
2466,0.7887
2467,0.5714
2468,0.6937
2469,0.5497
2470,0.6670
2471,0.6987
2472,0.5687
2473,0.8487
2474,0.8407
2475,0.8671
2476,0.7358
2477,0.7131
2478,0.7465
2479,0.6072
2480,0.5217
2481,0.6424
2482,0.6781
2483,0.9354
2484,0.7260
2485,0.5739
2486,0.6512
2487,0.6108
2488,0.5647
2489,0.6721
2490,0.5365
2491,0.8105
2492,0.5391
2493,0.5709
2494,1.0779
2495,0.7775
2496,0.5080
2497,0.6031
2498,0.6553
2499,0.6224
2500,0.5967
2501,0.7706
2502,0.4780
2503,0.6637
2504,0.9160
2505,0.6905
2506,0.6744
2507,0.5941
2508,0.5434
2509,0.7212
2510,0.5363
2511,0.6800
2512,0.6342
2513,0.6026
2514,0.9934
2515,0.8083
2516,0.5492
2517,0.6447
2518,0.6936
2519,0.4786
2520,0.6798
2521,0.5935
2522,0.8519
2523,0.3943
2524,0.6227
2525,0.9687
2526,0.7749
2527,0.5249
2528,0.6075
2529,0.6812
2530,0.5235
2531,0.7964
2532,0.5114
2533,0.6391
2534,0.6337
2535,0.9533
2536,0.6988
2537,1.2116
2538,0.7316
2539,0.6195
2540,0.7277
2541,0.7101
2542,0.5484
2543,0.5654
2544,0.6742
2545,1.0010
2546,0.5918
2547,0.5186
2548,0.7546
2549,0.4926
2550,0.6169
2551,0.7433
2552,0.6214
2553,0.5392
2554,0.6366
2555,0.9235
2556,0.6735
2557,0.6078
2558,0.6582
2559,0.6071
2560,0.6518
2561,0.6178
2562,0.6249
2563,0.7529
2564,0.6538
2565,0.4590
2566,1.0598
2567,0.8104
2568,0.7894
2569,0.7765
2570,0.6299
2571,0.5895
2572,0.5592
2573,0.6527
2574,0.6739
2575,0.8837
2576,0.7966
2577,0.6452
2578,0.7184
2579,0.5789
2580,0.6684
2581,0.6761
2582,0.5527
2583,0.6643
2584,0.6306
2585,0.9908
2586,0.7779
2587,1.0442
2588,0.7817
2589,0.7213
2590,0.5426
2591,0.6658
2592,0.7816
2593,0.4660
2594,0.6077
2595,1.0037
2596,0.6882
2597,0.7429
2598,0.6372
2599,0.5568
2600,0.6989
2601,0.5706
2602,0.6727
2603,0.5838
2604,0.6231
2605,0.9463
2606,0.7847
2607,0.7448
2608,0.6742
2609,0.5668
2610,0.6373
2611,0.6553
2612,0.6171
2613,0.5589
2614,0.6701
2615,0.9026
2616,0.7769
2617,0.7703
2618,0.7378
2619,0.6366
2620,0.6738
2621,0.5440
2622,0.6360
2623,0.6055
2624,0.6565
2625,0.8908
2626,0.8108
2627,0.7141
2628,0.6201
2629,0.5940
2630,0.7207
2631,0.5224
2632,1.1738
2633,0.1978
2634,0.5161
2635,0.6985
2636,0.9700
2637,0.6527
2638,0.7012
2639,0.5314
2640,0.5995
2641,0.7327
2642,0.6382
2643,0.7495
2644,0.5938
2645,0.8679
2646,0.2625
2647,0.9274
2648,0.7907
2649,0.7872
2650,0.8735
2651,0.6731
2652,0.9417
2653,0.4303
2654,0.5818
2655,1.0027
2656,0.8350
2657,0.5154
2658,0.6014
2659,0.6121
2660,0.7046
2661,0.6388
2662,0.5455
2663,0.8420
2664,0.4253
2665,0.6331
2666,1.0036
2667,0.6157
2668,0.5472
2669,0.6430
2670,0.6325
2671,0.6883
2672,0.5168
2673,0.6975
2674,0.6007
2675,0.9932
2676,0.6115
2677,0.7595
2678,0.5186
2679,0.7024
2680,0.6757
2681,0.5163
2682,0.5855
2683,0.6889
2684,0.6942
2685,0.5782
2686,0.5998
2687,1.0720
2688,0.6867
2689,0.5820
2690,0.6328
2691,0.6933
2692,0.5245
2693,0.6233
2694,0.6220
2695,0.6768
2696,0.6558
2697,1.0894
2698,0.4915
2699,0.6557
2700,0.7234
2701,0.5758
2702,0.5239
2703,0.7469
2704,0.5191
2705,0.7709
2706,0.5479
2707,0.6261
2708,1.2496
2709,0.7903
2710,0.7025
2711,0.8640
2712,0.5257
2713,0.5922
2714,0.8707
2715,0.4131
2716,0.6598
2717,0.9100
2718,0.6750
2719,0.9296
2720,0.4546
2721,0.6411
2722,0.6939
2723,0.6238
2724,0.6244
2725,0.5691
2726,0.6436
2727,0.9775
2728,0.5761
2729,0.6343
2730,0.7258
2731,0.5170
2732,0.6751
2733,0.6943
2734,0.5287
2735,0.8443
2736,0.4791
2737,0.5935
2738,1.0442
2739,0.6807
2740,0.7070
2741,0.5083
2742,1.3028
2743,0.1810
2744,0.4816
2745,0.8776
2746,0.3661
2747,0.6868
2748,0.9089
2749,0.6581
2750,0.7316
2751,0.5202
2752,0.6823
2753,0.5744
2754,0.6256
2755,0.6004
2756,0.7898
2757,0.9423
2758,0.6393
2759,0.7583
2760,0.5518
2761,0.6554
2762,0.6037
2763,0.5982
2764,0.6805
2765,0.6740
2766,0.7027
2767,0.4458
2768,0.6741
2769,1.1345
2770,0.7552
2771,0.7641
2772,0.7728
2773,0.5113
2774,0.7268
2775,0.5994
2776,0.8866
2777,0.3315
2778,0.6542
2779,1.0122
2780,0.6447
2781,0.5896
2782,0.5940
2783,0.6277
2784,0.6826
2785,0.6198
2786,0.7322
2787,0.7012
2788,0.7883
2789,0.6376
2790,0.7549
2791,0.5382
2792,0.7042
2793,0.5005
2794,0.6217
2795,0.7217
2796,0.5393
2797,0.6506
2798,0.6622
2799,0.8807
2800,0.8309
2801,0.6051
2802,0.6129
2803,0.6250
2804,0.6665
2805,0.6709
2806,0.5900
2807,1.2599
2808,0.0905
2809,0.6517
2810,1.0457
2811,0.7321
2812,0.6680
2813,0.5073
2814,0.7239
2815,0.4974
2816,0.7430
2817,0.7330
2818,0.4476
2819,0.6492
2820,1.0846
2821,0.8031
2822,0.6926
2823,0.8701
2824,0.5477
2825,0.6550
2826,0.6619
2827,0.5024
2828,0.7288
2829,1.0403
2830,0.6587
2831,0.5958
2832,0.6881
2833,0.7706
2834,1.2762
2835,0.1313
2836,0.5749
2837,0.8505
2838,0.6488
2839,0.8708
2840,0.7243
2841,0.4955
2842,0.7456
2843,0.6874
2844,0.5132
2845,0.5871
2846,0.6323
2847,0.7363
2848,0.5861
2849,0.5817
2850,0.9740
2851,0.7300
2852,0.5733
2853,0.5515
2854,0.7013
2855,0.5793
2856,0.6254
2857,0.6580
2858,0.6036
2859,0.6457
2860,1.0599
2861,1.2221
2862,0.1050
2863,0.7176
2864,0.5229
2865,0.6349
2866,0.5947
2867,0.7212
2868,0.5307
2869,0.6395
2870,0.9384
2871,0.7886
2872,0.7356
2873,0.5472
2874,0.6802
2875,0.5667
2876,0.6121
2877,0.7436
2878,0.6967
2879,1.2310
2880,0.4650
2881,0.4925
2882,0.7424
2883,0.8053
2884,0.7983
2885,0.7548
2886,0.7720
2887,0.6732
2888,0.4535
2889,0.6612
2890,0.9983
2891,0.6966
2892,0.5594
2893,0.6115
2894,0.6148
2895,0.5907
2896,0.6488
2897,0.6926
2898,0.6076
2899,0.6109
2900,1.0686
2901,1.2573
2902,0.1623
2903,0.4905
2904,0.7835
2905,0.4698
2906,0.7094
2907,0.5657
2908,0.8841
2909,0.3714
2910,0.6861
2911,0.8947
2912,0.6028
2913,0.6672
2914,0.6120
2915,0.6625
2916,0.5537
2917,0.7042
2918,0.6085
2919,0.6040
2920,0.6519
2921,0.8904
2922,0.6346
2923,0.6853
2924,0.5686
2925,0.7200
2926,0.5810
2927,0.6204
2928,0.6992
2929,0.7170
2930,0.4796
2931,0.5637
2932,1.1086
2933,0.6876
2934,0.6829
2935,0.5448
2936,0.6023
2937,0.6103
2938,0.6839
2939,0.5809
2940,0.9158
2941,0.8013
2942,0.7801
2943,0.8563
2944,0.6757
2945,0.6462
2946,0.6040
2947,0.6322
2948,0.9144
2949,0.4499
2950,0.6317
2951,0.5995
2952,0.9938
2953,0.7621
2954,0.7973
2955,0.5416
2956,0.6686
2957,0.5968
2958,0.6700
2959,0.7464
2960,0.4405
2961,0.5994
2962,0.9527
2963,0.8257
2964,0.7397
2965,0.5557
2966,0.6714
2967,0.6268
2968,0.6581
2969,0.5289
2970,1.1788
2971,0.1385
2972,0.8343
2973,0.8241
2974,0.8760
2975,0.2773
2976,0.6863
2977,0.6338
2978,0.5335
2979,0.5995
2980,0.8821
2981,0.4207
2982,1.1141
2983,0.5434
2984,0.8006
2985,0.5561
2986,0.6605
2987,0.5334
2988,0.6847
2989,0.5728
2990,0.7573
2991,0.8434
2992,0.7670
2993,0.6158
2994,0.5550
2995,0.6963
2996,0.6113
2997,0.5377
2998,0.6069
2999,0.6527
3000,0.6376
3001,0.7176
3002,0.5740
3003,1.0498
3004,0.6536
3005,0.7954
3006,0.8601
3007,0.7891
3008,0.7626
3009,0.6097
3010,0.8848
3011,0.3923
3012,0.5611
3013,0.9205
3014,0.9508
3015,0.5120
3016,0.7259
3017,0.5998
3018,0.5551
3019,1.2393
3020,0.2188
3021,0.4690
3022,0.6725
3023,1.0199
3024,0.7601
3025,0.6044
3026,0.6035
3027,0.5972
3028,0.5815
3029,0.6203
3030,0.7427
3031,0.5507
3032,0.6596
3033,0.8953
3034,0.8307
3035,0.6172
3036,0.6462
3037,0.7005
3038,1.3467
3039,0.5507
3040,0.4598
3041,0.1468
3042,0.5461
3043,1.0020
3044,0.7536
3045,0.8149
3046,0.3318
3047,0.6206
3048,0.6115
3049,0.7151
3050,0.6748
3051,0.6334
3052,0.4921
3053,0.6452
3054,1.0695
3055,0.6865
3056,0.8254
3057,0.8234
3058,0.7232
3059,0.6561
3060,1.0925
3061,0.2457
3062,0.5776
3063,0.9762
3064,0.6482
3065,0.5941
3066,0.6261
3067,0.7699
3068,0.4757
3069,0.7201
3070,0.5786
3071,0.7571
3072,0.5480
3073,0.8596
3074,0.8033
3075,0.8488
3076,0.7601
3077,0.7763
3078,0.6021
3079,0.5549
3080,0.6839
3081,0.5881
3082,0.6333
3083,0.9713
3084,0.6162
3085,0.5959
3086,0.6930
3087,0.6573
3088,0.5624
3089,0.6296
3090,0.6195
3091,0.7527
3092,0.5431
3093,0.7250
3094,0.9364
3095,0.5124
3096,0.6399
3097,0.7462
3098,0.5235
3099,0.6269
3100,0.7333
3101,0.6041
3102,0.6087
3103,0.6495
3104,0.9994
3105,0.7288
3106,0.5707
3107,1.2025
3108,0.1536
3109,1.1577
3110,0.1288
3111,0.5758
3112,0.9374
3113,0.5297
3114,0.4402
3115,1.0819
3116,0.7961
3117,0.7709
3118,0.6411
3119,0.7081
3120,0.6951
3121,0.5662
3122,0.5436
3123,0.7225
3124,0.8537
3125,0.8350
3126,0.8822
3127,0.5594
3128,0.6214
3129,0.6783
3130,0.7296
3131,0.5265
3132,0.5953
3133,0.6544
3134,0.8863
3135,0.7741
3136,0.6880
3137,0.6714
3138,0.6424
3139,0.5759
3140,0.7122
3141,0.6139
3142,0.6547
3143,0.5511
3144,0.9918
3145,0.7800
3146,0.8300
3147,0.5131
3148,0.5817
3149,0.7401
3150,0.6262
3151,0.7640
3152,0.4984
3153,0.5909
3154,0.8822
3155,0.6709
3156,0.9555
3157,0.5207
3158,0.5849
3159,0.6924
3160,0.6635
3161,0.5177
3162,0.7932
3163,0.4852
3164,0.6206
3165,1.0227
3166,0.5840
3167,0.6096
3168,0.6826
3169,0.6213
3170,0.5215
3171,0.6250
3172,0.7079
3173,0.6113
3174,0.6500
3175,1.8661
3176,0.3396
3177,0.7755
3178,0.5789
3179,0.7140
3180,0.5910
3181,0.6454
3182,0.7006
3183,0.6226
3184,0.7253
3185,0.8681
3186,0.5945
3187,0.7081
3188,0.5750
3189,0.5232
3190,0.6298
3191,0.6301
3192,0.6617
3193,0.6296
3194,0.6426
3195,1.0677
3196,0.7618
3197,0.4802
3198,0.6333
3199,0.6002
3200,0.6172
3201,0.7347
3202,0.6557
3203,0.5414
3204,0.6276
3205,0.9956
3206,0.7020
3207,0.5440
3208,0.7004
3209,0.6116
3210,0.5105
3211,0.7490
3212,0.6225
3213,0.6909
3214,0.5023
3215,0.5898
3216,1.0014
3217,0.6372
3218,0.7198
3219,0.5706
3220,0.6105
3221,0.6014
3222,0.6190
3223,0.7384
3224,0.5185
3225,0.7083
3226,1.0408
3227,0.6328
3228,0.6151
3229,0.6208
3230,0.7007
3231,0.5916
3232,0.6342
3233,0.7110
3234,0.6979
3235,0.4877
3236,0.6361
3237,1.1384
3238,0.7841
3239,0.6564
3240,0.7911
3241,0.7013
3242,0.6604
3243,0.5337
3244,0.6449
3245,0.6712
3246,1.0536
3247,0.7251
3248,0.5763
3249,0.5558
3250,0.6412
3251,0.7080
3252,0.6096
3253,0.5584
3254,0.7580
3255,0.5880
3256,0.5533
3257,0.9137
3258,0.6735
3259,0.8291
3260,0.6243
3261,0.5826
3262,0.7329
3263,0.5408
3264,0.7639
3265,0.5032
3266,0.6605
3267,1.0710
3268,0.6700
3269,0.6840
3270,0.5890
3271,0.6111
3272,0.6555
3273,0.5559
3274,0.5900
3275,0.6790
3276,0.6006
3277,0.9476
3278,0.6799
3279,0.6540
3280,0.6436
3281,0.5548
3282,0.6711
3283,0.6084
3284,0.7046
3285,0.6241
3286,0.5661
3287,0.9947
3288,0.5983
3289,0.9053
3290,0.7725
3291,0.7733
3292,0.6979
3293,0.6162
3294,0.6187
3295,0.6269
3296,0.6586
3297,0.9437
3298,0.7289
3299,0.9765
3300,0.4976
3301,0.7209
3302,0.5216
3303,0.6574
3304,0.5956
3305,0.6307
3306,0.6729
3307,0.9100
3308,0.7471
3309,0.6904
3310,0.7465
3311,0.5342
3312,0.6018
3313,0.8225
3314,0.4666
3315,0.6418
3316,0.6777
3317,1.1573
3318,0.5386
3319,0.7056
3320,0.5615
3321,0.6333
3322,0.5906
3323,0.6103
3324,0.5799
3325,0.7718
3326,0.5482
3327,0.5898
3328,0.9382
3329,0.7635
3330,0.7867
3331,0.5366
3332,0.6685
3333,1.7598
3334,0.2324
3335,0.1218
3336,0.5711
3337,0.6790
3338,0.8857
3339,0.7408
3340,0.5922
3341,0.5646
3342,0.7388
3343,0.5394
3344,0.6882
3345,0.5282
3346,0.6650
3347,0.6052
3348,1.0809
3349,0.6929
3350,0.8117
3351,0.8392
3352,0.6849
3353,0.8707
3354,0.5073
3355,0.7806
3356,0.5376
3357,0.8633
3358,0.7637
3359,0.7795
3360,0.6102
3361,0.6743
3362,0.5186
3363,0.6827
3364,0.6017
3365,0.7051
3366,0.5634
3367,0.9122
3368,0.6905
3369,0.9118
3370,0.7541
3371,0.5574
3372,0.6715
3373,0.6215
3374,0.5243
3375,0.8013
3376,0.5532
3377,0.5803
3378,1.0253
3379,0.6072
3380,0.6694
3381,0.5663
3382,0.6211
3383,0.6872
3384,0.5299
3385,0.7285
3386,0.5848
3387,0.6520
3388,1.0208
3389,0.6757
3390,0.6877
3391,0.5590
3392,0.6730
3393,0.6317
3394,0.5882
3395,0.7568
3396,0.5013
3397,0.6526
3398,0.8622
3399,0.6656
3400,0.6549
3401,1.2776
3402,0.1759
3403,0.4605
3404,0.6497
3405,0.6685
3406,0.5928
3407,0.6341
3408,1.0013
3409,0.7148
3410,0.8017
3411,0.7643
3412,0.7240
3413,0.8320
3414,0.4155
3415,0.7303
3416,0.6005
3417,0.5723
3418,0.5977
3419,1.0992
3420,0.6374
3421,0.6612
3422,0.5572
3423,0.7996
3424,0.4795
3425,0.7096
3426,0.7576
3427,0.4131
3428,0.6537
3429,0.9064
3430,0.7969
3431,0.7641
3432,0.5150
3433,0.6001
3434,0.7011
3435,0.5986
3436,0.6718
3437,0.8812
3438,0.3311
3439,0.7983
3440,0.9164
3441,0.7324
3442,0.4846
3443,0.7577
3444,0.5117
3445,0.7179
3446,0.6278
3447,0.5791
3448,0.6251
3449,1.0652
3450,0.5745
3451,0.8331
3452,0.5898
3453,0.5284
3454,0.7432
3455,0.5072
3456,0.7414
3457,0.6583
3458,0.5498
3459,0.6033
3460,0.9599
3461,0.7912
3462,0.5785
3463,0.6845
3464,0.5650
3465,0.5567
3466,0.6846
3467,0.6673
3468,0.6054
3469,0.5955
3470,1.1773
3471,0.7149
3472,0.7877
3473,0.7567
3474,0.7616
3475,0.7489
3476,0.5828
3477,0.6300
3478,0.5540
3479,0.9918
3480,0.7778
3481,0.5232
3482,0.5629
3483,0.7697
3484,0.6803
3485,0.4473
3486,0.6961
3487,0.6239
3488,0.5848
3489,0.6611
3490,1.0018
3491,0.8320
3492,0.6990
3493,0.5678
3494,0.5969
3495,0.6315
3496,0.7158
3497,0.7766
3498,0.4107
3499,0.6132
3500,1.0017
3501,0.6358
3502,0.6731
3503,0.6179
3504,0.5827
3505,0.6838
3506,0.6605
3507,0.5460
3508,0.8147
3509,0.4656
3510,0.6652
3511,1.0442
3512,0.7661
3513,0.5351
3514,0.6489
3515,0.5621
3516,0.8384
3517,0.4594
3518,0.6187
3519,0.6089
3520,1.0720
3521,0.6770
3522,0.9636
3523,0.6559
3524,0.7363
3525,0.5459
3526,0.6272
3527,0.5988
3528,0.6653
3529,0.6643
3530,0.9619
3531,0.7061
3532,0.6093
3533,0.5200
3534,0.6700
3535,0.6548
3536,0.5499
3537,1.2591
3538,0.1538
3539,0.4903
3540,0.6381
3541,1.0544
3542,0.7793
3543,0.5117
3544,0.6619
3545,0.6523
3546,0.5481
3547,0.6195
3548,0.7355
3549,0.5544
3550,0.6422
3551,0.9124
3552,0.6993
3553,0.8821
3554,0.5446
3555,0.6019
3556,0.7051
3557,0.6510
3558,0.5228
3559,0.7415
3560,0.8706
3561,0.8675
3562,0.5185
3563,0.8674
3564,0.6786
3565,0.5944
3566,0.7168
3567,0.5798
3568,0.6949
3569,0.5727
3570,0.7609
3571,0.8107
3572,0.7534
3573,0.6145
3574,0.5425
3575,0.7173
3576,0.6147
3577,0.6202
3578,0.6345
3579,0.7593
3580,0.4154
3581,0.7289
3582,0.9693
3583,0.8536
3584,0.7419
3585,0.8335
3586,0.4787
3587,0.7860
3588,0.5567
3589,0.5857
3590,0.6394
3591,1.0014
3592,0.7986
3593,0.5886
3594,0.5276
3595,0.7297
3596,0.5572
3597,0.6250
3598,0.5850
3599,0.8237
3600,0.4825
3601,0.9353
3602,0.7166
3603,0.6336
3604,0.7084
3605,0.4737
3606,0.6010
3607,0.7224
3608,0.6097
3609,0.6673
3610,0.5015
3611,0.6701
3612,0.9032
3613,0.8667
3614,0.9390
3615,0.5634
3616,0.6404
3617,0.5774
3618,0.5939
3619,0.7168
3620,0.5320
3621,0.6550
3622,0.9074
3623,0.7942
3624,0.6745
3625,0.6177
3626,0.7031
3627,1.2055
3628,0.3037
3629,0.7793
3630,0.2209
3631,0.6203
3632,1.0483
3633,0.6712
3634,0.7250
3635,0.4668
3636,0.6646
3637,0.5980
3638,0.7076
3639,0.5470
3640,0.7224
3641,0.5703
3642,1.0040
3643,0.5472
3644,0.6645
3645,0.7832
3646,0.8611
3647,0.7114
3648,0.7591
3649,0.7088
3650,0.5824
3651,0.6533
3652,1.3237
3653,0.4470
3654,0.4727
3655,0.5853
3656,0.6146
3657,0.6874
3658,0.5212
3659,0.7317
3660,0.7782
3661,0.3952
3662,0.7029
3663,0.9280
3664,0.7321
3665,0.9256
3666,0.6797
3667,0.4717
3668,0.6167
3669,0.6930
3670,0.7813
3671,0.4732
3672,0.5581
3673,1.0053
3674,0.7229
3675,0.6362
3676,0.6019
3677,0.6231
3678,0.5366
3679,0.8342
3680,0.4647
3681,0.6674
3682,0.6068
3683,1.0272
3684,0.7053
3685,0.6304
3686,0.6432
3687,0.6359
3688,0.6751
3689,0.5558
3690,0.6488
3691,0.6941
3692,0.5873
3693,0.5896
3694,0.9986
3695,1.2234
3696,0.1658
3697,0.4914
3698,0.6361
3699,0.5912
3700,0.7031
3701,0.5893
3702,0.6401
3703,0.6307
3704,1.0355
3705,0.7093
3706,0.9886
3707,0.6862
3708,0.7141
3709,0.6794
3710,0.5544
3711,0.8603
3712,0.4220
3713,0.6147
3714,1.0386
3715,0.7511
3716,0.5075
3717,0.8464
3718,0.5366
3719,0.5282
3720,0.7783
3721,0.8348
3722,0.4414
3723,0.7616
3724,0.7999
3725,0.8222
3726,0.6336
3727,0.7732
3728,0.4775
3729,0.7291
3730,0.5989
3731,0.7367
3732,0.5546
3733,0.4911
3734,0.8813
3735,0.8923
3736,0.7050
3737,0.6133
3738,0.6326
3739,0.5563
3740,0.6734
3741,0.6006
3742,0.6113
3743,0.6806
3744,0.7688
3745,1.2313
3746,0.1042
3747,1.0004
3748,0.4654
3749,0.7217
3750,0.6166
3751,0.5319
3752,0.7927
3753,0.5077
3754,0.6544
3755,1.0462
3756,1.1610
3757,0.7261
3758,0.7903
3759,0.5306
3760,0.6991
3761,0.7362
3762,0.9410
3763,0.1343
3764,1.0071
3765,0.6430
3766,0.7520
3767,0.6904
3768,0.5264
3769,0.7488
3770,0.6277
3771,0.7300
3772,0.4344
3773,0.6745
3774,0.9197
3775,0.7341
3776,0.5162
3777,0.6630
3778,0.6908
3779,0.5918
3780,0.6259
3781,0.6112
3782,0.6488
3783,0.6866
3784,0.8726
3785,0.7329
3786,0.9176
3787,0.6742
3788,0.5627
3789,0.6607
3790,0.6165
3791,0.6223
3792,0.5763
3793,0.6550
3794,0.9246
3795,0.7118
3796,0.6286
3797,0.5878
3798,0.6608
3799,0.6326
3800,0.6355
3801,0.5718
3802,0.8075
3803,0.4495
3804,0.6405
3805,1.0264
3806,0.7852
3807,0.5776
3808,0.6169
3809,0.6790
3810,0.6680
3811,0.5197
3812,0.8293
3813,0.3892
3814,0.6869
3815,0.9606
3816,0.6683
3817,0.7471
3818,0.7305
3819,0.7333
3820,0.8800
3821,0.7452
3822,0.9251
3823,0.3464
3824,0.6078
3825,0.9520
3826,0.7338
3827,0.7638
3828,0.6471
3829,0.6017
3830,0.8801
3831,0.3578
3832,0.7618
3833,0.4958
3834,0.6803
3835,1.0689
3836,0.6162
3837,0.5844
3838,0.6319
3839,0.7026
3840,0.6279
3841,0.6255
3842,0.7822
3843,0.4177
3844,0.7813
3845,0.8024
3846,0.7642
3847,0.5578
3848,0.6379
3849,0.6992
3850,0.5326
3851,0.6750
3852,0.6050
3853,0.7422
3854,0.5451
3855,0.6221
3856,1.1418
3857,0.5465
3858,0.6520
3859,0.5386
3860,0.6865
3861,0.6042
3862,0.7230
3863,0.6970
3864,0.4522
3865,0.6343
3866,0.9680
3867,0.7290
3868,0.5276
3869,0.7025
3870,0.6174
3871,0.5569
3872,0.6803
3873,0.5825
3874,0.8642
3875,0.4614
3876,0.6572
3877,0.9909
3878,0.7883
3879,0.7196
3880,0.8704
3881,0.6786
3882,0.7855
3883,0.8136
3884,0.3440
3885,0.6756
3886,0.8670
3887,0.7282
3888,0.5855
3889,0.6771
3890,0.5648
3891,0.7072
3892,0.6037
3893,0.8256
3894,0.3762
3895,0.6640
3896,0.9172
3897,0.6145
3898,0.6540
3899,0.9810
3900,0.3674
3901,0.6530
3902,0.5251
3903,0.6562
3904,0.7207
3905,0.5339
3906,0.5919
3907,1.2202
3908,0.6012
3909,0.5350
3910,0.7018
3911,0.6748
3912,0.5164
3913,0.5997
3914,0.7620
3915,0.6445
3916,0.8810
3917,0.5923
3918,0.6829
3919,0.6413
3920,0.5584
3921,0.7356
3922,0.5789
3923,0.6941
3924,0.6560
3925,0.7084
3926,0.6403
3927,1.2389
3928,0.5594
3929,0.6543
3930,0.6097
3931,0.5663
3932,0.8459
3933,0.3856
3934,0.6939
3935,0.5771
3936,0.7527
3937,0.8692
3938,0.7257
3939,0.7503
3940,0.8897
3941,0.7196
3942,0.7237
3943,0.6693
3944,0.7587
3945,0.4446
3946,0.6452
3947,0.9272
3948,0.7139
3949,0.7900
3950,0.5999
3951,0.6093
3952,0.6752
3953,0.5953
3954,0.7145
3955,0.5238
3956,0.6665
3957,0.9694
3958,0.6511
3959,0.8817
3960,0.7023
3961,0.5761
3962,0.6647
3963,0.6424
3964,0.5970
3965,0.5999
3966,0.7015
3967,0.9727
3968,0.6515
3969,0.6168
3970,0.5741
3971,0.8084
3972,0.4602
3973,0.6038
3974,0.7039
3975,0.6278
3976,0.6015
3977,0.5874
3978,1.0806
3979,0.7472
3980,0.6728
3981,0.4773
3982,0.6252
3983,0.6005
3984,0.6467
3985,0.8067
3986,0.5236
3987,0.7395
3988,0.9149
3989,1.2126
3990,0.3882
3991,0.7041
3992,0.6941
3993,0.5754
3994,0.5969
3995,0.6801
3996,0.5970
3997,0.6094
3998,1.0958
3999,0.6322
4000,0.6203
4001,1.1423
4002,0.1164
4003,0.5836
4004,0.6535
4005,0.6564
4006,0.6047
4007,0.5919
4008,0.9920
4009,0.7050
4010,0.7272
4011,0.6129
4012,0.8223
4013,0.4405
4014,0.6801
4015,0.8245
4016,0.3665
4017,0.6279
4018,1.0214
4019,0.6559
4020,0.6574
4021,0.7801
4022,0.6233
4023,0.5670
4024,0.6689
4025,0.6253
4026,0.6244
4027,0.6276
4028,0.8806
4029,0.8124
4030,0.7849
4031,0.6579
4032,0.6701
4033,0.5325
4034,0.6599
4035,0.7200
4036,0.5756
4037,0.6323
4038,0.9201
4039,0.7621
4040,0.5162
4041,0.6272
4042,0.6829
4043,0.5774
4044,0.5883
4045,0.6251
4046,0.8184
4047,0.5065
4048,0.7071
4049,1.0830
4050,0.8359
4051,0.8075
4052,0.6397
4053,0.7334
4054,0.6133
4055,0.5864
4056,0.5966
4057,0.6691
4058,1.1783
4059,0.4186
4060,0.7603
4061,0.7318
4062,0.5709
4063,0.5737
4064,0.5947
4065,0.6553
4066,0.6264
4067,0.6558
4068,1.0018
4069,0.6943
4070,0.5921
4071,0.6279
4072,0.5216
4073,0.6240
4074,0.7560
4075,0.5205
4076,0.8790
4077,0.4321
4078,0.5880
4079,1.0978
4080,0.6509
4081,0.7962
4082,0.4408
4083,0.6043
4084,0.7306
4085,0.5330
4086,0.5985
4087,0.6479
4088,0.6549
4089,0.9342
4090,0.7400
4091,0.6030
4092,0.5396
4093,0.8058
4094,0.4570
4095,0.7150
4096,0.6156
4097,0.6753
4098,0.6059
4099,0.5255
4100,1.1249
4101,0.7125
4102,0.5055
4103,0.7265
4104,0.5887
4105,0.6367
4106,0.6495
4107,0.6025
4108,1.4644
4109,0.1617
4110,0.9967
4111,0.6993
4112,0.6569
4113,0.5841
4114,0.6479
4115,0.7181
4116,0.5888
4117,0.7745
4118,0.4619
4119,0.6602
4120,0.9830
4121,0.8162
4122,0.5606
4123,0.5503
4124,0.7526
4125,0.5886
4126,0.6292
4127,0.6325
4128,0.9194
4129,0.6172
4130,0.6344
4131,0.7495
4132,0.5073
4133,0.5903
4134,0.6766
4135,0.6916
4136,0.5033
4137,0.6409
4138,0.7672
4139,0.5568
4140,0.9048
4141,0.6595
4142,0.5900
4143,0.6268
4144,0.6943
4145,0.6165
4146,0.5951
4147,0.6468
4148,0.6925
4149,0.5540
4150,0.6469
4151,1.4792
4152,0.1166
4153,1.0313
4154,0.6606
4155,0.6971
4156,0.4667
4157,0.6912
4158,0.5267
4159,0.6429
4160,0.6361
4161,0.9590
4162,0.6790
4163,0.7256
4164,0.5955
4165,0.6306
4166,0.5220
4167,0.7806
4168,0.4729
4169,0.8066
4170,0.5206
4171,0.7008
4172,1.1270
4173,0.8126
4174,0.7096
4175,0.6731
4176,0.7908
4177,0.5857
4178,0.7681
4179,0.4021
4180,0.6109
4181,0.9735
4182,0.7041
4183,0.5674
4184,0.6402
4185,0.6571
4186,0.5823
4187,0.7082
4188,0.5878
4189,0.7736
4190,0.5057
4191,0.6311
4192,0.8752
4193,0.7958
4194,0.5902
4195,0.5998
4196,0.6831
4197,1.2074
4198,0.1355
4199,45.5152
4200,1.0313
4201,1.2205
4202,0.1459
4203,1.4368
4204,0.1919
4205,0.4352
4206,1.4591
4207,0.1413
4208,0.7791
4209,1.7182
4210,0.1401
4211,0.6484
4212,0.5531
4213,0.7849
4214,0.4672
4215,0.9811
4216,0.7118
4217,0.9057
4218,1.1449
4219,0.2672
4220,1.9047
4221,0.2441
4222,0.3962
4223,0.5597
4224,0.6362
4225,0.9873
4226,0.6336
4227,0.7734
4228,0.6047
4229,0.6099
4230,0.8105
4231,0.5957
4232,0.4636
4233,0.8242
4234,0.6124
4235,0.6277
4236,0.9332
4237,0.6421
4238,0.5386
4239,0.5918
4240,0.6850
4241,0.6991
4242,0.6188
4243,0.7649
4244,0.6806
4245,0.5091
4246,0.8302
4247,0.7097
4248,0.6484
4249,0.5925
4250,0.6662
4251,0.7878
4252,0.6257
4253,0.6055
4254,0.6578
4255,0.6177
4256,0.7390
4257,0.8963
4258,0.6614
4259,0.5310
4260,0.6646
4261,0.6337
4262,0.8050
4263,0.3878
4264,0.6345
4265,0.6507
4266,0.8869
4267,1.1243
4268,0.1946
4269,0.6088
4270,0.6451
4271,0.6366
4272,0.6433
4273,0.6082
4274,0.6548
4275,0.7130
4276,0.5746
4277,1.0256
4278,0.6901
4279,0.7353
4280,0.7418
4281,0.7006
4282,0.9063
4283,0.8882
4284,0.6297
4285,0.5704
4286,0.9179
4287,0.7107
4288,0.5844
4289,1.2698
4290,0.3149
4291,0.5408
4292,0.5531
4293,0.5673
4294,4.4322
4295,0.2305
4296,0.5038
4297,0.5728
4298,0.8151
4299,0.6316
4300,0.9737
4301,1.1021
4302,0.2278
4303,0.7139
4304,0.5016
4305,0.7566
4306,0.4658
4307,0.7614
4308,0.9291
4309,0.2688
4310,0.8789
4311,0.4032
4312,0.6265
4313,0.5704
4314,0.9130
4315,0.5994
4316,0.7461
4317,0.5316
4318,0.7029
4319,0.5953
4320,0.6352
4321,1.3416
4322,0.2432
4323,0.4994
4324,0.8902
4325,0.9613
4326,0.6923
4327,0.5653
4328,0.8003
4329,0.6333
4330,0.6274
4331,1.9214
4332,0.2496
4333,0.6740
4334,0.4718
4335,2.7116
4336,0.4922
4337,3.8422
4338,0.3054
4339,0.4349
4340,1.3580
4341,0.3702
4342,0.4717
4343,1.9615
4344,0.2080
4345,1.1794
4346,0.2994
4347,0.4467
4348,0.7753
4349,0.5510
4350,0.5901
4351,0.7078
4352,0.7524
4353,0.3819
4354,0.7680
4355,0.5002
4356,0.8894
4357,0.8129
4358,0.5364
4359,0.6449
4360,0.6613
4361,0.5732
4362,0.6651
4363,0.4948
4364,0.6586
4365,0.9991
4366,0.6071
4367,0.9219
4368,0.6122
4369,0.7878
4370,0.4801
4371,0.6228
4372,0.6400
4373,0.6118
4374,0.6618
4375,1.2515
4376,0.5766
4377,0.6497
4378,0.8387
4379,0.8189
4380,0.8018
4381,0.6058
4382,0.6720
4383,0.6207
4384,0.4896
4385,0.5886
4386,0.6231
4387,0.9664
4388,0.6405
4389,1.0978
4390,0.6448
4391,0.6118
4392,1.7071
4393,0.2761
4394,0.1369
4395,0.6977
4396,0.4941
4397,0.9952
4398,0.5962
4399,0.6131
4400,0.6165
4401,0.6225
4402,0.7185
4403,0.5032
4404,0.8167
4405,0.9685
4406,1.0127
4407,0.3148
4408,0.8567
4409,0.6285
4410,0.6267
4411,0.6252
4412,0.5587
4413,0.7375
4414,1.2233
4415,0.3870
4416,0.6450
4417,0.5925
4418,0.6317
4419,0.6187
4420,0.7013
4421,0.5548
4422,0.6617
4423,0.6050
4424,0.6364
4425,0.8832
4426,0.7091
4427,0.5929
4428,0.6619
4429,0.6411
4430,0.6195
4431,0.6448
4432,0.6163
4433,0.7821
4434,0.5942
4435,0.5662
4436,1.0345
4437,1.2878
4438,0.5420
4439,0.7969
4440,0.5989
4441,0.6313
4442,0.7320
4443,0.5256
4444,0.6098
4445,0.8870
4446,0.7121
4447,0.6269
4448,0.6313
4449,0.6281
4450,0.6308
4451,0.6125
4452,0.6367
4453,0.6279
4454,0.6615
4455,0.9798
4456,0.7051
4457,0.7434
4458,0.7614
4459,0.7013
4460,0.6145
4461,0.6490
4462,0.7156
4463,0.5929
4464,0.5777
4465,0.9073
4466,0.6712
4467,0.6747
4468,0.7209
4469,0.5334
4470,0.6367
4471,0.6264
4472,0.6170
4473,0.6876
4474,0.7183
4475,0.5564
4476,0.9134
4477,0.7407
4478,0.5418
4479,0.5791
4480,0.6206
4481,0.6505
4482,0.5829
4483,0.8706
4484,0.4418
4485,1.1769
4486,0.4986
4487,0.7049
4488,0.9194
4489,0.6253
4490,0.6449
4491,0.6654
4492,0.5439
4493,1.0166
4494,0.6742
4495,0.4239
4496,0.7044
4497,1.1490
4498,0.7634
4499,0.7361
4500,0.4847
4501,0.6578
4502,1.1263
4503,0.3595
4504,0.6535
4505,0.4458
4506,0.5442
4507,0.7100
4508,0.9378
4509,0.9140
4510,0.8834
4511,0.4632
4512,0.5595
4513,0.6405
4514,0.6694
4515,0.5276
4516,0.6118
4517,1.1157
4518,0.7869
4519,0.4362
4520,0.6726
4521,0.5945
4522,0.6365
4523,0.7075
4524,0.6070
4525,0.3725
4526,0.6902
4527,0.9085
4528,0.6844
4529,1.0967
4530,0.5096
4531,0.5892
4532,0.6369
4533,0.8850
4534,0.4815
4535,0.5732
4536,0.6026
4537,0.6063
4538,1.2492
4539,0.5270
4540,0.8426
4541,0.4869
4542,0.5806
4543,0.6067
4544,0.9582
4545,0.2186
4546,1.5960
4547,0.8671
4548,0.5769
4549,0.8364
4550,1.4887
4551,0.1808
4552,0.1576
4553,0.6298
4554,0.6059
4555,1.4605
4556,0.5940
4557,1.0472
4558,0.6378
4559,0.5208
4560,0.6242
4561,0.6575
4562,0.5625
4563,0.7173
4564,1.0546
4565,0.7224
4566,0.7350
4567,0.8155
4568,0.5080
4569,0.5144
4570,0.5775
4571,0.5538
4572,0.9570
4573,0.2555
4574,0.5944
4575,1.1324
4576,0.6506
4577,1.0071
4578,0.4344
4579,0.5862
4580,0.6372
4581,0.6426
4582,0.6432
4583,0.6845
4584,0.5915
4585,0.6100
4586,0.6930
4587,0.9685
4588,0.7880
4589,0.4717
4590,0.5738
4591,0.5979
4592,0.6332
4593,0.9079
4594,0.4542
4595,0.6658
4596,0.8157
4597,0.1321
4598,0.6800
4599,0.9202
4600,0.6116
4601,0.7963
4602,0.5840
4603,0.6025
4604,0.5774
4605,0.6032
4606,1.5104
4607,0.4144
4608,0.8073
4609,1.0270
4610,0.5549
4611,0.7659
4612,0.5657
4613,0.6385
4614,0.3826
4615,0.7688
4616,0.8098
4617,0.8479
4618,0.6658
4619,0.6363
4620,0.6073
4621,0.6136
4622,0.6506
4623,0.7060
4624,0.5759
4625,0.8192
4626,1.0021
4627,0.6434
4628,0.7740
4629,0.8094
4630,0.7427
4631,0.7344
4632,0.5315
4633,0.5146
4634,0.8284
4635,0.6434
4636,1.0005
4637,0.5758
4638,0.9306
4639,1.2402
4640,0.1361
4641,0.1907
4642,0.6875
4643,0.5733
4644,0.7706
4645,0.5336
4646,0.6571
4647,1.3447
4648,0.4359
4649,0.6220
4650,0.6163
4651,0.5348
4652,0.6651
4653,0.8456
4654,0.6435
4655,0.2138
4656,0.7067
4657,0.9126
4658,0.6719
4659,0.6470
4660,0.6012
4661,0.6570
4662,0.6077
4663,0.7058
4664,0.4958
4665,0.6922
4666,0.9938
4667,0.9261
4668,0.7685
4669,0.8048
4670,0.6883
4671,0.5472
4672,0.6350
4673,0.7908
4674,0.4903
4675,0.6559
4676,0.6911
4677,0.6547
4678,0.6404
4679,0.9417
4680,0.9260
4681,0.6367
4682,0.6050
4683,0.7453
4684,0.5144
4685,0.6914
4686,0.8968
4687,0.4007
4688,0.6103
4689,0.7847
4690,0.7224
4691,0.6934
4692,0.7332
4693,0.4751
4694,0.6967
4695,0.7385
4696,0.5523
4697,0.8405
4698,0.9266
4699,1.0163
4700,0.5258
4701,0.8447
4702,0.5561
4703,0.4806
4704,0.5997
4705,0.6255
4706,0.8350
4707,0.8940
4708,1.0918
4709,0.1771
4710,0.6317
4711,0.5454
4712,0.7485
4713,0.7905
4714,0.5636
4715,0.7004
4716,0.6175
4717,0.5702
4718,0.6662
4719,0.9448
4720,0.6094
4721,0.5357
4722,0.7659
4723,0.5938
4724,0.6149
4725,0.5496
4726,0.7379
4727,0.7139
4728,1.2337
4729,0.7043
4730,1.0586
4731,0.2225
4732,0.5679
4733,0.7795
4734,0.5435
4735,0.8529
4736,0.9039
4737,0.6886
4738,0.7943
4739,0.5502
4740,0.7418
4741,0.5104
4742,0.7545
4743,0.6988
4744,0.4202
4745,0.7306
4746,0.6023
4747,0.6524
4748,0.7434
4749,0.9102
4750,0.8461
4751,0.7591
4752,0.7057
4753,0.8201
4754,0.2387
4755,0.7074
4756,0.8943
4757,0.8398
4758,0.4909
4759,0.6676
4760,0.5987
4761,0.6013
4762,0.6466
4763,0.6247
4764,0.6541
4765,0.7043
4766,0.7103
4767,0.9675
4768,0.6520
4769,0.8650
4770,0.9318
4771,0.6886
4772,0.5536
4773,0.6163
4774,0.6443
4775,0.5772
4776,1.9021
4777,0.2602
4778,0.1503
4779,0.6466
4780,0.5644
4781,0.6438
4782,0.6820
4783,0.5782
4784,0.6462
4785,0.6353
4786,1.1237
4787,0.6144
4788,0.7916
4789,0.8117
4790,0.6615
4791,0.6340
4792,0.6346
4793,0.7486
4794,0.4728
4795,0.7172
4796,0.9451
4797,0.6311
4798,1.2017
4799,0.5509
4800,0.4561
4801,0.6822
4802,0.6162
4803,0.7237
4804,0.4969
4805,0.6320
4806,0.9549
4807,0.6956
4808,0.5750
4809,0.5860
4810,0.9173
4811,0.5618
4812,0.6428
4813,0.7986
4814,0.4037
4815,0.8123
4816,0.5101
4817,0.6152
4818,0.6262
4819,1.0074
4820,0.9107
4821,1.0616
4822,0.2856
4823,0.6828
4824,0.5155
4825,0.6218
4826,1.3054
4827,0.5574
4828,0.7318
4829,0.7665
4830,0.5345
4831,0.5871
4832,0.5709
4833,0.4833
4834,0.7453
4835,0.5898
4836,1.3266
4837,0.6635
4838,0.8489
4839,1.0486
4840,0.5927
4841,0.8234
4842,0.5913
4843,0.5447
4844,1.3754
4845,0.2757
4846,0.2075
4847,0.8093
4848,0.5708
4849,0.6100
4850,0.6871
4851,0.6304
4852,0.5824
4853,0.8049
4854,0.5179
4855,0.5686
4856,1.2578
4857,0.6181
4858,0.7622
4859,0.5451
4860,0.4427
4861,0.7212
4862,0.6141
4863,0.6214
4864,0.5959
4865,0.8086
4866,0.9891
4867,0.6693
4868,0.9619
4869,0.5037
4870,0.7004
4871,0.6130
4872,0.6316
4873,0.8266
4874,0.6972
4875,0.6278
4876,0.3516
4877,0.7121
4878,0.9411
4879,0.5916
4880,0.6199
4881,0.5550
4882,0.7092
4883,0.5418
4884,0.6766
4885,0.6929
4886,0.9971
4887,0.6757
4888,0.6631
4889,0.6337
4890,0.5717
4891,0.5743
4892,0.5940
4893,0.7576
4894,0.5609
4895,0.6268
4896,0.9714
4897,0.7553
4898,0.8110
4899,0.8139
4900,0.7278
4901,0.7245
4902,0.6624
4903,0.6005
4904,0.6047
4905,0.6023
4906,0.9147
4907,0.7427
4908,0.7284
4909,0.5020
4910,0.6616
4911,0.6725
4912,0.5647
4913,0.6343
4914,0.7122
4915,0.9053
4916,0.3843
4917,1.3196
4918,0.4653
4919,1.1448
4920,0.3722
4921,0.3968
4922,0.6905
4923,0.5897
4924,0.6462
4925,0.6036
4926,0.9744
4927,0.6903
4928,0.4906
4929,0.6813
4930,0.6831
4931,0.6271
4932,0.6592
4933,0.5592
4934,0.7571
4935,0.5062
4936,0.6665
4937,1.1408
4938,0.6970
4939,0.6680
4940,0.4552
4941,0.5599
4942,0.7544
4943,0.5327
4944,0.7061
4945,0.6035
4946,0.6167
4947,0.9401
4948,0.7083
4949,0.5619
4950,0.6353
4951,0.6029
4952,0.6754
4953,0.6275
4954,0.5473
4955,0.8920
4956,0.4287
4957,0.7001
4958,0.9814
4959,0.8186
4960,0.7445
4961,0.7966
4962,0.6579
4963,0.5583
4964,0.6577
4965,0.7288
4966,0.5965
4967,0.5261
4968,1.1282
4969,0.6651
4970,0.5023
4971,0.7126
4972,0.5959
4973,0.6176
4974,0.6164
4975,0.7872
4976,0.5305
4977,0.5809
4978,0.9166
4979,0.6837
4980,0.7031
4981,0.6307
4982,0.8233
4983,0.4564
4984,0.5719
4985,0.7594
4986,0.4558
4987,0.7348
4988,1.0125
4989,0.6602
4990,0.6129
4991,0.5821
4992,0.6212
4993,0.6718
4994,0.5876
4995,0.6352
4996,0.7420
4997,0.6244
4998,0.5306
4999,0.9403
5000,0.6871
5001,0.6638
5002,0.7272
5003,0.5892
5004,0.5950
5005,1.1175
5006,0.4117
5007,0.3714
5008,0.7384
5009,0.8943
5010,0.7412
5011,0.7109
5012,0.6598
5013,0.6239
5014,0.5921
5015,0.6947
5016,0.5963
5017,0.6373
5018,0.6883
5019,0.8992
5020,0.6218
5021,0.8270
5022,0.8706
5023,0.7211
5024,0.7590
5025,0.6551
5026,0.6606
5027,0.6528
5028,0.6038
5029,0.9292
5030,0.6625
5031,0.5488
5032,0.6581
5033,0.6175
5034,0.6268
5035,0.6089
5036,0.6653
5037,0.6196
5038,0.6324
5039,0.9209
5040,0.7134
5041,0.9784
5042,0.5622
5043,0.6177
5044,0.6684
5045,0.6669
5046,0.6282
5047,0.5718
5048,0.6471
5049,0.8937
5050,0.7828
5051,0.8255
5052,0.4772
5053,0.6104
5054,0.6254
5055,0.6070
5056,0.6064
5057,0.6404
5058,0.6537
5059,1.0486
5060,0.7028
5061,0.6627
5062,0.5550
5063,0.6438
5064,0.6601
5065,0.5770
5066,0.5993
5067,0.7363
5068,0.6046
5069,0.9689
5070,0.7043
5071,0.5819
5072,0.6090
5073,1.2245
5074,0.3604
5075,0.3148
5076,0.6108
5077,0.8065
5078,0.5322
5079,0.5573
5080,0.9638
5081,0.6710
5082,0.7817
5083,0.8473
5084,0.7001
5085,0.7140
5086,0.7543
5087,0.5529
5088,0.6759
5089,0.8903
5090,0.7294
5091,0.9338
5092,0.6079
5093,0.6319
5094,0.5429
5095,0.7907
5096,0.5531
5097,0.5970
5098,0.9901
5099,0.7907
5100,0.4865
5101,0.7268
5102,0.5069
5103,0.6958
5104,0.5896
5105,0.6428
5106,0.5852
5107,0.8668
5108,0.4327
5109,0.6510
5110,1.0476
5111,0.7684
5112,0.6282
5113,0.5952
5114,0.5193
5115,0.6295
5116,0.6636
5117,0.5920
5118,0.6710
5119,0.7185
5120,0.8842
5121,0.7347
5122,0.6040
5123,0.5477
5124,0.6911
5125,0.7459
5126,0.4177
5127,0.6996
5128,0.5863
5129,0.6444
5130,1.0836
5131,0.7566
5132,0.8983
5133,0.7227
5134,0.7336
5135,0.6418
5136,0.6460
5137,0.7688
5138,0.5618
5139,0.6392
5140,0.9211
5141,1.0746
5142,0.1510
5143,0.7389
5144,0.5290
5145,0.6642
5146,0.5422
5147,0.7186
5148,0.5801
5149,0.6775
5150,0.8714
5151,0.7258
5152,0.8951
5153,0.4641
5154,0.5983
5155,0.6966
5156,0.5730
5157,0.6533
5158,0.6536
5159,0.6653
5160,0.9120
5161,0.7378
5162,0.8968
5163,0.7264
5164,0.5067
5165,0.6913
5166,0.6173
5167,0.6150
5168,0.6425
5169,0.6475
5170,0.8700
5171,0.7243
5172,0.6121
5173,0.6051
5174,0.5798
5175,0.6821
5176,0.5442
5177,0.7239
5178,0.7562
5179,0.4607
5180,0.6420
5181,1.0239
5182,0.7577
5183,0.5381
5184,0.5800
5185,0.8027
5186,0.4886
5187,0.6811
5188,0.6781
5189,0.4983
5190,0.6523
5191,0.9724
5192,0.6424
5193,0.8396
5194,0.7352
5195,0.6274
5196,0.9599
5197,0.7349
5198,0.6610
5199,0.6287
5200,0.6255
5201,0.9407
5202,0.7151
5203,0.6225
5204,0.5469
5205,0.6486
5206,0.6769
5207,1.1234
5208,0.1658
5209,0.5822
5210,0.7452
5211,0.8436
5212,0.7565
5213,0.8822
5214,0.5738
5215,0.6191
5216,0.7199
5217,0.5422
5218,0.8391
5219,0.4396
5220,0.6551
5221,0.9495
5222,0.6705
5223,0.6741
5224,0.6022
5225,0.7218
5226,0.4776
5227,0.6015
5228,0.6706
5229,0.6161
5230,0.6496
5231,0.5843
5232,1.1584
5233,0.6211
5234,0.6139
5235,0.6952
5236,1.1984
5237,0.0981
5238,0.6090
5239,0.7256
5240,0.8606
5241,0.6834
5242,0.7016
5243,0.7343
5244,0.6475
5245,0.6824
5246,0.5795
5247,0.6705
5248,0.5862
5249,0.6810
5250,0.7433
5251,0.5562
5252,1.2507
5253,0.7134
5254,0.7633
5255,0.8135
5256,0.5024
5257,0.6778
5258,0.6554
5259,0.5443
5260,0.6371
5261,0.9043
5262,0.7629
5263,0.8370
5264,0.5352
5265,0.6773
5266,0.6305
5267,0.5850
5268,0.7094
5269,0.5724
5270,0.6306
5271,0.8872
5272,0.6955
5273,0.6152
5274,0.5916
5275,0.6576
5276,0.7310
5277,0.5308
5278,0.6217
5279,0.7219
5280,0.5476
5281,0.6347
5282,1.0360
5283,0.7352
5284,0.5039
5285,0.7228
5286,0.6213
5287,0.5642
5288,0.6961
5289,0.5748
5290,0.6284
5291,0.6355
5292,0.9470
5293,0.6693
5294,0.5813
5295,0.6807
5296,0.6395
5297,0.6460
5298,0.6253
5299,0.5526
5300,0.7399
5301,0.5599
5302,1.4722
5303,0.2190
5304,0.7366
5305,0.6791
5306,0.8784
5307,0.5662
5308,0.6194
5309,1.4737
5310,0.5725
5311,0.3885
5312,0.2673
5313,1.8043
5314,0.3061
5315,0.4998
5316,0.6400
5317,0.6233
5318,0.6396
5319,0.6511
5320,0.5641
5321,0.9538
5322,0.6281
5323,0.3629
5324,1.0264
5325,0.5633
5326,0.6739
5327,0.5093
5328,0.6348
5329,0.6192
5330,0.8129
5331,0.4700
5332,0.7787
5333,1.0906
5334,0.7215
5335,0.6218
5336,0.7734
5337,0.5523
5338,0.4883
5339,0.8358
5340,0.6726
5341,0.5699
5342,0.5517
5343,0.7169
5344,0.8709
5345,0.7877
5346,0.6116
5347,0.6180
5348,0.7021
5349,0.5796
5350,0.6731
5351,0.5480
5352,0.6575
5353,1.1094
5354,0.7162
5355,0.4917
5356,0.7383
5357,0.7354
5358,0.4557
5359,0.7047
5360,0.7382
5361,0.4277
5362,0.6970
5363,0.9780
5364,0.7176
5365,0.7880
5366,0.7241
5367,1.0588
5368,0.6082
5369,0.7068
5370,0.5960
5371,0.6920
5372,0.9285
5373,0.6867
5374,1.0238
5375,0.5066
5376,0.7224
5377,0.5033
5378,0.7463
5379,0.7686
5380,0.5213
5381,0.6244
5382,0.8849
5383,0.7952
5384,0.4773
5385,0.8361
5386,0.5554
5387,0.5298
5388,0.6035
5389,0.7804
5390,0.6584
5391,0.4994
5392,0.6424
5393,0.8931
5394,0.8703
5395,0.6066
5396,0.5712
5397,0.8165
5398,0.4379
5399,0.6982
5400,0.8480
5401,0.4429
5402,0.7053
5403,1.0806
5404,0.6510
5405,0.5914
5406,0.5657
5407,0.6775
5408,0.5922
5409,0.6602
5410,0.5832
5411,0.7709
5412,0.5069
5413,0.5611
5414,1.0603
5415,0.6596
5416,0.8342
5417,0.4304
5418,0.6444
5419,0.5541
5420,0.6714
5421,0.6193
5422,0.7385
5423,1.0146
5424,0.7398
5425,1.1529
5426,0.6613
5427,0.6181
5428,0.7235
5429,0.6187
5430,0.6940
5431,0.5502
5432,0.5469
5433,1.1372
5434,0.5567
5435,0.6844
5436,0.6308
5437,0.6188
5438,0.5651
5439,0.7064
5440,0.5702
5441,0.6519
5442,0.6592
5443,1.0837
5444,0.5363
5445,0.6779
5446,0.6466
5447,0.5607
5448,0.6952
5449,0.5250
5450,0.7137
5451,0.7168
5452,0.5147
5453,0.7868
5454,0.8438
5455,0.9225
5456,0.6863
5457,0.8499
5458,0.5761
5459,0.5795
5460,0.8133
5461,0.4503
5462,0.6333
5463,0.9333
5464,0.8709
5465,0.6289
5466,0.6789
5467,0.7586
5468,0.4976
5469,0.6466
5470,0.6059
5471,0.5953
5472,0.6919
5473,1.4656
5474,0.5574
5475,0.5290
5476,0.6254
5477,0.5934
5478,0.9596
5479,0.3849
5480,0.4765
5481,0.6403
5482,0.7158
5483,1.0866
5484,0.6839
5485,0.8843
5486,0.7524
5487,0.6099
5488,0.7213
5489,0.6116
5490,0.7949
5491,0.4134
5492,0.5885
5493,1.1429
5494,0.7224
5495,0.5776
5496,0.6468
5497,0.5855
5498,0.6329
5499,1.0375
5500,0.8980
5501,0.3110
5502,0.9619
5503,0.7389
5504,0.5672
5505,0.6098
5506,0.6165
5507,0.5882
5508,0.6764
5509,0.6735
5510,0.5651
5511,0.6358
5512,0.6532
5513,0.9471
5514,0.7527
5515,0.6333
5516,0.6714
5517,0.6789
5518,0.6019
5519,0.6656
5520,0.6921
5521,0.6046
5522,0.7146
5523,1.2197
5524,0.4548
5525,1.4279
5526,0.3704
5527,0.6441
5528,0.8407
5529,0.9309
5530,0.7359
5531,0.2003
5532,0.6656
5533,1.0097
5534,0.6333
5535,0.5804
5536,0.6560
5537,0.5973
5538,0.6736
5539,0.5924
5540,0.6058
5541,0.6677
5542,1.1012
5543,0.6519
5544,1.3075
5545,0.7048
5546,1.0247
5547,0.5968
5548,0.6895
5549,0.4499
5550,0.7975
5551,0.8103
5552,0.7886
5553,0.7410
5554,0.5505
5555,0.5954
5556,0.7861
5557,0.5492
5558,1.1290
5559,0.1451
5560,0.5241
5561,0.6703
5562,0.9868
5563,0.6897
5564,0.5652
5565,0.7204
5566,0.7050
5567,0.7313
5568,0.4237
5569,0.6403
5570,1.0224
5571,0.4704
5572,1.1570
5573,0.7082
5574,0.4528
5575,0.6363
5576,0.8373
5577,0.7788
5578,0.6813
5579,0.4841
5580,0.6905
5581,0.9625
5582,0.7424
5583,0.5048
5584,0.6863
5585,0.5796
5586,0.6621
5587,0.6909
5588,0.6702
5589,0.6397
5590,0.6121
5591,0.7235
5592,0.9105
5593,0.6543
5594,0.8368
5595,0.7079
5596,0.7557
5597,0.8986
5598,0.7909
5599,0.6102
5600,0.8649
5601,0.9649
5602,0.6941
5603,0.8335
5604,0.7280
5605,0.6706
5606,0.5932
5607,0.7029
5608,0.7212
5609,0.5465
5610,1.1657
5611,0.5724
5612,0.8089
5613,0.7338
5614,0.5829
5615,0.8628
5616,0.7379
5617,0.5108
5618,0.6615
5619,0.6068
5620,1.0137
5621,0.6740
5622,0.7429
5623,0.6826
5624,0.6407
5625,0.6100
5626,0.6291
5627,0.6170
5628,0.6337
5629,0.5682
5630,0.9971
5631,1.4051
5632,0.3225
5633,0.3380
5634,0.6243
5635,0.8067
5636,0.5015
5637,0.7028
5638,0.5035
5639,0.5947
5640,1.1045
5641,0.6341
5642,1.0576
5643,0.5895
5644,0.9073
5645,0.5172
5646,0.6731
5647,0.6084
5648,0.7591
5649,0.9053
5650,0.6530
5651,0.8937
5652,0.8170
5653,0.9876
5654,0.5141
5655,0.6160
5656,0.7250
5657,0.6000
5658,0.6093
5659,1.0665
5660,0.6840
5661,0.6278
5662,0.6548
5663,0.7942
5664,0.6822
5665,0.5935
5666,0.6144
5667,0.7078
5668,0.5840
5669,1.1292
5670,0.5017
5671,0.7811
5672,0.6467
5673,0.5955
5674,0.9815
5675,0.3241
5676,0.7860
5677,0.6650
5678,0.7329
5679,0.8753
5680,0.6887
5681,0.8445
5682,0.6371
5683,0.5485
5684,0.6855
5685,0.6009
5686,0.7002
5687,0.5382
5688,0.6873
5689,1.2208
5690,0.6593
5691,0.8844
5692,0.5438
5693,0.6602
5694,0.7603
5695,0.8117
5696,0.6852
5697,0.5109
5698,0.6233
5699,1.0850
5700,0.6207
5701,0.7201
5702,0.5296
5703,0.6826
5704,0.6865
5705,0.7171
5706,0.6371
5707,0.6636
5708,0.9388
5709,1.1147
5710,0.6418
5711,0.9356
5712,0.6849
5713,0.7306
5714,0.9252
5715,0.4334
5716,0.5265
5717,1.2685
5718,0.4695
5719,1.0643
5720,0.3605
5721,0.6739
5722,0.6113
5723,0.5694
5724,0.6332
5725,0.6562
5726,0.6036
5727,0.9474
5728,0.8300
5729,0.9076
5730,0.5207
5731,0.6125
5732,0.9138
5733,0.8444
5734,0.4660
5735,0.6055
5736,1.0064
5737,0.6402
5738,0.8461
5739,0.6444
5740,0.6433
5741,0.5984
5742,0.6841
5743,0.5943
5744,0.5789
5745,0.6433
5746,0.9751
5747,0.7796
5748,0.5660
5749,0.6357
5750,0.6553
5751,0.6289
5752,0.5484
5753,0.7152
5754,0.5719
5755,0.6066
5756,1.1546
5757,0.6795
5758,0.8946
5759,0.5486
5760,0.7853
5761,0.7510
5762,0.6616
5763,0.5599
5764,0.6522
5765,1.1109
5766,0.7092
5767,0.8932
5768,0.6891
5769,0.7878
5770,0.6233
5771,0.6545
5772,0.5072
5773,0.6571
5774,0.6330
5775,1.0320
5776,0.6481
5777,0.9323
5778,0.6396
5779,0.6006
5780,0.8939
5781,0.7350
5782,0.8675
5783,0.3723
5784,0.5948
5785,0.9792
5786,0.6671
5787,1.1807
5788,0.3871
5789,0.8805
5790,0.4463
5791,0.7111
5792,0.7093
5793,0.5213
5794,0.5860
5795,0.9990
5796,0.7150
5797,0.6317
5798,0.6274
5799,0.5832
5800,0.6950
5801,0.5664
5802,0.7068
5803,0.8396
5804,0.9686
5805,0.8350
5806,0.6272
5807,0.7972
5808,0.6876
5809,0.6335
5810,0.5080
5811,0.6116
5812,0.6758
5813,0.6497
5814,1.1957
5815,0.7350
5816,0.7631
5817,0.6557
5818,0.6572
5819,0.5134
5820,0.6633
5821,0.6590
5822,0.5864
5823,0.6435
5824,1.1361
5825,0.7055
5826,0.8328
5827,0.6821
5828,0.5574
5829,0.6760
5830,0.5927
5831,0.8958
5832,0.3232
5833,0.6412
5834,1.0220
5835,0.7511
5836,0.6979
5837,0.6990
5838,0.6582
5839,0.4714
5840,0.6836
5841,0.6158
5842,0.6123
5843,0.6799
5844,1.1032
5845,0.7085
5846,0.6458
5847,0.5029
5848,1.3322
5849,0.1942
5850,0.6513
5851,0.8148
5852,0.7342
5853,0.6228
5854,0.9767
5855,0.7426
5856,0.8159
5857,0.6711
5858,0.5880
5859,0.6750
5860,0.5651
5861,0.6942
5862,0.5921
5863,0.5755
5864,0.9825
5865,0.6329
5866,0.7096
5867,0.6315
5868,0.6321
5869,0.6151
5870,0.5437
5871,0.9644
5872,0.5533
5873,0.6796
5874,0.3677
5875,1.1522
5876,0.8209
5877,0.7821
5878,0.6624
5879,0.8897
5880,0.9334
5881,0.5051
5882,0.6098
5883,1.0025
5884,0.7938
5885,0.6697
5886,0.6034
5887,0.8012
5888,0.4883
5889,0.7026
5890,0.7433
5891,0.4771
5892,0.6414
5893,1.2319
5894,0.6657
5895,0.5247
5896,0.7971
5897,0.7292
5898,0.8628
5899,0.7108
5900,0.5153
5901,0.6815
5902,1.0451
5903,0.5275
5904,0.8831
5905,0.6104
5906,0.6419
5907,0.5698
5908,0.6382
5909,0.6096
5910,0.7002
5911,0.6733
5912,0.5868
5913,0.9587
5914,0.7084
5915,0.6451
5916,0.7848
5917,0.4752
5918,0.6414
5919,0.5574
5920,0.9463
5921,0.5654
5922,0.6400
5923,1.1338
5924,0.6616
5925,0.5741
5926,0.7496
5927,0.5932
5928,0.6026
5929,0.6320
5930,0.7229
5931,0.7323
5932,0.3991
5933,1.1112
5934,0.8754
5935,0.8132
5936,0.9329
5937,0.5168
5938,0.4790
5939,0.9590
5940,0.6545
5941,0.4823
5942,0.6702
5943,1.0420
5944,0.8690
5945,0.7136
5946,0.5528
5947,0.7461
5948,0.5336
5949,0.8595
5950,0.7229
5951,0.5676
5952,0.9821
5953,0.7974
5954,0.6885
5955,0.5702
5956,0.7086
5957,0.5477
5958,1.2234
5959,0.1445
5960,0.5775
5961,1.0993
5962,0.7274
5963,0.6579
5964,0.5445
5965,0.5819
5966,0.6898
5967,0.8070
5968,0.7018
5969,0.6055
5970,0.6836
5971,0.9540
5972,0.7271
5973,0.7992
5974,0.5051
5975,0.6566
5976,0.7015
5977,0.6108
5978,0.6391
5979,0.5534
5980,1.2411
5981,0.4559
5982,0.6197
5983,0.9170
5984,0.6593
5985,0.6011
5986,0.6323
5987,0.5428
5988,0.7837
5989,0.5128
5990,0.6461
5991,1.0588
5992,0.7324
5993,1.1038
5994,0.8519
5995,0.7547
5996,0.7314
5997,0.5519
5998,0.6552
5999,1.1083
6000,0.7473
6001,0.7261
6002,0.4517
6003,0.7074
6004,0.6028
6005,0.6216
6006,0.5606
6007,0.6178
6008,0.7068
6009,0.5858
6010,1.1166
6011,0.8342
6012,0.4444
6013,0.6319
6014,0.8198
6015,0.7534
6016,0.6351
6017,0.5782
6018,0.8458
6019,0.6931
6020,0.9551
6021,0.6796
6022,0.5838
6023,0.6079
6024,0.7445
6025,0.5457
6026,0.6149
6027,1.0344
6028,0.2781
6029,0.6023
6030,0.6330
6031,1.0055
6032,0.6182
6033,0.6531
6034,0.6072
6035,0.7331
6036,0.6628
6037,0.7248
6038,0.6430
6039,0.7120
6040,0.8992
6041,0.7263
6042,0.9397
6043,0.7253
6044,0.7060
6045,0.9561
6046,0.7941
6047,0.5193
6048,1.1023
6049,0.7732
6050,0.5316
6051,0.7885
6052,0.5125
6053,0.7897
6054,0.4090
6055,0.6257
6056,0.6950
6057,0.6026
6058,0.6797
6059,0.9732
6060,0.7044
6061,0.9022
6062,0.8557
6063,0.6646
6064,0.6048
6065,0.6009
6066,0.8456
6067,0.4815
6068,1.2568
6069,0.4673
6070,0.5410
6071,0.8235
6072,0.6676
6073,0.7194
6074,0.5851
6075,0.5828
6076,0.8246
6077,0.5517
6078,0.5889
6079,0.5094
6080,1.2938
6081,0.5193
6082,0.6365
6083,0.8469
6084,0.7404
6085,0.5074
6086,0.7383
6087,0.5896
6088,0.9709
6089,0.7418
6090,0.6826
6091,0.4900
6092,0.6811
6093,0.8169
6094,0.6799
6095,0.5570
6096,0.7596
6097,0.5237
6098,0.6153
6099,1.0644
6100,0.8971
6101,0.6448
6102,0.7665
6103,0.7986
6104,0.6619
6105,0.4405
6106,0.6864
6107,0.8742
6108,0.6534
6109,1.0742
6110,0.8783
6111,1.0086
6112,0.2834
6113,0.7316
6114,0.5152
6115,0.7305
6116,0.5240
6117,0.7028
6118,0.8884
6119,0.6522
6120,0.6793
6121,0.5963
6122,0.5507
6123,0.7897
6124,0.5402
6125,0.6686
6126,0.5901
6127,0.6584
6128,1.0663
6129,0.6373
6130,0.7924
6131,0.8559
6132,0.7487
6133,0.5449
6134,0.6127
6135,0.8676
6136,0.7061
6137,0.9070
6138,0.7841
6139,0.8031
6140,0.5475
6141,0.6503
6142,0.5604
6143,0.6417
6144,0.6028
6145,0.6617
6146,0.6097
6147,0.6450
6148,1.0951
6149,0.5590
6150,0.9083
6151,0.6121
6152,0.5437
6153,0.6007
6154,0.8554
6155,0.6445
6156,0.7256
6157,1.0479
6158,0.6724
6159,0.8885
6160,0.8104
6161,0.7031
6162,0.7965
6163,0.7499
6164,0.6387
6165,0.6667
6166,0.9429
6167,0.7027
6168,0.8945
6169,0.4982
6170,0.7181
6171,0.5406
6172,0.6115
6173,0.5900
6174,0.6762
6175,0.7279
6176,1.0129
6177,1.1286
6178,0.3863
6179,0.6815
6180,0.5691
6181,0.7239
6182,0.5347
6183,0.6411
6184,0.6078
6185,0.7101
6186,0.9667
6187,0.6417
6188,0.7125
6189,0.5775
6190,0.6551
6191,0.5215
6192,0.6198
6193,0.6723
6194,0.7147
6195,0.6261
6196,1.0314
6197,0.6927
6198,0.5842
6199,0.6144
6200,0.7260
6201,0.9810
6202,0.4538
6203,0.7281
6204,0.7376
6205,0.6861
6206,0.9651
6207,0.7980
6208,0.6336
6209,0.6317
6210,0.7346
6211,0.5047
6212,1.0385
6213,0.2296
6214,0.6831
6215,0.6128
6216,0.9508
6217,0.7704
6218,0.8759
6219,0.8132
6220,0.7296
6221,0.6867
6222,0.6309
6223,1.0685
6224,0.5526
6225,0.6636
6226,0.8443
6227,0.9337
6228,0.7516
6229,0.8439
6230,0.5858
6231,0.6733
6232,0.6832
6233,0.5442
6234,0.6040
6235,0.9604
6236,0.7419
6237,0.7426
6238,0.4369
6239,0.6143
6240,0.5888
6241,0.7666
6242,0.5207
6243,0.6546
6244,0.6318
6245,1.2359
6246,0.7024
6247,0.8354
6248,0.7787
6249,0.7223
6250,0.6231
6251,0.6199
6252,0.5512
6253,0.9011
6254,0.6584
6255,0.9645
6256,0.6210
6257,0.6684
6258,0.5317
6259,0.6633
6260,0.6803
6261,0.7011
6262,0.5409
6263,0.5803
6264,1.0999
6265,0.7046
6266,1.3465
6267,0.5137
6268,0.4621
6269,0.7894
6270,0.4639
6271,0.7089
6272,0.7957
6273,0.6447
6274,1.0352
6275,0.8039
6276,0.5483
6277,0.5488
6278,0.6844
6279,0.6821
6280,0.6686
6281,0.4990
6282,0.6409
6283,0.6777
6284,0.9747
6285,0.6964
6286,0.8167
6287,0.5440
6288,0.8353
6289,0.4102
6290,0.8305
6291,0.7578
6292,0.7052
6293,0.8613
6294,0.7662
6295,0.9236
6296,0.8435
6297,0.6615
6298,0.6344
6299,0.6134
6300,0.5913
6301,0.6848
6302,0.6237
6303,1.0653
6304,0.6071
6305,0.7603
6306,0.5132
6307,0.5802
6308,0.6640
6309,0.6535
6310,0.7343
6311,0.6865
6312,0.7071
6313,0.6489
6314,1.1306
6315,0.6797
6316,0.5507
6317,0.5844
6318,0.6528
6319,0.8203
6320,0.8830
6321,0.4189
6322,0.7476
6323,1.1040
6324,0.7677
6325,0.7582
6326,0.8094
6327,0.5851
6328,0.6540
6329,0.6175
6330,0.6537
6331,0.5956
6332,1.0925
6333,0.6620
6334,0.5344
6335,0.8447
6336,0.6794
6337,0.5376
6338,0.6522
6339,0.6643
6340,0.7035
6341,0.5430
6342,0.6738
6343,1.1672
6344,1.0315
6345,0.6270
6346,0.7864
6347,0.5598
6348,0.5919
6349,0.8437
6350,0.4512
6351,0.6381
6352,0.9891
6353,0.6738
6354,0.5845
6355,1.2736
6356,0.2551
6357,0.7330
6358,0.6571
6359,0.6497
6360,0.4921
6361,0.6767
6362,1.0462
6363,0.7782
6364,0.5544
6365,0.6311
6366,0.8418
6367,0.6825
6368,0.5687
6369,0.8455
6370,0.4458
6371,0.6390
6372,0.9838
6373,0.6322
6374,0.7352
6375,0.6075
6376,0.7197
6377,0.4728
6378,0.9281
6379,0.8424
6380,0.3581
6381,0.6443
6382,0.9762
6383,0.7770
6384,0.7718
6385,0.7610
6386,0.8439
6387,0.8224
6388,0.7296
6389,0.8685
6390,0.4869
6391,1.1944
6392,0.7372
6393,0.6937
6394,0.7303
6395,0.5904
6396,0.6477
6397,0.7988
6398,0.4875
6399,0.6185
6400,0.9198
6401,0.7733
6402,0.7701
6403,0.5620
6404,0.6496
6405,0.5901
6406,0.6745
6407,0.5843
6408,0.6668
6409,0.6686
6410,1.0580
6411,0.7429
6412,0.8123
6413,0.6961
6414,0.5303
6415,0.7341
6416,0.5225
6417,0.6103
6418,0.6641
6419,0.6834
6420,1.0447
6421,0.6160
6422,0.5790
6423,0.8283
6424,0.6997
6425,0.6767
6426,0.6106
6427,0.5634
6428,0.6417
6429,0.6244
6430,0.9830
6431,0.8169
6432,0.8361
6433,0.6485
6434,0.9509
6435,0.6006
6436,0.5428
6437,0.8926
6438,0.3960
6439,0.7227
6440,0.9653
6441,0.9517
6442,0.6078
6443,0.7885
6444,0.7777
6445,0.7826
6446,0.6852
6447,0.4780
6448,0.8252
6449,0.7721
6450,0.7047
6451,0.7863
6452,0.6411
6453,0.5739
6454,0.6861
6455,0.6279
6456,0.6443
6457,0.5852
6458,1.1060
6459,0.6940
6460,1.0521
6461,0.5771
6462,0.8288
6463,0.7194
6464,0.5650
6465,0.6951
6466,0.5314
6467,0.7232
6468,0.9437
6469,0.7703
6470,0.7332
6471,0.5096
6472,0.7221
6473,0.5647
6474,0.6460
6475,0.5758
6476,0.6808
6477,0.7126
6478,1.0241
6479,0.7721
6480,0.5229
6481,0.8896
6482,0.6092
6483,0.6890
6484,0.7231
6485,0.4962
6486,0.5662
6487,0.8941
6488,0.8195
6489,0.7389
6490,0.7886
6491,0.6674
6492,0.5022
6493,0.7142
6494,0.5698
6495,0.6770
6496,0.5632
6497,0.6499
6498,1.1389
6499,0.5833
6500,0.9996
6501,0.6914
6502,0.6389
6503,0.6819
6504,0.8317
6505,0.7454
6506,0.5307
6507,0.6612
6508,1.3347
6509,0.4945
6510,0.8049
6511,0.6904
6512,0.8077
6513,0.5327
6514,0.6344
6515,0.5771
6516,0.7238
6517,0.5855
6518,0.9775
6519,0.6821
6520,0.5797
6521,1.1592
6522,0.2292
6523,0.4664
6524,0.7280
6525,0.6047
6526,0.6785
6527,0.9366
6528,0.6814
6529,1.0382
6530,0.7968
6531,0.6397
6532,0.5903
6533,0.6112
6534,0.9245
6535,0.3641
6536,0.6761
6537,0.9737
6538,0.7591
6539,0.5120
6540,0.7073
6541,0.6283
6542,0.5060
6543,0.7450
6544,0.5030
6545,0.6656
6546,0.6847
6547,1.0348
6548,0.8138
6549,0.5515
6550,0.5589
6551,0.6757
6552,0.7891
6553,0.7541
6554,0.5953
6555,0.7309
6556,0.7457
6557,0.9640
6558,0.7838
6559,0.7146
6560,0.7561
6561,0.8754
6562,0.7857
6563,0.8796
6564,0.3978
6565,0.7365
6566,0.9064
6567,0.7537
6568,0.8545
6569,0.5033
6570,0.6860
6571,0.6487
6572,0.5701
6573,1.2557
6574,0.7774
6575,0.2971
6576,0.1416
6577,1.3098
6578,0.7321
6579,0.6623
6580,0.8703
6581,0.5529
6582,0.8678
6583,0.6247
6584,0.7158
6585,0.9261
6586,0.6790
6587,0.6902
6588,0.6166
6589,0.6247
6590,0.6202
6591,0.5147
6592,0.7423
6593,0.6979
6594,0.5203
6595,0.8000
6596,0.9748
6597,0.6265
6598,0.6201
6599,0.8609
6600,0.7654
6601,0.5659
6602,0.5887
6603,0.6411
6604,0.6173
6605,1.0868
6606,0.6931
6607,0.9122
6608,0.7286
6609,0.7522
6610,0.5494
6611,0.5718
6612,0.9175
6613,0.3777
6614,0.6519
6615,1.0522
6616,0.6451
6617,1.0012
6618,0.4611
6619,0.5606
6620,0.8692
6621,0.6422
6622,0.7475
6623,0.7378
6624,0.6836
6625,1.0909
6626,0.6953
6627,0.5177
6628,0.6947
6629,0.6637
6630,0.5617
6631,0.7090
6632,0.6587
6633,0.5690
6634,0.5722
6635,1.1407
6636,0.6049
6637,0.5039
6638,0.7403
6639,0.5880
6640,0.5976
6641,0.8896
6642,0.6703
6643,1.0933
6644,0.4596
6645,0.7001
6646,1.0200
6647,0.7536
6648,0.6827
6649,0.8358
6650,0.6656
6651,0.7956
6652,0.4235
6653,0.6794
6654,0.9638
6655,0.6493
6656,0.7704
6657,0.6244
6658,0.7357
6659,0.5014
6660,0.7814
6661,0.6849
6662,0.6523
6663,0.4436
6664,1.1156
6665,0.6611
6666,0.7568
6667,0.9720
6668,0.7292
6669,0.8636
6670,0.7999
6671,0.5859
6672,0.5933
6673,1.0650
6674,0.5256
6675,0.5927
6676,0.6569
6677,0.6431
6678,0.5926
6679,0.6802
6680,0.6944
6681,0.5421
6682,0.6528
6683,1.3637
6684,0.4782
6685,0.4539
6686,0.8435
6687,0.8710
6688,0.5025
6689,0.5383
6690,0.6750
6691,0.6625
6692,0.6007
6693,1.0881
6694,0.7459
6695,0.9451
6696,0.5537
6697,0.7635
6698,0.8038
6699,0.6158
6700,0.5469
6701,0.7346
6702,0.8999
6703,0.7651
6704,0.7594
6705,0.3995
6706,0.5985
6707,0.6533
6708,0.7128
6709,0.7045
6710,0.5916
6711,0.4959
6712,0.6739
6713,1.1211
6714,0.7089
6715,0.6582
6716,0.5611
6717,0.6215
6718,0.6759
6719,0.8046
6720,0.8480
6721,0.4203
6722,0.6991
6723,1.1218
6724,0.8036
6725,0.7879
6726,1.1052
6727,0.4227
6728,0.7337
6729,0.7360
6730,0.6391
6731,0.5569
6732,1.0230
6733,0.7526
6734,0.7453
6735,0.6283
6736,0.5961
6737,0.6042
6738,0.6081
6739,0.7753
6740,0.5942
6741,0.5458
6742,0.6493
6743,1.1718
6744,0.6135
6745,0.5240
6746,0.6717
6747,0.5841
6748,0.7373
6749,0.5583
6750,0.6621
6751,0.5910
6752,0.9860
6753,0.7291
6754,0.6540
6755,0.5453
6756,0.6381
6757,0.5921
6758,0.6574
6759,0.6346
6760,0.6553
6761,0.6369
6762,1.1149
6763,0.7408
6764,0.6159
6765,0.6001
6766,0.5547
6767,0.5897
6768,0.7238
6769,0.5540
6770,0.7266
6771,0.6008
6772,0.7312
6773,0.8705
6774,0.7296
6775,0.5170
6776,0.6698
6777,0.6393
6778,0.6637
6779,0.6184
6780,0.5563
6781,0.6765
6782,0.6002
6783,1.0038
6784,0.6837
6785,0.8500
6786,0.7908
6787,0.8207
6788,1.1812
6789,0.1215
6790,0.5753
6791,0.7109
6792,1.0557
6793,0.6837
6794,0.6045
6795,0.7920
6796,0.4163
6797,0.7149
6798,0.6444
6799,0.6089
6800,0.6707
6801,0.5535
6802,0.6045
6803,0.9662
6804,1.2955
6805,0.1749
6806,0.6058
6807,1.0099
6808,0.6276
6809,0.6785
6810,0.5796
6811,0.7284
6812,0.9016
6813,0.6902
6814,0.7256
6815,0.5206
6816,0.8593
6817,0.3539
6818,0.6518
6819,0.6168
6820,0.6888
6821,0.6260
6822,0.9161
6823,0.7609
6824,0.7297
6825,0.6227
6826,0.6873
6827,0.5521
6828,0.5953
6829,0.7765
6830,0.7441
6831,0.4363
6832,0.6177
6833,1.2617
6834,0.7852
6835,0.6982
6836,0.8523
6837,0.5849
6838,0.8588
6839,0.3443
6840,0.6406
6841,0.6778
6842,0.9188
6843,0.7965
6844,0.7093
6845,0.5583
6846,0.6089
6847,0.7516
6848,0.5385
6849,0.6866
6850,0.6068
6851,0.6724
6852,0.9510
6853,0.6680
6854,0.6532
6855,0.5375
6856,0.6636
6857,0.5955
6858,0.6165
6859,0.7537
6860,0.7040
6861,0.6719
6862,0.4313
6863,0.6186
6864,1.2590
6865,0.5321
6866,0.6763
6867,0.7120
6868,0.4740
6869,0.7065
6870,0.5592
6871,0.6229
6872,0.6605
6873,0.9433
6874,0.8254
6875,0.7341
6876,0.5951
6877,0.6744
6878,0.5914
6879,0.6196
6880,0.5589
6881,0.6509
6882,0.6510
6883,1.3622
6884,0.3849
6885,0.6540
6886,0.5544
6887,0.6593
6888,0.6865
6889,0.5720
6890,0.6162
6891,0.6197
6892,0.7000
6893,1.0597
6894,0.6142
6895,0.9117
6896,0.7837
6897,0.6704
6898,0.6175
6899,0.7265
6900,0.5483
6901,0.6077
6902,0.6278
6903,0.9777
6904,0.8186
6905,0.8756
6906,1.0764
6907,0.1479
6908,0.4957
6909,0.6735
6910,0.5737
6911,0.5825
6912,0.6035
6913,1.1404
6914,0.7454
6915,0.5852
6916,0.5573
6917,0.6629
6918,0.5850
6919,0.6281
6920,0.6178
6921,0.6304
6922,0.7608
6923,0.8590
6924,0.7999
6925,0.7566
6926,0.4967
6927,0.6462
6928,0.6303
6929,0.7356
6930,0.5952
6931,0.6460
6932,0.6210
6933,1.0405
6934,0.6954
6935,0.6070
6936,0.6361
6937,0.6108
6938,0.7044
6939,0.5492
6940,0.5860
6941,0.8584
6942,0.4861
6943,0.6304
6944,0.9269
6945,0.7131
6946,0.6097
6947,0.6238
6948,0.5433
6949,0.6053
6950,1.0114
6951,0.2572
6952,0.8619
6953,0.6735
6954,0.3689
6955,1.1414
6956,0.8019
6957,0.7810
6958,0.8482
6959,0.6549
6960,0.7682
6961,0.6606
6962,0.5807
6963,0.5241
6964,1.0643
6965,0.6156
6966,0.6006
6967,0.7240
6968,0.5416
6969,0.6314
6970,0.7842
6971,0.5045
6972,0.8194
6973,0.4611
6974,0.6570
6975,0.9365
6976,0.7093
6977,0.5298
6978,0.6741
6979,0.6911
6980,0.5300
6981,0.6229
6982,0.6993
6983,0.6297
6984,1.0309
6985,0.7511
6986,0.6037
6987,0.5442
6988,0.7787
6989,0.6640
6990,0.4624
6991,0.5902
6992,0.9266
6993,0.4635
6994,0.6978
6995,0.9375
6996,0.7571
6997,0.4148
6998,0.7197
6999,0.5071
7000,0.5793
7001,0.6718
7002,0.7421
7003,0.4687
7004,0.7193
7005,0.9388
7006,0.6130
7007,1.1369
7008,0.5785
7009,0.5481
7010,0.6953
7011,0.6389
7012,0.5844
7013,0.5799
7014,0.6684
7015,1.0475
7016,0.7348
7017,0.7513
7018,0.8492
7019,0.7510
7020,0.6478
7021,0.7425
7022,0.5774
7023,0.7090
7024,0.4836
7025,0.7776
7026,0.9735
7027,0.6035
7028,0.6039
7029,0.6537
7030,0.6104
7031,0.5870
7032,0.8764
7033,0.3662
7034,0.7050
7035,1.0082
7036,0.6474
7037,0.7285
7038,0.5344
7039,0.7155
7040,0.5236
7041,0.9538
7042,0.3606
7043,0.5746
7044,0.6961
7045,1.0008
7046,0.6871
7047,0.6500
7048,0.5143
7049,0.6888
7050,0.6315
7051,0.6414
7052,0.5508
7053,0.7002
7054,0.6394
7055,0.5445
7056,1.1661
7057,0.5997
7058,0.6413
7059,0.7283
7060,0.6322
7061,0.6175
7062,0.6233
7063,0.7172
7064,0.5041
7065,0.8348
7066,0.7779
7067,0.6703
7068,0.8862
7069,0.7771
7070,0.7758
7071,0.7258
7072,0.6090
7073,0.6358
7074,0.5894
7075,0.6775
7076,1.0642
7077,0.7298
7078,0.6109
7079,0.6318
7080,0.6177
7081,0.5502
7082,0.6366
7083,0.6845
7084,0.6504
7085,0.5829
7086,1.0191
7087,0.6978
7088,0.7313
7089,0.6260
7090,0.5154
7091,0.8835
7092,0.7171
7093,0.5109
7094,0.7188
7095,0.6432
7096,0.9045
7097,0.7112
7098,0.8504
7099,0.5213
7100,0.6856
7101,0.5694
7102,0.6856
7103,0.7554
7104,0.4401
7105,0.6782
7106,1.0634
7107,0.7274
7108,0.6120
7109,0.6143
7110,0.6981
7111,0.5968
7112,0.5313
7113,0.8279
7114,0.4198
7115,0.6649
7116,1.1212
7117,0.6089
7118,0.7578
7119,0.5818
7120,0.7499
7121,0.5563
7122,0.5821
7123,0.8607
7124,0.4412
7125,0.5906
7126,1.1833
7127,0.7635
7128,0.8619
7129,0.7638
7130,0.7026
7131,0.5939
7132,0.5763
7133,0.6884
7134,0.6267
7135,0.6418
7136,0.9086
7137,0.7803
7138,0.7396
7139,0.5886
7140,0.6172
7141,0.6615
7142,0.6208
7143,0.6847
7144,0.6079
7145,0.5629
7146,0.9824
7147,0.6515
7148,0.6616
7149,0.5402
7150,0.7228
7151,0.5659
7152,0.6797
7153,0.5755
7154,0.6387
7155,0.6998
7156,1.0901
7157,0.8569
7158,0.6074
7159,0.4021
7160,0.6886
7161,0.6858
7162,0.5311
7163,0.6081
7164,0.7336
7165,0.5658
7166,0.7137
7167,1.0849
7168,0.4391
7169,0.6603
7170,0.6509
7171,0.6166
7172,0.6143
7173,0.5601
7174,0.9103
7175,0.4398
7176,0.5320
7177,1.2684
7178,0.7661
7179,0.3938
7180,0.6566
7181,0.6053
7182,0.6713
7183,0.6135
7184,0.7322
7185,0.4956
7186,0.7271
7187,0.9354
7188,0.7635
7189,0.6667
7190,0.8694
7191,0.7810
7192,0.7883
7193,0.4539
7194,0.9556
7195,0.4988
7196,0.6778
7197,1.1621
7198,0.6152
7199,0.5616
7200,1.2119
7201,0.1503
7202,0.6326
7203,0.5925
7204,0.6485
7205,0.7068
7206,1.3823
7207,0.5410
7208,0.5088
7209,0.5508
7210,0.5437
7211,0.5361
7212,1.1151
7213,0.4949
7214,0.6728
7215,0.6274
7216,0.1781
7217,0.6184
7218,1.0869
7219,0.6511
7220,0.5942
7221,0.6749
7222,0.5766
7223,0.6216
7224,1.2908
7225,0.3444
7226,0.1872
7227,0.6868
7228,1.0950
7229,0.6736
7230,0.6715
7231,0.6373
7232,0.5067
7233,0.6655
7234,0.6514
7235,0.6255
7236,0.6302
7237,1.0335
7238,0.6809
7239,0.5548
7240,0.6513
7241,0.6453
7242,0.6287
7243,0.5877
7244,0.5708
7245,0.7352
7246,0.5256
7247,1.1942
7248,0.6530
7249,1.1588
7250,0.7098
7251,0.8439
7252,0.4613
7253,0.5680
7254,0.6795
7255,0.6887
7256,0.5793
7257,0.9607
7258,0.7554
7259,0.6321
7260,0.6164
7261,0.6301
7262,0.6228
7263,0.5656
7264,0.6701
7265,0.6337
7266,0.6842
7267,0.9280
7268,0.6812
7269,1.2255
7270,0.1692
7271,0.4098
7272,0.6488
7273,0.6762
7274,0.6393
7275,0.7169
7276,0.4773
7277,0.7285
7278,1.0404
7279,0.7078
7280,0.7965
7281,0.5313
7282,0.6161
7283,0.7317
7284,0.7017
7285,0.6184
7286,0.5729
7287,0.6479
7288,1.1345
7289,0.6132
7290,0.4187
7291,0.7490
7292,0.5876
7293,0.6807
7294,1.1436
7295,0.2255
7296,0.8077
7297,0.2060
7298,0.7622
7299,0.8352
7300,0.7319
7301,0.7724
7302,0.9530
7303,0.7047
7304,0.5604
7305,0.8396
7306,0.9838
7307,0.5161
7308,1.1117
7309,0.7579
7310,0.6720
7311,0.9235
7312,0.5851
7313,0.6699
7314,0.6973
7315,0.5089
7316,0.6861
7317,1.3676
7318,0.3600
7319,0.8381
7320,0.7596
7321,0.6801
7322,0.6031
7323,1.2854
7324,0.1811
7325,0.6013
7326,1.2610
7327,0.5060
7328,0.7490
7329,0.6448
7330,0.6896
7331,0.5382
7332,0.6916
7333,0.5277
7334,0.6717
7335,0.6564
7336,0.9837
7337,1.0791
7338,0.3339
7339,0.7275
7340,0.6625
7341,0.5496
7342,0.5662
7343,0.7606
7344,0.5489
7345,0.8907
7346,1.2722
7347,0.4003
7348,0.5685
7349,0.5655
7350,0.6952
7351,0.5970
7352,0.6998
7353,0.5637
7354,0.6750
7355,0.6099
7356,1.0074
7357,0.6836
7358,0.9046
7359,0.9737
7360,0.5575
7361,0.6688
7362,0.6950
7363,0.7416
7364,0.5498
7365,0.5480
7366,1.6749
7367,0.1149
7368,0.8245
7369,0.5661
7370,0.6841
7371,0.9515
7372,0.2571
7373,0.7490
7374,0.5374
7375,0.8115
7376,0.8590
7377,0.6520
7378,0.6676
7379,0.6075
7380,0.5316
7381,0.6546
7382,0.6075
7383,0.6225
7384,1.0372
7385,0.8077
7386,0.5457
7387,0.8221
7388,0.6327
7389,0.6985
7390,0.5797
7391,0.6526
7392,0.6551
7393,0.5576
7394,0.6917
7395,0.5677
7396,1.2417
7397,0.5423
7398,0.6822
7399,0.6880
7400,0.5826
7401,0.7538
7402,0.4523
7403,0.7427
7404,0.6351
7405,0.6048
7406,1.0295
7407,0.6616
7408,0.7319
7409,0.5554
7410,0.5369
7411,0.6515
7412,0.6449
7413,0.6589
7414,0.6006
7415,0.9053
7416,0.7820
7417,0.6074
7418,1.3525
7419,0.6490
7420,0.6557
7421,0.6944
7422,0.5895
7423,0.7132
7424,0.6581
7425,1.4055
7426,0.2757
7427,0.6386
7428,0.5876
7429,0.6952
7430,0.6285
7431,0.6342
7432,0.5915
7433,0.7748
7434,0.5619
7435,0.6287
7436,0.9285
7437,0.9739
7438,0.5905
7439,0.9237
7440,0.7118
7441,0.5709
7442,0.8012
7443,0.5004
7444,0.6354
7445,1.4666
7446,0.1157
7447,0.9701
7448,0.5596
7449,0.5935
7450,0.5741
7451,0.6562
7452,0.6479
7453,0.6720
7454,0.6299
7455,1.1610
7456,0.6382
7457,0.6594
7458,0.5678
7459,0.6354
7460,0.5782
7461,0.5916
7462,0.6979
7463,0.5971
7464,0.9150
7465,1.1793
7466,0.1234
7467,1.0362
7468,0.7761
7469,0.8098
7470,0.4887
7471,0.5876
7472,0.6891
7473,0.5853
7474,0.6925
7475,0.9762
7476,1.2554
7477,0.1318
7478,1.4451
7479,0.2784
7480,0.6734
7481,0.6256
7482,0.6314
7483,0.6792
7484,1.0764
7485,0.6264
7486,0.9706
7487,0.7357
7488,0.6135
7489,0.5634
7490,0.6968
7491,0.5323
7492,0.7098
7493,0.6762
7494,1.0430
7495,0.6820
7496,0.5995
7497,0.7190
7498,0.5190
7499,0.6989
7500,0.5050
7501,0.6028
7502,0.7092
7503,1.0321
7504,0.7682
7505,0.7406
7506,0.5886
7507,0.7499
7508,0.3449
7509,0.7633
7510,0.4597
7511,1.4900
7512,0.2556
7513,0.2704
7514,1.4157
7515,0.5021
7516,0.7577
7517,0.6640
7518,0.6412
7519,0.5514
7520,0.6885
7521,0.6215
7522,0.6650
7523,0.6793
7524,0.5352
7525,0.9833
7526,1.1099
7527,0.5412
7528,0.7861
7529,0.7446
7530,0.7262
7531,0.5848
7532,0.8197
7533,0.7829
7534,0.9058
7535,0.7377
7536,0.6838
7537,0.6729
7538,0.4905
7539,0.7721
7540,0.5442
7541,1.1200
7542,0.1347
7543,0.6397
7544,1.1050
7545,0.7296
7546,0.4836
7547,0.6680
7548,0.5842
7549,0.6589
7550,0.7379
7551,0.6203
7552,0.6507
7553,0.7868
7554,0.8934
7555,1.3204
7556,0.2313
7557,0.6341
7558,0.6198
7559,0.6220
7560,0.5802
7561,0.6793
7562,0.7544
7563,1.5295
7564,0.1103
7565,0.5889
7566,0.8144
7567,0.4920
7568,0.5848
7569,0.6154
7570,0.6618
7571,0.7996
7572,0.5390
7573,0.5801
7574,0.6434
7575,2.1679
7576,0.1634
7577,0.1118
7578,0.6382
7579,0.6205
7580,0.5961
7581,0.7506
7582,0.6612
7583,0.9687
7584,1.0399
7585,0.7781
7586,0.7752
7587,0.5865
7588,0.6359
7589,0.7416
7590,0.7146
7591,0.7356
7592,0.6651
7593,0.4289
7594,0.8542
7595,0.8585
7596,0.6346
7597,0.5806
7598,0.7322
7599,0.6104
7600,0.6428
7601,0.6352
7602,0.5868
7603,1.1952
7604,0.4501
7605,0.9879
7606,0.8322
7607,0.5951
7608,0.6599
7609,0.5624
7610,0.7235
7611,0.5636
7612,0.6446
7613,0.9770
7614,0.6099
7615,0.8460
7616,1.1708
7617,0.1126
7618,0.6094
7619,0.6454
7620,0.6027
7621,0.9628
7622,0.7688
7623,0.8644
7624,0.6359
7625,0.4327
7626,0.7323
7627,0.6643
7628,0.6016
7629,0.5486
7630,0.8977
7631,0.4991
7632,0.4784
7633,0.6859
7634,1.1876
7635,0.6414
7636,0.7390
7637,0.5741
7638,0.6506
7639,0.5484
7640,1.7859
7641,0.1484
7642,0.9453
7643,0.5532
7644,0.8283
7645,0.9057
7646,0.7832
7647,0.7564
7648,0.6214
7649,0.6070
7650,0.7031
7651,0.5311
7652,1.1565
7653,0.6462
7654,0.8027
7655,0.7430
7656,0.5420
7657,0.6870
7658,0.6499
7659,0.5072
7660,0.6825
7661,1.1236
7662,0.5938
7663,0.6820
7664,0.7620
7665,0.5688
7666,0.4545
7667,0.7440
7668,0.6581
7669,0.7029
7670,0.5733
7671,0.5699
7672,1.0364
7673,1.3257
7674,0.3396
7675,0.7031
7676,0.5873
7677,0.5479
7678,0.6924
7679,0.6285
7680,0.8211
7681,0.7911
7682,0.7677
7683,0.8811
7684,0.4358
7685,0.7346
7686,0.6001
7687,0.5551
7688,0.7267
7689,0.4933
7690,0.7184
7691,1.1136
7692,0.6931
7693,0.5735
7694,0.5784
7695,0.5908
7696,1.1193
7697,0.1219
7698,0.9846
7699,0.4088
7700,1.0720
7701,0.1744
7702,0.7149
7703,1.0286
7704,1.1618
7705,0.6931
7706,1.7088
7707,0.3453
7708,0.1411
7709,0.6248
7710,0.6395
7711,0.9953
7712,0.6238
7713,0.5762
7714,0.7539
7715,0.5223
7716,0.6780
7717,0.5205
7718,0.6020
7719,0.8050
7720,0.6716
7721,0.9165
7722,0.7600
7723,0.8897
7724,0.7109
7725,0.7048
7726,0.6553
7727,0.5330
7728,0.7348
7729,0.6073
7730,1.0920
7731,0.7790
7732,0.4858
7733,0.8143
7734,0.4165
7735,0.7141
7736,0.6149
7737,0.6287
7738,0.5001
7739,0.7093
7740,0.8679
7741,0.8046
7742,0.5960
7743,0.8683
7744,0.6081
7745,0.6950
7746,0.5992
7747,0.7205
7748,0.6554
7749,0.4627
7750,0.6574
7751,1.1221
7752,0.6411
7753,0.8050
7754,0.7547
7755,0.6346
7756,0.9483
7757,0.9366
7758,0.5840
7759,0.6480
7760,0.9343
7761,0.7552
7762,0.6659
7763,0.7966
7764,0.7151
7765,0.5996
7766,0.7651
7767,0.5680
7768,0.5717
7769,0.6138
7770,1.1090
7771,0.5837
7772,1.1563
7773,0.6053
7774,0.7055
7775,1.2804
7776,0.1714
7777,0.3744
7778,0.7525
7779,1.0383
7780,0.7010
7781,0.5788
7782,0.7762
7783,0.5281
7784,0.4929
7785,0.6830
7786,0.5580
7787,0.6971
7788,0.6528
7789,1.4343
7790,0.3405
7791,0.5527
7792,1.0941
7793,0.6436
7794,0.5298
7795,0.6226
7796,0.6887
7797,0.6141
7798,0.6022
7799,1.1204
7800,0.5501
7801,0.7312
7802,0.5777
7803,0.6799
7804,0.5382
7805,0.7134
7806,0.5499
7807,0.6102
7808,0.7590
7809,0.7335
7810,0.9425
7811,0.8089
7812,0.5908
7813,0.9088
7814,0.7220
7815,0.6737
7816,1.3697
7817,0.1019
7818,0.6568
7819,1.1247
7820,1.0208
7821,0.5822
7822,0.8030
7823,0.4053
7824,0.7206
7825,0.4744
7826,0.6811
7827,0.7283
7828,1.3343
7829,0.4472
7830,0.7588
7831,0.8222
7832,0.5305
7833,0.5314
7834,0.6824
7835,0.8858
7836,0.4151
7837,0.6758
7838,0.9470
7839,0.7122
7840,0.9261
7841,0.6097
7842,0.7010
7843,0.5832
7844,0.6811
7845,0.6664
7846,0.5805
7847,0.6178
7848,0.9321
7849,0.6922
7850,0.7890
7851,0.6400
7852,0.5905
7853,0.6290
7854,0.6069
7855,0.8039
7856,0.4249
7857,0.6880
7858,1.0158
7859,0.6776
7860,0.7765
7861,0.6632
7862,1.2655
7863,0.3000
7864,0.2887
7865,0.8926
7866,0.3259
7867,0.7809
7868,1.0883
7869,0.6141
7870,1.0916
7871,0.7804
7872,0.6492
7873,0.6530
7874,0.6541
7875,0.5672
7876,0.6326
7877,1.0421
7878,0.7353
7879,0.7645
7880,0.7527
7881,0.4613
7882,0.7187
7883,0.6266
7884,0.7549
7885,0.4788
7886,0.5652
7887,1.1014
7888,0.7182
7889,0.9618
7890,0.6519
7891,0.5614
7892,0.6752
7893,0.6019
7894,0.6675
7895,0.5591
7896,0.9473
7897,0.8909
7898,0.6767
7899,0.6569
7900,0.5691
7901,0.5815
7902,0.7257
7903,0.5974
7904,0.7355
7905,0.4742
7906,0.6121
7907,1.0832
7908,0.6623
7909,0.9067
7910,0.6796
7911,0.7730
7912,0.5458
7913,0.5458
7914,0.7840
7915,0.5515
7916,0.6180
7917,0.9959
7918,0.6339
7919,0.9448
7920,0.4800
7921,0.6140
7922,0.6666
7923,0.6718
7924,0.6751
7925,0.4807
7926,0.7000
7927,1.0858
7928,0.5545
7929,1.4768
7930,0.2152
7931,0.7107
7932,0.7967
7933,0.7333
7934,0.4743
7935,0.6792
7936,0.9373
7937,0.6627
7938,1.0398
7939,0.6597
7940,0.8040
7941,0.4982
7942,0.6219
7943,0.8889
7944,0.4093
7945,0.6311
7946,0.9721
7947,0.7362
7948,0.7569
7949,0.6722
7950,0.6045
7951,0.8880
7952,0.4324
7953,0.6282
7954,0.7543
7955,0.9781
7956,0.6393
7957,0.9079
7958,0.8288
7959,0.7302
7960,0.6105
7961,0.6105
7962,0.6609
7963,0.5501
7964,0.6201
7965,0.7182
7966,1.5232
7967,0.1034
7968,0.8499
7969,0.5845
7970,0.5061
7971,0.7413
7972,0.6097
7973,0.6322
7974,0.6675
7975,1.1356
7976,0.5808
7977,0.8440
7978,0.8046
7979,0.7335
7980,0.5820
7981,0.5433
7982,0.7914
7983,0.5173
7984,0.6718
7985,1.0699
7986,0.6420
7987,0.9603
7988,0.4471
7989,0.7295
7990,0.6097
7991,0.5278
7992,0.8058
7993,0.5419
7994,1.2964
7995,0.2402
7996,0.7177
7997,0.8425
7998,0.6998
7999,0.5063
8000,0.5854
8001,0.7396
8002,0.4757
8003,0.7089
8004,0.6975
8005,0.8872
8006,0.7231
8007,0.9387
8008,0.7394
8009,0.7605
8010,0.6296
8011,0.6925
8012,0.5499
8013,0.6768
8014,0.6343
8015,0.9218
8016,0.6497
8017,0.8900
8018,0.6508
8019,0.5802
8020,0.6149
8021,0.6187
8022,0.7295
8023,0.5397
8024,0.5882
8025,1.0961
8026,0.6318
8027,0.9279
8028,0.5890
8029,0.6702
8030,0.5640
8031,0.6432
8032,0.6323
8033,0.5681
8034,0.6881
8035,0.9193
8036,0.7017
8037,0.8794
8038,0.7964
8039,0.7652
8040,0.7770
8041,0.6428
8042,0.5309
8043,0.6901
8044,1.1216
8045,0.6786
8046,0.5481
8047,0.6195
8048,0.7807
8049,0.5320
8050,0.5574
8051,0.6012
8052,0.6811
8053,0.6812
8054,1.0740
8055,0.7436
8056,0.8967
8057,0.7393
8058,0.4766
8059,0.7299
8060,0.6068
8061,0.5983
8062,0.6937
8063,0.5823
8064,0.9645
8065,0.7153
8066,0.8307
8067,0.6714
8068,0.5846
8069,0.6389
8070,0.5561
8071,0.7744
8072,0.5420
8073,0.5500
8074,1.1372
8075,0.7300
8076,0.6069
8077,0.7895
8078,0.4191
8079,0.6156
8080,0.6449
8081,0.7361
8082,0.6093
8083,0.6433
8084,0.9269
8085,0.7441
8086,0.5312
8087,0.6788
8088,0.6332
8089,0.5721
8090,0.7036
8091,0.5545
8092,0.7313
8093,0.5981
8094,0.9076
8095,0.6703
8096,0.7713
8097,0.7134
8098,0.8838
8099,0.7189
8100,0.6678
8101,0.5924
8102,0.6517
8103,0.9055
8104,0.7332
8105,0.6340
8106,0.9816
8107,0.6762
8108,0.6315
8109,0.6364
8110,1.1923
8111,0.1392
8112,0.6366
8113,0.6414
8114,0.5190
8115,0.9981
8116,0.6785
8117,0.5804
8118,0.6600
8119,0.5848
8120,0.5887
8121,0.7510
8122,0.5263
8123,0.6544
8124,0.8920
8125,0.6995
8126,1.0756
8127,0.5963
8128,0.6224
8129,0.6870
8130,0.5592
8131,1.0338
8132,0.4249
8133,0.6599
8134,0.6102
8135,1.0560
8136,0.6510
8137,0.8430
8138,0.5065
8139,0.6749
8140,0.6203
8141,0.5783
8142,0.6699
8143,0.7055
8144,0.9223
8145,0.6394
8146,1.0367
8147,0.6028
8148,0.6640
8149,0.6290
8150,0.6159
8151,0.5748
8152,0.6337
8153,0.7136
8154,0.8695
8155,0.7676
8156,0.7378
8157,0.8840
8158,0.7301
8159,0.7049
8160,0.6608
8161,0.5846
8162,0.6863
8163,0.5676
8164,0.6155
8165,1.0746
8166,0.7595
8167,0.6638
8168,0.6086
8169,0.5820
8170,0.6958
8171,0.8288
8172,0.4146
8173,0.6061
8174,1.0706
8175,0.7009
8176,0.7935
8177,0.6637
8178,0.7071
8179,0.5091
8180,0.6868
8181,0.5451
8182,0.6851
8183,0.5955
8184,0.6255
8185,0.9998
8186,0.7100
8187,0.6605
8188,0.6650
8189,0.4738
8190,0.6697
8191,0.8829
8192,0.6423
8193,0.6152
8194,0.5298
8195,0.9436
8196,0.8847
8197,0.6580
8198,0.5707
8199,0.7083
8200,0.6056
8201,0.6572
8202,0.5602
8203,0.6749
8204,1.1263
8205,0.8131
8206,0.9035
8207,0.5674
8208,0.7066
8209,0.5675
8210,0.5840
8211,0.6370
8212,0.7174
8213,0.9798
8214,0.6314
8215,1.2192
8216,0.1826
8217,0.4540
8218,0.6765
8219,0.5521
8220,0.7027
8221,0.7423
8222,0.4994
8223,0.6338
8224,1.0703
8225,0.7099
8226,0.6694
8227,0.4832
8228,0.6532
8229,0.7114
8230,0.6330
8231,0.6841
8232,0.4804
8233,0.6305
8234,1.0158
8235,0.6140
8236,0.6482
8237,0.6000
8238,0.6411
8239,0.6574
8240,0.6625
8241,0.5461
8242,0.6871
8243,0.6554
8244,0.9866
8245,0.8262
8246,0.8698
8247,0.5161
8248,0.5949
8249,0.6968
8250,0.5860
8251,0.5862
8252,0.7235
8253,0.5722
8254,1.0018
8255,0.6469
8256,0.7617
8257,0.4784
8258,0.6829
8259,0.6243
8260,0.6022
8261,0.8302
8262,0.4853
8263,0.5843
8264,1.2100
8265,0.7723
8266,0.8492
8267,0.7070
8268,0.6427
8269,0.6754
8270,0.5593
8271,0.6438
8272,0.6347
8273,0.6288
8274,0.9790
8275,0.7300
8276,0.7037
8277,0.6921
8278,0.5443
8279,0.7163
8280,0.5347
8281,0.6744
8282,0.6205
8283,1.0286
8284,0.6424
8285,0.6820
8286,0.7061
8287,0.4785
8288,0.6218
8289,0.7529
8290,0.5217
8291,0.6065
8292,0.7952
8293,0.5753
8294,0.5967
8295,0.6074
8296,1.1558
8297,0.5700
8298,0.6705
8299,0.5616
8300,0.7103
8301,0.6181
8302,0.6807
8303,0.5690
8304,0.5914
8305,0.9593
8306,0.8007
8307,0.5537
8308,0.5498
8309,0.7143
8310,0.5693
8311,0.6901
8312,0.6219
8313,0.5791
8314,0.6894
8315,1.1090
8316,0.6662
8317,0.5046
8318,0.7106
8319,0.5898
8320,0.6787
8321,0.5327
8322,0.6148
8323,0.7855
8324,0.5762
8325,0.5703
8326,1.2108
8327,0.7959
8328,0.7856
8329,0.7680
8330,0.5367
8331,0.6527
8332,0.5877
8333,0.6556
8334,0.6120
8335,1.0046
8336,0.7218
8337,0.5100
8338,0.7213
8339,0.5836
8340,0.5947
8341,0.6033
8342,0.7131
8343,0.6254
8344,0.5855
8345,0.6548
8346,1.0892
8347,0.7729
8348,0.5150
8349,0.6183
8350,0.5932
8351,0.6201
8352,1.2913
8353,0.1913
8354,0.5096
8355,0.5973
8356,0.9901
8357,0.6893
8358,0.6780
8359,0.5767
8360,0.6208
8361,0.7070
8362,0.4953
8363,0.6248
8364,0.6247
8365,0.6721
8366,1.0999
8367,0.7420
8368,0.5676
8369,0.5668
8370,0.6442
8371,0.5791
8372,0.7548
8373,0.7193
8374,0.4702
8375,0.7498
8376,0.8890
8377,0.7572
8378,0.5296
8379,0.6694
8380,0.6284
8381,0.5910
8382,0.7475
8383,0.4509
8384,0.8289
8385,0.4657
8386,0.6663
8387,1.0272
8388,1.1243
8389,0.7926
8390,0.6837
8391,0.6140
8392,0.7245
8393,0.6938
8394,0.5098
8395,0.5783
8396,0.9632
8397,0.7141
8398,0.7437
8399,0.6586
8400,0.6436
8401,0.6080
8402,0.6968
8403,0.5208
8404,0.6705
8405,0.7640
8406,0.8734
8407,0.6596
8408,0.6916
8409,0.5975
8410,0.5256
8411,0.7336
8412,0.5684
8413,0.6841
8414,0.6434
8415,0.5836
8416,1.0663
8417,0.7644
8418,0.5256
8419,0.7161
8420,0.5447
8421,0.9364
8422,0.3302
8423,0.5981
8424,0.8472
8425,0.4418
8426,0.6292
8427,1.0595
8428,0.7573
8429,0.5664
8430,0.6459
8431,0.6671
8432,0.4911
8433,0.7258
8434,0.5202
8435,0.6400
8436,0.7109
8437,1.0605
8438,0.6851
8439,0.8280
8440,0.8003
8441,0.7190
8442,0.8142
8443,0.7267
8444,0.6251
8445,0.5097
8446,0.5851
8447,0.9799
8448,0.8005
8449,0.7448
8450,0.5553
8451,0.5818
8452,0.6259
8453,0.6819
8454,0.7356
8455,0.5156
8456,0.6091
8457,0.9936
8458,0.7381
8459,0.6134
8460,0.5268
8461,0.7340
8462,0.5476
8463,0.5991
8464,0.6657
8465,0.6215
8466,0.8708
8467,1.0026
8468,0.5766
8469,0.8049
8470,0.3995
8471,0.7357
8472,0.5705
8473,0.6154
8474,0.5458
8475,0.6772
8476,0.6629
8477,0.9627
8478,0.7373
8479,0.4859
8480,0.7257
8481,0.6561
8482,0.6185
8483,0.5441
8484,0.6084
8485,0.7476
8486,0.5768
8487,0.5653
8488,1.1780
8489,1.2730
8490,0.2436
8491,0.3631
8492,0.6314
8493,0.6642
8494,0.6405
8495,0.8074
8496,0.4395
8497,0.6621
8498,1.1125
8499,0.7972
8500,0.7256
8501,0.8060
8502,0.6365
8503,0.5673
8504,0.6831
8505,0.5890
8506,0.6693
8507,1.0482
8508,0.7474
8509,0.5737
8510,0.6485
8511,0.5800
8512,0.7562
8513,0.5154
8514,0.6363
8515,0.6755
8516,0.5666
8517,1.0630
8518,0.8240
8519,0.4720
8520,0.6187
8521,0.5925
8522,0.5924
8523,0.7165
8524,0.6300
8525,0.6217
8526,0.6085
8527,0.6563
8528,0.9946
8529,0.6171
8530,0.7364
8531,0.6324
8532,0.6115
8533,0.6300
8534,0.5336
8535,0.6410
8536,0.6555
8537,0.7031
8538,0.8834
8539,0.7767
8540,0.9249
8541,0.6690
8542,0.4969
8543,0.6635
8544,0.6802
8545,0.5532
8546,0.6315
8547,0.6921
8548,0.9511
8549,0.7024
8550,0.6314
8551,0.6039
8552,0.6419
8553,0.6691
8554,0.6176
8555,0.6014
8556,0.7083
8557,0.6748
8558,0.7059
8559,0.8567
8560,0.8780
8561,0.6772
8562,0.8570
8563,0.7018
8564,0.6739
8565,0.8695
8566,0.3767
8567,0.6688
8568,0.9422
8569,0.7925
8570,0.6314
8571,0.6620
8572,0.6432
8573,0.6795
8574,0.5591
8575,0.6253
8576,0.6404
8577,0.7594
8578,1.0189
8579,0.5033
8580,0.7450
8581,0.7254
8582,0.4428
8583,0.6210
8584,0.6681
8585,0.6041
8586,0.6971
8587,0.6116
8588,0.6124
8589,1.1227
8590,0.5917
8591,0.6818
8592,0.6111
8593,0.5618
8594,0.7106
8595,0.6249
8596,0.7095
8597,0.5176
8598,0.9801
8599,0.6741
8600,0.5819
8601,0.6582
8602,0.5711
8603,0.7575
8604,0.6212
8605,0.5619
8606,0.6578
8607,0.5705
8608,0.6504
8609,1.1046
8610,0.7408
8611,0.6085
8612,0.5427
8613,0.5815
8614,0.6344
8615,0.6276
8616,0.7318
8617,0.6126
8618,0.6194
8619,1.0034
8620,0.6771
8621,0.7984
8622,0.8661
8623,0.7029
8624,0.7756
8625,0.6285
8626,0.7185
8627,0.5016
8628,0.7610
8629,0.9866
8630,0.6992
8631,0.6491
8632,0.5223
8633,0.6032
8634,0.7391
8635,0.6902
8636,0.5315
8637,0.6239
8638,0.6721
8639,0.9174
8640,0.7041
8641,0.8052
8642,0.6115
8643,0.5460
8644,0.6651
8645,0.6297
8646,0.6422
8647,0.5857
8648,0.7064
8649,0.9190
8650,1.2551
8651,0.3011
8652,0.8082
8653,0.2357
8654,0.7258
8655,0.5596
8656,0.6415
8657,0.7564
8658,0.4703
8659,0.6288
8660,1.1391
8661,0.7307
8662,0.6446
8663,0.5893
8664,0.7398
8665,0.4125
8666,0.6207
8667,0.7914
8668,0.5635
8669,1.0462
8670,0.7064
8671,0.8818
8672,0.8093
8673,1.1280
8674,0.1173
8675,0.9688
8676,0.2631
8677,0.6051
8678,0.6969
8679,0.9096
8680,0.8431
8681,0.9293
8682,0.5896
8683,0.6187
8684,0.6908
8685,0.5855
8686,0.6404
8687,0.6145
8688,0.5973
8689,0.5848
8690,1.1167
8691,0.5907
8692,0.5655
8693,0.6998
8694,0.5104
8695,0.8780
8696,0.4120
8697,0.6731
8698,0.6656
8699,0.5845
8700,0.9883
8701,0.7353
8702,0.5094
8703,0.6279
8704,0.7382
8705,0.5958
8706,0.5825
8707,0.6772
8708,0.5698
8709,0.6002
8710,1.1842
8711,0.7030
8712,0.5158
8713,0.6938
8714,0.6051
8715,0.5518
8716,0.6555
8717,0.5904
8718,0.6852
8719,0.7672
8720,0.8894
8721,0.7342
8722,0.6980
8723,0.4889
8724,0.6747
8725,0.6128
8726,0.6358
8727,0.5078
8728,0.8132
8729,0.4971
8730,0.6340
8731,1.1232
8732,0.9071
8733,0.5762
8734,0.9410
8735,0.6962
8736,0.7416
8737,0.7935
8738,0.3855
8739,0.6915
8740,1.0637
8741,0.8062
8742,0.5206
8743,0.5798
8744,0.6557
8745,0.5766
8746,0.9198
8747,0.4136
8748,0.6219
8749,0.6824
8750,1.0151
8751,0.8866
8752,0.5795
8753,0.6923
8754,0.6083
8755,0.6899
8756,0.5514
8757,0.5597
8758,0.6531
8759,0.6876
8760,0.9373
8761,0.6683
8762,0.6791
8763,0.5281
8764,0.6431
8765,0.7057
8766,0.6097
8767,0.5678
8768,0.8633
8769,0.5062
8770,0.5062
8771,0.7178
8772,1.0668
8773,0.5454
8774,0.6542
8775,0.5691
8776,0.6549
8777,0.6906
8778,0.5444
8779,0.6349
8780,0.6604
8781,0.7311
8782,0.9765
8783,0.7027
8784,0.5294
8785,0.6954
8786,0.6502
8787,0.9313
8788,0.2903
8789,0.6071
8790,0.6376
8791,1.0827
8792,0.7664
8793,0.8491
8794,0.7168
8795,0.8374
8796,0.4483
8797,0.6355
8798,0.8124
8799,0.4178
8800,0.6966
8801,1.0595
8802,0.7459
8803,0.5902
8804,0.5374
8805,0.6758
8806,0.6492
8807,0.5916
8808,0.6129
8809,0.6368
8810,0.8934
8811,0.7692
8812,0.6744
8813,0.5982
8814,0.6248
8815,0.6762
8816,0.5206
8817,0.7271
8818,0.6440
8819,0.6366
8820,0.6156
8821,0.5774
8822,0.9363
8823,0.8321
8824,0.6603
8825,0.6889
8826,0.6081
8827,0.5451
8828,0.7188
8829,0.6065
8830,0.6510
8831,0.6037
8832,1.1021
8833,0.6364
8834,0.7183
8835,0.5572
8836,0.6748
8837,0.5982
8838,0.5335
8839,0.8772
8840,0.4250
8841,0.6160
8842,1.0043
8843,0.7789
8844,0.5456
8845,0.5712
8846,0.7021
8847,0.6259
8848,0.6348
8849,0.6177
8850,0.5761
8851,0.6775
8852,0.9035
8853,0.7130
8854,0.9966
8855,0.7153
8856,0.8975
8857,0.7372
8858,0.7495
8859,0.6701
8860,0.6085
8861,0.9381
8862,0.7904
8863,0.7280
8864,0.6673
8865,0.6063
8866,0.5766
8867,0.6551
8868,0.6798
8869,0.5643
8870,0.6665
8871,0.9070
8872,0.8172
8873,0.9166
8874,0.6424
8875,0.6030
8876,0.5450
8877,0.6953
8878,0.6046
8879,0.6084
8880,0.6797
8881,0.9310
8882,0.6855
8883,0.6703
8884,0.5494
8885,0.6913
8886,0.6728
8887,0.5408
8888,0.6623
8889,0.7761
8890,0.5932
8891,0.4945
8892,1.0680
8893,0.7051
8894,0.5732
8895,0.6222
8896,0.6289
8897,0.6367
8898,0.6128
8899,0.6090
8900,0.5903
8901,0.5841
8902,1.2051
8903,0.6681
8904,0.7822
8905,0.8437
8906,0.7758
8907,0.7247
8908,0.6282
8909,0.5596
8910,0.6473
8911,0.9718
8912,0.6415
8913,0.8771
8914,0.6061
8915,0.6162
8916,0.7190
8917,0.5379
8918,0.5745
8919,0.7720
8920,0.5355
8921,0.6846
8922,1.0699
8923,0.9516
8924,0.3263
8925,0.7807
8926,0.4914
8927,0.7491
8928,0.4451
8929,0.7531
8930,0.5284
8931,0.5840
8932,1.0172
8933,0.6146
8934,0.7466
8935,0.7127
8936,0.4569
8937,0.6513
8938,0.5399
8939,0.6969
8940,0.6101
8941,0.7852
8942,0.8206
8943,0.7941
8944,0.5550
8945,0.6141
8946,0.6079
8947,0.7254
8948,0.5614
8949,0.7232
8950,0.6969
8951,0.4471
8952,0.6076
8953,1.2195
8954,0.5172
8955,0.6558
8956,0.6082
8957,0.6527
8958,0.7503
8959,0.5572
8960,0.7297
8961,0.5026
8962,0.6970
8963,0.8977
8964,0.7298
8965,0.6934
8966,0.9382
8967,0.7810
8968,0.7540
8969,0.7879
8970,0.5704
8971,0.6540
8972,0.9241
8973,0.6516
8974,0.9730
8975,0.7183
8976,0.6019
8977,0.9544
8978,0.2232
8979,0.6503
8980,0.6820
8981,0.6614
8982,0.9793
8983,0.6744
8984,0.7972
8985,0.5455
8986,0.6877
8987,0.5418
8988,0.6329
8989,0.7582
8990,0.5316
8991,0.7281
8992,1.2019
8993,0.4381
8994,0.8060
8995,0.6935
8996,0.7522
8997,0.6045
8998,0.5782
8999,0.6915
9000,0.5730
9001,1.0961
9002,0.5084
9003,0.7369
9004,0.6335
9005,0.5906
9006,0.6390
9007,0.6231
9008,0.5531
9009,0.6730
9010,0.6809
9011,0.6593
9012,0.9528
9013,0.6260
9014,1.1338
9015,0.1599
9016,0.6024
9017,0.6961
9018,0.5912
9019,0.5991
9020,0.7120
9021,0.5449
9022,0.6170
9023,1.0932
9024,1.1409
9025,0.7587
9026,0.7390
9027,0.6834
9028,0.6071
9029,0.6741
9030,0.6509
9031,0.5737
9032,0.5813
9033,0.9872
9034,0.7111
9035,0.6609
9036,0.6710
9037,0.6422
9038,0.5655
9039,0.6320
9040,0.5873
9041,0.6644
9042,0.9172
9043,0.7356
9044,0.8783
9045,0.6617
9046,0.6502
9047,0.5480
9048,0.7013
9049,0.6467
9050,0.5648
9051,0.7376
9052,0.9017
9053,0.7012
9054,0.6052
9055,0.6451
9056,0.6129
9057,0.5639
9058,0.6720
9059,0.6114
9060,0.9265
9061,0.6261
9062,0.3600
9063,0.6907
9064,0.9795
9065,0.5615
9066,0.7672
9067,0.4887
9068,0.5901
9069,0.6307
9070,0.8368
9071,0.5220
9072,0.5652
9073,0.6744
9074,1.1526
9075,0.5867
9076,0.6417
9077,0.5541
9078,0.6197
9079,0.6241
9080,0.7054
9081,1.2235
9082,0.8558
9083,0.2286
9084,0.9930
9085,0.7718
9086,0.6583
9087,0.6252
9088,0.5292
9089,0.6123
9090,0.8345
9091,0.4873
9092,0.6470
9093,1.1103
9094,0.6832
9095,0.6427
9096,0.6509
9097,0.5670
9098,0.6351
9099,0.6482
9100,0.5500
9101,0.6495
9102,0.6782
9103,0.9168
9104,0.9069
9105,0.5444
9106,0.6020
9107,0.7375
9108,0.5098
9109,0.7468
9110,0.5518
9111,0.6164
9112,0.6477
9113,1.1046
9114,0.7409
9115,0.5533
9116,0.6214
9117,0.7321
9118,0.5150
9119,0.7128
9120,0.5331
9121,0.9681
9122,0.5119
9123,0.6419
9124,0.7971
9125,0.5889
9126,0.6289
9127,0.8427
9128,0.4897
9129,0.6260
9130,0.6725
9131,0.6881
9132,0.4692
9133,0.6570
9134,0.9509
9135,0.6890
9136,0.7066
9137,0.6026
9138,0.5330
9139,0.6578
9140,0.6082
9141,0.7404
9142,0.7756
9143,0.4202
9144,0.6561
9145,1.1611
9146,0.6597
9147,0.7604
9148,0.8914
9149,0.6821
9150,0.8362
9151,0.6266
9152,0.5725
9153,0.4976
9154,1.1118
9155,0.6476
9156,0.5648
9157,0.6731
9158,0.5477
9159,0.6099
9160,0.8468
9161,0.3979
9162,0.6762
9163,0.6917
9164,1.0374
9165,0.6284
9166,0.6443
9167,0.7057
9168,0.5471
9169,0.6250
9170,0.5912
9171,0.6481
9172,0.6658
9173,0.7033
9174,0.9019
9175,0.7279
9176,0.6741
9177,0.5232
9178,0.7167
9179,0.5718
9180,0.6439
9181,0.5448
9182,0.8878
9183,0.8680
9184,0.2838
9185,0.9608
9186,0.5193
9187,0.7178
9188,0.6901
9189,0.5133
9190,0.6475
9191,0.5502
9192,0.7380
9193,0.5667
9194,0.7006
9195,1.1614
9196,0.5441
9197,0.6473
9198,0.6171
9199,0.6660
9200,0.5408
9201,0.7190
9202,0.6244
9203,0.5390
9204,0.6636
9205,0.9943
9206,0.7692
9207,0.7987
9208,0.7795
9209,0.7782
9210,0.7345
9211,0.5052
9212,0.9531
9213,0.3621
9214,0.6456
9215,1.0576
9216,0.7859
9217,0.5052
9218,0.8769
9219,0.4155
9220,0.6351
9221,0.6364
9222,0.8293
9223,0.4077
9224,0.6603
9225,0.9362
9226,0.7525
9227,0.7152
9228,0.7025
9229,0.5545
9230,0.7184
9231,0.5072
9232,0.7982
9233,0.4933
9234,0.6430
9235,1.0969
9236,0.7355
9237,0.6319
9238,0.5384
9239,0.6868
9240,0.8138
9241,0.4007
9242,0.6118
9243,0.6606
9244,0.6636
9245,0.9383
9246,0.7157
9247,0.6077
9248,0.6226
9249,0.5787
9250,0.6203
9251,0.6851
9252,0.6394
9253,0.5365
9254,0.7739
9255,0.5958
9256,0.9094
9257,0.7126
9258,0.7954
9259,0.7286
9260,0.7374
9261,0.8346
9262,0.7695
9263,0.8487
9264,0.4572
9265,0.5977
9266,1.1422
9267,0.6960
9268,0.6125
9269,0.6145
9270,0.5818
9271,0.6550
9272,0.5686
9273,0.6404
9274,0.6853
9275,0.9924
9276,0.6286
9277,0.6921
9278,0.5354
9279,0.6836
9280,0.7285
9281,0.4363
9282,0.6674
9283,0.7393
9284,0.5727
9285,0.5545
9286,1.3165
9287,0.4530
9288,0.7011
9289,0.5555
9290,0.6897
9291,0.5209
9292,0.7059
9293,0.5544
9294,0.6721
9295,0.6632
9296,0.9543
9297,0.8069
9298,0.6273
9299,0.7746
9300,0.5992
9301,0.6443
9302,0.5870
9303,0.6207
9304,0.5618
9305,0.7147
9306,0.9401
9307,0.8238
9308,0.3927
9309,1.3972
9310,0.1611
9311,0.3792
9312,0.7081
9313,0.6113
9314,1.2482
9315,0.2836
9316,0.2869
9317,1.1806
9318,1.1122
9319,0.6350
9320,0.7878
9321,0.6956
9322,0.5562
9323,0.7903
9324,0.5241
9325,0.5947
9326,1.0444
9327,0.5322
9328,0.6896
9329,0.5801
9330,0.6486
9331,0.5960
9332,0.7486
9333,0.5120
9334,0.8316
9335,0.5912
9336,0.4320
9337,1.2184
9338,0.5048
9339,0.7328
9340,0.5496
9341,0.7080
9342,0.5240
9343,0.6226
9344,0.7423
9345,0.5948
9346,0.9350
9347,0.7650
9348,0.5385
9349,0.6125
9350,0.6175
9351,0.7238
9352,0.6245
9353,0.5361
9354,0.7918
9355,0.5462
9356,0.5748
9357,1.0991
9358,0.7068
9359,0.6501
9360,0.5239
9361,0.7362
9362,0.6134
9363,0.7274
9364,0.4854
9365,0.6235
9366,0.7426
9367,0.9184
9368,0.6530
9369,0.6557
9370,0.6728
9371,0.6159
9372,0.5504
9373,0.6066
9374,0.6517
9375,0.8195
9376,0.6660
9377,0.4293
9378,1.8733
9379,0.1677
9380,0.5757
9381,0.8262
9382,0.6954
9383,0.5251
9384,0.6979
9385,0.5640
9386,0.6401
9387,1.0868
9388,0.6471
9389,0.6055
9390,0.7359
9391,0.5732
9392,0.5889
9393,0.6230
9394,0.6163
9395,0.6981
9396,0.6779
9397,0.8900
9398,0.8137
9399,0.7522
9400,0.5925
9401,0.5892
9402,0.5874
9403,0.8289
9404,0.7160
9405,0.5543
9406,0.6656
9407,0.9720
9408,0.6971
9409,0.8872
9410,0.7681
9411,0.5149
9412,0.7038
9413,0.6229
9414,0.5321
9415,0.6541
9416,0.6551
9417,0.9947
9418,0.6353
9419,0.6643
9420,0.6661
9421,0.5323
9422,0.6106
9423,0.6859
9424,0.7357
9425,0.7493
9426,0.4328
9427,0.5848
9428,0.9489
9429,0.7153
9430,0.5901
9431,0.6193
9432,0.6842
9433,0.6331
9434,0.6578
9435,0.7898
9436,0.5139
9437,0.5127
9438,1.1020
9439,1.1599
9440,0.7660
9441,0.7540
9442,0.5799
9443,0.5772
9444,0.6758
9445,1.3856
9446,0.3383
9447,0.5864
9448,0.8213
9449,0.3783
9450,0.7313
9451,0.5289
9452,0.6244
9453,0.6535
9454,0.5940
9455,0.9377
9456,0.3174
9457,0.6139
9458,1.1442
9459,0.7641
9460,0.5238
9461,0.6918
9462,0.6402
9463,0.5903
9464,0.6280
9465,0.7138
9466,0.5583
9467,0.5741
9468,1.0486
9469,0.6731
9470,0.5290
9471,0.7612
9472,0.5740
9473,0.6412
9474,0.6403
9475,0.6080
9476,0.5551
9477,0.6933
9478,1.0699
9479,0.8312
9480,0.4346
9481,0.7202
9482,0.6118
9483,0.5101
9484,0.6505
9485,0.7121
9486,0.6461
9487,0.6106
9488,0.9204
9489,0.7642
9490,0.7574
9491,0.7137
9492,0.8913
9493,0.8123
9494,0.7226
9495,0.6938
9496,0.5376
9497,0.6057
9498,1.0352
9499,0.6306
9500,0.8200
9501,0.5530
9502,0.6117
9503,0.6461
9504,0.6361
9505,0.7598
9506,0.5628
9507,0.5888
9508,1.1066
9509,0.7140
9510,0.5259
9511,0.5940
9512,0.6530
9513,0.6661
9514,0.6441
9515,0.6202
9516,0.5951
9517,0.7072
9518,0.9515
9519,0.6757
9520,0.5634
9521,0.6139
9522,0.7240
9523,0.7174
9524,0.5008
9525,0.7067
9526,0.5253
9527,0.6958
9528,1.0657
9529,0.7247
9530,0.6176
9531,0.6159
9532,0.5522
9533,0.7045
9534,0.5458
9535,0.8979
9536,0.5876
9537,0.5714
9538,0.5140
9539,0.9494
9540,0.7970
9541,0.6903
9542,0.6520
9543,0.5481
9544,0.6218
9545,0.6511
9546,0.8357
9547,0.4624
9548,0.8169
9549,0.7714
9550,0.7577
9551,0.8049
9552,0.8716
9553,0.6827
9554,0.7992
9555,0.4957
9556,0.6203
9557,0.7755
9558,1.1504
9559,0.5035
9560,0.6918
9561,0.5506
9562,0.6532
9563,0.5563
9564,0.7477
9565,0.5277
9566,0.7350
9567,0.5196
9568,0.9572
9569,0.7905
9570,0.6961
9571,0.7774
9572,0.4791
9573,0.7150
9574,0.5812
9575,0.5522
9576,1.0035
9577,0.3254
9578,0.8938
9579,1.3019
9580,0.3838
9581,0.7628
9582,0.5221
9583,0.7258
9584,0.5285
9585,0.6669
9586,0.7428
9587,0.4826
9588,0.5676
9589,1.0877
9590,0.6981
9591,0.4926
9592,0.6367
9593,0.6023
9594,0.7230
9595,0.7191
9596,0.4568
9597,0.6649
9598,0.6281
9599,1.0876
9600,0.7973
9601,0.6115
9602,0.8629
9603,0.2530
9604,0.6569
9605,0.7531
9606,0.5095
9607,0.6582
9608,0.5877
9609,1.0085
9610,0.7836
9611,0.7805
9612,0.8757
9613,0.6625
9614,0.6394
9615,0.7275
9616,0.6959
9617,0.5492
9618,0.5621
9619,1.0059
9620,0.6570
9621,0.6372
9622,0.6176
9623,0.6948
9624,0.7203
9625,0.4664
9626,0.6801
9627,0.5636
9628,0.7169
9629,1.0215
9630,0.7662
9631,0.6070
9632,0.6374
9633,0.4987
9634,0.6218
9635,0.6875
9636,0.5945
9637,0.7990
9638,0.5612
9639,0.5809
9640,1.0034
9641,0.5348
9642,0.7164
9643,0.5611
9644,0.5822
9645,0.6366
9646,0.6153
9647,0.6618
9648,0.7451
9649,1.0097
9650,0.6923
9651,0.6103
9652,0.5857
9653,0.6563
9654,0.6278
9655,0.7076
9656,0.5308
9657,0.5956
9658,0.8772
9659,0.6021
9660,0.7019
9661,0.9243
9662,0.7848
9663,0.4679
9664,0.6896
9665,0.5773
9666,0.7459
9667,0.5695
9668,0.5538
9669,0.8479
9670,1.1885
9671,0.3465
9672,1.1005
9673,0.5742
9674,0.6256
9675,0.8260
9676,0.5320
9677,0.8366
9678,0.3990
9679,0.6012
9680,1.1119
9681,0.8174
9682,0.5623
9683,0.5764
9684,0.6291
9685,0.6338
9686,0.6130
9687,0.8930
9688,0.2883
9689,0.7058
9690,0.9705
9691,0.6232
9692,0.7298
9693,0.5303
9694,0.7427
9695,0.5623
9696,0.6091
9697,0.6832
9698,0.6679
9699,0.5870
9700,0.5354
9701,1.1279
9702,0.7756
9703,0.5127
9704,0.6995
9705,0.5698
9706,0.5741
9707,0.6432
9708,0.6834
9709,0.6622
9710,1.3984
9711,0.1248
9712,0.7933
9713,0.5470
9714,0.5942
9715,0.8133
9716,0.4953
9717,0.6404
9718,0.6447
9719,0.5781
9720,0.6381
9721,1.0841
9722,0.7680
9723,0.7445
9724,0.9547
9725,0.6639
9726,0.7249
9727,0.6049
9728,0.6670
9729,0.6149
9730,0.9820
9731,0.6938
9732,0.6033
9733,0.5328
9734,0.6182
9735,0.7537
9736,0.5760
9737,1.3048
9738,0.2165
9739,0.3926
9740,0.6484
9741,0.9598
9742,0.6539
9743,0.7783
9744,0.4302
9745,0.7366
9746,0.5476
9747,0.9117
9748,0.3310
9749,0.6193
9750,0.6785
9751,1.0850
9752,0.7428
9753,0.6087
9754,0.5449
9755,0.6932
9756,0.5314
9757,0.6604
9758,0.6351
9759,0.7554
9760,0.7042
9761,0.4332
9762,1.1554
9763,0.4933
9764,0.7219
9765,0.6074
9766,0.6280
9767,0.5543
9768,0.7177
9769,0.5049
9770,0.6586
9771,0.6982
9772,1.0772
9773,0.6726
9774,0.5905
9775,0.6176
9776,0.6047
9777,0.5924
9778,0.6473
9779,0.6479
9780,0.6412
9781,0.6469
9782,1.0061
9783,0.7181
9784,0.7320
9785,0.8561
9786,0.7931
9787,0.7071
9788,0.6878
9789,0.7076
9790,0.5239
9791,0.5676
9792,0.9910
9793,0.7354
9794,0.6405
9795,0.5520
9796,0.6316
9797,0.7007
9798,0.5323
9799,0.6708
9800,0.6029
9801,0.6234
9802,1.2080
9803,0.5498
9804,0.6217
9805,1.2054
9806,0.1693
9807,0.5640
9808,0.6503
9809,0.5481
9810,0.9884
9811,0.3455
9812,0.6255
9813,0.9208
9814,0.6918
9815,0.7075
9816,0.5354
9817,0.6966
9818,0.4959
9819,0.7167
9820,0.7241
9821,0.5486
9822,0.5893
9823,1.0477
9824,0.9240
9825,0.6537
9826,0.6687
9827,0.6072
9828,0.6133
9829,0.7518
9830,1.3691
9831,0.1433
9832,0.2591
9833,1.1195
9834,0.5572
9835,0.6006
9836,0.6665
9837,0.5817
9838,0.5627
9839,0.6865
9840,0.5948
9841,0.7186
9842,0.5920
9843,1.0951
9844,0.7600
9845,0.8091
9846,0.8686
9847,0.6753
9848,0.6517
9849,1.0541
9850,0.3389
9851,0.6186
9852,0.8858
9853,0.6240
9854,0.6593
9855,0.6890
9856,0.6000
9857,0.5431
9858,0.6184
9859,0.6304
9860,0.9051
9861,0.3728
9862,0.6154
9863,1.0012
9864,0.7219
9865,0.7264
9866,0.6371
9867,0.6005
9868,0.6617
9869,0.6205
9870,0.8574
9871,0.4685
9872,0.6641
9873,1.0393
9874,0.5957
9875,0.7263
9876,0.6589
9877,0.5860
9878,0.6415
9879,0.5389
9880,0.7175
9881,0.5360
9882,0.6759
9883,1.0157
9884,0.7254
9885,0.5266
9886,0.5870
9887,0.8171
9888,0.5564
9889,0.6112
9890,0.6290
9891,0.7305
9892,0.5164
9893,0.5543
9894,1.1041
9895,0.7099
9896,0.8283
9897,0.7661
9898,0.1763
9899,0.6840
9900,0.6599
9901,0.7925
9902,0.4281
9903,0.6812
9904,1.1219
9905,0.7773
9906,0.7909
9907,0.7519
9908,0.6078
9909,0.5246
9910,0.6225
9911,0.7371
9912,0.6204
9913,0.9658
9914,0.6384
9915,0.7070
9916,0.6946
9917,0.4626
9918,0.7902
9919,0.5057
9920,0.6099
9921,0.8489
9922,0.4234
9923,0.6341
9924,1.0859
9925,0.7823
9926,0.4571
9927,0.6570
9928,0.6904
9929,0.5430
9930,0.7159
9931,0.5167
9932,0.6770
9933,0.6464
9934,0.9925
9935,0.6245
9936,0.7130
9937,0.6934
9938,0.4935
9939,0.6219
9940,0.6977
9941,0.5552
9942,1.1939
9943,0.2007
9944,0.5434
9945,1.0876
9946,0.7889
9947,0.4975
9948,0.7166
9949,0.5294
9950,0.6265
9951,0.6532
9952,0.7756
9953,0.6164
9954,0.5069
9955,0.9624
9956,0.9144
9957,0.7771
9958,0.7270
9959,0.6974
9960,0.6343
9961,0.7078
9962,0.5094
9963,0.6542
9964,1.0976
9965,0.5891
9966,0.6507
9967,0.6644
9968,0.7746
9969,0.6205
9970,0.6088
9971,0.6740
9972,0.6021
9973,0.6922
9974,0.5536
9975,1.0470
9976,0.6567
9977,0.7972
9978,0.5266
9979,0.7431
9980,0.6283
9981,0.5336
9982,0.7823
9983,0.5465
9984,0.5671
9985,1.0798
9986,0.6009
9987,0.7677
9988,0.6839
9989,0.6377
9990,0.5839
9991,0.6780
9992,0.6716
9993,0.5496
9994,1.0753
9995,0.7623
9996,0.5902
9997,0.6236
9998,0.5398
9999,0.7438
10000,0.5392
10001,0.6038
10002,0.6128
10003,0.7013
10004,0.9850
10005,0.6109
10006,0.6455
10007,0.6260
10008,0.7001
10009,0.5495
10010,0.7240
10011,0.5912
10012,0.5542
10013,0.6296
10014,0.7644
10015,1.0081
10016,0.7750
10017,0.7825
10018,0.8611
10019,0.6737
10020,0.7405
10021,0.5389
10022,0.7626
10023,0.5981
10024,0.9432
10025,0.7291
10026,0.6104
10027,0.5799
10028,0.6277
10029,0.6105
10030,1.1324
10031,0.2442
10032,0.5252
10033,0.6003
10034,0.7257
10035,0.9076
10036,0.8136
10037,0.7026
10038,0.5456
10039,0.5961
10040,0.7331
10041,0.5382
10042,0.6457
10043,0.6487
10044,0.6860
10045,1.1810
10046,0.6882
10047,0.4608
10048,0.6675
10049,0.5923
10050,0.6163
10051,0.7251
10052,0.6096
10053,1.1747
10054,0.4500
10055,0.6530
10056,0.6526
10057,0.4981
10058,0.7718
10059,0.6656
10060,0.5497
10061,0.6280
10062,0.6343
10063,0.5337
10064,0.6622
10065,0.6945
10066,1.0733
10067,0.6031
10068,0.6961
10069,0.7388
10070,0.5722
10071,0.6322
10072,0.4766
10073,0.9205
10074,0.4049
10075,0.6211
10076,1.1854
10077,0.5076
10078,0.7955
10079,0.9783
10080,0.6583
10081,1.4720
10082,0.0961
10083,0.5232
10084,0.8001
10085,0.9673
10086,0.6922
10087,0.5871
10088,0.7537
10089,0.4897
10090,0.7146
10091,0.6960
10092,0.4770
10093,0.6566
10094,0.6405
10095,0.9611
10096,0.7643
10097,0.5812
10098,0.9324
10099,0.2914
10100,0.5571
10101,0.7454
10102,0.6148
10103,0.6927
10104,0.5417
10105,0.6235
10106,0.9933
10107,0.6505
10108,0.8822
10109,0.6454
10110,0.5274
10111,0.7093
10112,0.4802
10113,0.6214
10114,0.6709
10115,0.6597
10116,1.1006
10117,0.7573
10118,0.4873
10119,0.6134
10120,0.7434
10121,0.6009
10122,0.5754
10123,0.6480
10124,1.6281
10125,0.0936
10126,0.6760
10127,0.6598
10128,0.6085
10129,0.6269
10130,0.6751
10131,0.7020
10132,0.4949
10133,0.6184
10134,0.6736
10135,0.6126
10136,1.1588
10137,0.7071
10138,0.7927
10139,0.8401
10140,0.7341
10141,0.6483
10142,0.6252
10143,0.9139
10144,0.3662
10145,0.6386
10146,1.0008
10147,0.6923
10148,0.7851
10149,0.6640
10150,0.9432
10151,0.1817
10152,0.7516
10153,0.6689
10154,0.5210
10155,0.6056
10156,1.0112
10157,0.7497
10158,0.4944
10159,0.7092
10160,0.5527
10161,0.6698
10162,0.6812
10163,0.5526
10164,0.6193
10165,0.6715
10166,1.2224
10167,0.6316
10168,0.5851
10169,0.6812
10170,0.5969
10171,0.6267
10172,0.6247
10173,0.5464
10174,0.6926
10175,0.5886
10176,0.6997
10177,0.9054
10178,0.7838
10179,0.7775
10180,0.5117
10181,0.6189
10182,0.7173
10183,0.5792
10184,0.6907
10185,0.5506
10186,1.0740
10187,0.7062
10188,1.1256
10189,0.8016
10190,0.6011
10191,0.6514
10192,0.6831
10193,0.7586
10194,0.4236
10195,0.6532
10196,0.9444
10197,0.7246
10198,0.7456
10199,0.8519
10200,0.7104
10201,0.5880
10202,0.5877
10203,0.7034
10204,0.5996
10205,0.5596
10206,1.2174
10207,0.6049
10208,0.6406
10209,0.5140
10210,0.6177
10211,0.7153
10212,0.5536
10213,0.7311
10214,0.5836
10215,0.6058
10216,0.9411
10217,0.7029
10218,0.8130
10219,0.5329
10220,0.5211
10221,0.7061
10222,0.5515
10223,0.6204
10224,0.5867
10225,0.6925
10226,0.9569
10227,0.8368
10228,0.5545
10229,0.6402
10230,0.5190
10231,0.6292
10232,0.6488
10233,0.6163
10234,1.3351
10235,0.1825
10236,0.3915
10237,0.6739
10238,1.1761
10239,0.6043
10240,0.5339
10241,0.7296
10242,0.4924
10243,0.6372
10244,0.8850
10245,0.4007
10246,0.6946
10247,0.9409
10248,0.7538
10249,0.8855
10250,0.7070
10251,0.7670
10252,0.5748
10253,0.5658
10254,0.7445
10255,0.5779
10256,0.6590
10257,1.1155
10258,0.6381
10259,0.6207
10260,0.6242
10261,0.5643
10262,0.6037
10263,0.6071
10264,0.6310
10265,0.6582
10266,0.6204
10267,1.0450
10268,0.6610
10269,0.8900
10270,0.5182
10271,0.6930
10272,0.5383
10273,0.6258
10274,0.5960
10275,0.6583
10276,0.7057
10277,0.9530
10278,0.7839
10279,0.4814
10280,0.6473
10281,0.7485
10282,0.5294
10283,0.6255
10284,0.7322
10285,0.5248
10286,0.6557
10287,0.5766
10288,1.1036
10289,0.7229
10290,0.5644
10291,0.5855
10292,0.6204
10293,0.7313
10294,0.6270
10295,0.7028
10296,0.5297
10297,1.0595
10298,0.5806
10299,0.6920
10300,0.6558
10301,0.5259
10302,1.2306
10303,0.1420
10304,0.5249
10305,0.6006
10306,0.6520
10307,0.6549
10308,1.1301
10309,0.7412
10310,0.7696
10311,0.8447
10312,0.7932
10313,0.6931
10314,0.5767
10315,0.6139
10316,0.7043
10317,0.9074
10318,0.7894
10319,0.5044
10320,0.6278
10321,0.6038
10322,0.7372
10323,0.6231
10324,0.5707
10325,0.6467
10326,0.8112
10327,0.8981
10328,0.7583
10329,0.5120
10330,0.7286
10331,0.5932
10332,0.6377
10333,0.5156
10334,0.6242
10335,0.6279
10336,0.6598
10337,0.6732
10338,0.9650
10339,0.7441
10340,0.5148
10341,0.7147
10342,0.5519
10343,0.5982
10344,0.6287
10345,0.6284
10346,0.6859
10347,0.7228
10348,0.9309
10349,0.7337
10350,0.5165
10351,0.7069
10352,0.5410
10353,0.6613
10354,0.5823
10355,0.5931
10356,0.8779
10357,0.5461
10358,0.5216
10359,0.6649
10360,1.1899
10361,0.5833
10362,0.5269
10363,0.7268
10364,0.5524
10365,0.6363
10366,0.8455
10367,0.4115
10368,0.6686
10369,0.9482
10370,0.9133
10371,0.5707
10372,0.7971
10373,0.9554
10374,0.6659
10375,0.7331
10376,0.5988
10377,0.6696
10378,0.9530
10379,0.8066
10380,0.8371
10381,0.6335
10382,0.6781
10383,0.6230
10384,0.6294
10385,0.5289
10386,0.6562
10387,0.6504
10388,1.0047
10389,0.7209
10390,0.6217
10391,0.5804
10392,2.3960
10393,0.7944
10394,0.4353
10395,0.2277
10396,0.3764
10397,0.5760
10398,0.9855
10399,0.6599
10400,0.6334
10401,0.6918
10402,0.6249
10403,0.5412
10404,0.5926
10405,0.6559
10406,0.6302
10407,1.1489
10408,0.7549
10409,0.5305
10410,0.5913
10411,0.6917
10412,0.5168
10413,0.9684
10414,0.4518
10415,0.5613
10416,0.5913
10417,1.0808
10418,0.6478
10419,1.1598
10420,0.5415
10421,0.7498
10422,0.5304
10423,0.5651
10424,0.6864
10425,0.6184
10426,0.6647
10427,0.9109
10428,0.7283
10429,0.9261
10430,0.7000
10431,0.6002
10432,0.6219
10433,0.5212
10434,0.6814
10435,0.6511
10436,0.7234
10437,0.8636
10438,0.7530
10439,0.6046
10440,0.5754
10441,1.2771
10442,0.1039
10443,0.6756
10444,0.6991
10445,0.4771
10446,0.7084
10447,1.0443
10448,0.7343
10449,0.7235
10450,0.6628
10451,0.5550
10452,0.7049
10453,0.6234
10454,0.5680
10455,0.6014
10456,0.7229
10457,0.9613
10458,1.2277
10459,0.1376
10460,0.5308
10461,0.6739
10462,0.7288
10463,0.5126
10464,0.6253
10465,0.7002
10466,0.6149
10467,0.5653
10468,0.8579
10469,0.8006
10470,0.6606
10471,0.7119
10472,0.5085
10473,0.5643
10474,0.7066
10475,0.5905
10476,0.6277
10477,0.6444
10478,1.1426
10479,0.6344
10480,1.0520
10481,0.9325
10482,0.5689
10483,0.5806
10484,0.6988
10485,0.5753
10486,0.6524
10487,0.9617
10488,0.7307
10489,0.5972
10490,0.6350
10491,0.6513
10492,0.5571
10493,0.5961
10494,0.7137
10495,0.7222
10496,0.4824
10497,0.5716
10498,1.1246
10499,0.7860
10500,0.5252
10501,0.6747
10502,0.6199
10503,0.6363
10504,0.6227
10505,0.9115
10506,0.3131
10507,0.6992
10508,0.9182
10509,0.7248
10510,0.5461
10511,0.6904
10512,0.6251
10513,0.6165
10514,0.5677
10515,0.6888
10516,0.6018
10517,0.6277
10518,0.5893
10519,0.9736
10520,0.7684
10521,0.7989
10522,0.5557
10523,0.6205
10524,0.6744
10525,0.5682
10526,0.8238
10527,0.4537
10528,0.6169
10529,1.4286
10530,0.3971
10531,0.6865
10532,0.5248
10533,0.7101
10534,0.6195
10535,0.6781
10536,0.6607
10537,0.5147
10538,0.6570
10539,1.0904
10540,0.7818
10541,0.7872
10542,0.7718
10543,0.5937
10544,0.7279
10545,0.4831
10546,0.6470
10547,0.6768
10548,0.8538
10549,0.7851
10550,1.1195
10551,0.3715
10552,0.6440
10553,0.6865
10554,0.6224
10555,0.5864
10556,0.6137
10557,0.6941
10558,0.9310
10559,0.7337
10560,0.6028
10561,0.5566
10562,0.6901
10563,0.6268
10564,0.5436
10565,0.7091
10566,0.6941
10567,0.5177
10568,0.6693
10569,1.0950
10570,0.6792
10571,0.7218
10572,0.5319
10573,0.5920
10574,0.8195
10575,0.4691
10576,0.7886
10577,0.6216
10578,0.5020
10579,0.9420
10580,0.6689
10581,0.6359
10582,0.5832
10583,0.6823
10584,0.6250
10585,0.7518
10586,0.4827
10587,0.6011
10588,0.7656
10589,0.8859
10590,0.7315
10591,0.7598
10592,0.5809
10593,0.6721
10594,0.5728
10595,0.6090
10596,0.6433
10597,1.2703
10598,0.2275
10599,0.3845
10600,1.0139
10601,1.3192
10602,0.6124
10603,0.8950
10604,0.5840
10605,0.5817
10606,0.7554
10607,0.4986
10608,0.6574
10609,0.9759
10610,0.6246
10611,0.5877
10612,0.7278
10613,0.6145
10614,0.7415
10615,0.5304
10616,0.6313
10617,0.5457
10618,0.8258
10619,1.0151
10620,0.4106
10621,1.0032
10622,0.6534
10623,0.5766
10624,0.6308
10625,0.7196
10626,0.6302
10627,0.5722
10628,0.7065
10629,0.9177
10630,0.7195
10631,0.6296
10632,0.5359
10633,0.6454
10634,0.7027
10635,0.6171
10636,0.6497
10637,0.7619
10638,0.5738
10639,0.5279
10640,0.6717
10641,1.1639
10642,0.8830
10643,0.3418
10644,0.6446
10645,0.6335
10646,0.5564
10647,0.7603
10648,0.5558
10649,0.5968
10650,1.0400
10651,1.1682
10652,0.6357
10653,0.8252
10654,0.6742
10655,0.5585
10656,0.6574
10657,0.6041
10658,0.9516
10659,0.6412
10660,0.5733
10661,0.7593
10662,0.5487
10663,0.5967
10664,0.6052
10665,2.0188
10666,0.2324
10667,0.2036
10668,0.4748
10669,0.6062
10670,1.1098
10671,0.7184
10672,0.5179
10673,0.7239
10674,0.6742
10675,0.5202
10676,0.6134
10677,0.6376
10678,0.6417
10679,1.0156
10680,0.5583
10681,0.8526
10682,0.6117
10683,0.7131
10684,0.5107
10685,0.6959
10686,0.6851
10687,0.5411
10688,0.7532
10689,1.0128
10690,0.6199
10691,0.6541
10692,0.5828
10693,0.7049
10694,0.6182
10695,0.8168
10696,0.4458
10697,0.6713
10698,0.6387
10699,0.9017
10700,0.5892
10701,0.7630
10702,0.6035
10703,0.5709
10704,0.6801
10705,0.6274
10706,0.5768
10707,0.7276
10708,0.6128
10709,0.6689
10710,1.0943
10711,0.7025
10712,0.6565
10713,0.8112
10714,0.7253
10715,0.7082
10716,0.7025
10717,0.5706
10718,0.6665
10719,0.6256
10720,1.1462
10721,0.6808
10722,0.5478
10723,0.5670
10724,0.8512
10725,0.5003
10726,0.5832
10727,0.7596
10728,0.5990
10729,0.5499
10730,0.5546
10731,1.1383
10732,0.5663
10733,0.7576
10734,1.2598
10735,0.2438
10736,0.4947
10737,0.7584
10738,0.4786
10739,0.7782
10740,0.8710
10741,0.7340
10742,0.6979
10743,0.6978
10744,0.6148
10745,0.6263
10746,0.5905
10747,0.6744
10748,0.6110
10749,0.6425
10750,1.1414
10751,0.4956
10752,0.9212
10753,0.7179
10754,0.4587
10755,1.0334
10756,0.2148
10757,0.8135
10758,0.5384
10759,0.5886
10760,0.5650
10761,1.1412
10762,0.5160
10763,0.6742
10764,0.6206
10765,0.5597
10766,0.7158
10767,0.5264
10768,0.8018
10769,0.5906
10770,0.9910
10771,0.6228
10772,1.1855
10773,0.7126
10774,0.6667
10775,0.6922
10776,0.5978
10777,0.8570
10778,0.4135
10779,0.6127
10780,0.9522
10781,0.6551
10782,0.7893
10783,0.6597
10784,0.6517
10785,0.5678
10786,0.7077
10787,0.7092
10788,0.8075
10789,0.2982
10790,1.0457
10791,0.9264
10792,0.6981
10793,0.5764
10794,0.6644
10795,0.5943
10796,0.7810
10797,0.5996
10798,0.5998
10799,0.6098
10800,0.6951
10801,1.0104
10802,0.5051
10803,0.7086
10804,0.5781
10805,0.5770
10806,0.6657
10807,0.8358
10808,0.4673
10809,0.6552
10810,0.9172
10811,0.8225
10812,0.8352
10813,0.7654
10814,0.6921
10815,0.6693
10816,0.5190
10817,0.6967
10818,0.6427
10819,0.5663
10820,0.7463
10821,0.9580
10822,1.0815
10823,0.2013
10824,0.5465
10825,0.6641
10826,0.5766
10827,0.8798
10828,0.4235
10829,0.6177
10830,0.9594
10831,0.6894
10832,0.8372
10833,0.8063
10834,0.7510
10835,0.7015
10836,0.6285
10837,0.6647
10838,0.6492
10839,0.8645
10840,0.7873
10841,0.9391
10842,0.6425
10843,0.6433
10844,0.6163
10845,0.5625
10846,0.6474
10847,0.8124
10848,0.6440
10849,0.9557
10850,0.7219
10851,0.6330
10852,0.5371
10853,0.6914
10854,0.6920
10855,0.4944
10856,0.6299
10857,0.6908
10858,0.6623
10859,0.9106
10860,0.7094
10861,1.0327
10862,0.5536
10863,0.6585
10864,0.5768
10865,0.5899
10866,0.7978
10867,0.4934
10868,0.6578
10869,0.5916
10870,0.9736
10871,0.7309
10872,0.7827
10873,0.6941
10874,0.4904
10875,0.7295
10876,0.6071
10877,0.5853
10878,0.6316
10879,1.0749
10880,0.6734
10881,1.0102
10882,0.6718
10883,0.7627
10884,0.6170
10885,0.6306
10886,0.7301
10887,1.1432
10888,0.3581
10889,0.7095
10890,0.8389
10891,0.7584
10892,0.7634
10893,0.6552
10894,0.6102
10895,0.6081
10896,0.9083
10897,0.4459
10898,0.6213
10899,0.9221
10900,0.6436
10901,0.8025
10902,0.4137
10903,0.6857
10904,0.5816
10905,0.6913
10906,0.7230
10907,0.5217
10908,0.6241
10909,1.1279
10910,0.7278
10911,0.5386
10912,0.7000
10913,0.4966
10914,0.7356
10915,0.6313
10916,0.5050
10917,0.6675
10918,0.6804
10919,0.9769
10920,0.7271
10921,0.6076
10922,0.5343
10923,0.6100
10924,0.6171
10925,0.7486
10926,0.5239
10927,0.6679
10928,0.6558
10929,1.0754
10930,0.6693
10931,0.7122
10932,0.4848
10933,0.8361
10934,0.4751
10935,0.5955
10936,0.6539
10937,0.7529
10938,0.5033
10939,0.6084
10940,1.1960
10941,0.8098
10942,0.7837
10943,0.6537
10944,0.6544
10945,0.7266
10946,0.5136
10947,0.6099
10948,0.7197
10949,0.9518
10950,0.7079
10951,0.6324
10952,0.5086
10953,0.6454
10954,0.6069
10955,0.6438
10956,0.8074
10957,0.5479
10958,0.6118
10959,0.6236
10960,1.0601
10961,0.6657
10962,0.6170
10963,0.6818
10964,0.5586
10965,0.6410
10966,0.5902
10967,0.6731
10968,0.6396
10969,0.6632
10970,0.9593
10971,0.7338
10972,0.6084
10973,0.5496
10974,0.7269
10975,0.7034
10976,0.4575
10977,0.6512
10978,0.6140
10979,0.7765
10980,1.0608
10981,0.5918
10982,0.7027
10983,0.6405
10984,0.6030
10985,0.5861
10986,0.6277
10987,0.6287
10988,0.7848
10989,0.6051
10990,0.6108
10991,0.9043
10992,0.6587
10993,0.6939
10994,0.5823
10995,0.5821
10996,0.6110
10997,0.6166
10998,0.8528
10999,0.5243
11000,0.6884
11001,0.9368
11002,0.7725
11003,0.6349
11004,0.9423
11005,0.6684
11006,0.6371
11007,0.7293
11008,0.6391
11009,0.6710
11010,1.0168
11011,0.7201
11012,0.6514
11013,0.5795
11014,0.5777
11015,0.7077
11016,0.6085
11017,0.5491
11018,0.7751
11019,0.5287
11020,0.5662
11021,1.1759
11022,0.4846
11023,1.1585
11024,0.2008
11025,0.8288
11026,0.3874
11027,0.6794
11028,0.8208
11029,0.3545
11030,0.6844
11031,1.0677
11032,0.7794
11033,0.4544
11034,0.7383
11035,0.5369
11036,0.6180
11037,0.6360
11038,0.6831
11039,0.5818
11040,0.6688
11041,0.9830
11042,0.6271
11043,0.7167
11044,0.5665
11045,0.6201
11046,0.5936
11047,0.7227
11048,0.5973
11049,0.8530
11050,0.3544
11051,0.7501
11052,1.0078
11053,0.8296
11054,0.4042
11055,0.6686
11056,0.6786
11057,0.5396
11058,0.6403
11059,0.7648
11060,0.6000
11061,0.5338
11062,0.9994
11063,0.7450
11064,0.7878
11065,0.7628
11066,0.9562
11067,0.6743
11068,0.6136
11069,0.9649
11070,0.5836
11071,0.5125
11072,1.0073
11073,0.4831
11074,0.6151
11075,0.6326
11076,0.6109
11077,0.6046
11078,0.6887
11079,0.8241
11080,0.4095
11081,0.6341
11082,1.0952
11083,0.7292
11084,1.2376
11085,0.0861
11086,0.7506
11087,0.4836
11088,0.6549
11089,0.8032
11090,0.4783
11091,0.5730
11092,1.2331
11093,0.3967
11094,0.6332
11095,0.6092
11096,0.7180
11097,0.6213
11098,0.6729
11099,0.5997
11100,0.5450
11101,0.6250
11102,1.1471
11103,0.6588
11104,0.5763
11105,0.6412
11106,0.6265
11107,0.7088
11108,0.5166
11109,0.6568
11110,0.6428
11111,0.7547
11112,0.8992
11113,0.7193
11114,1.3540
11115,0.2980
11116,0.7987
11117,0.6668
11118,0.7430
11119,0.7867
11120,0.5747
11121,0.5381
11122,1.0427
11123,0.6673
11124,0.5941
11125,0.6607
11126,0.6253
11127,0.5690
11128,0.6162
11129,0.7799
11130,0.5098
11131,0.6495
11132,1.0996
11133,0.6288
11134,0.6256
11135,0.6095
11136,0.7050
11137,0.6278
11138,0.6001
11139,0.6735
11140,0.5799
11141,0.6377
11142,0.9396
11143,0.7026
11144,0.8589
11145,0.5717
11146,0.6385
11147,0.5779
11148,0.6125
11149,0.7077
11150,0.5692
11151,0.6499
11152,1.1275
11153,0.7770
11154,0.4591
11155,0.6125
11156,0.7272
11157,0.6174
11158,0.5410
11159,0.6704
11160,0.8404
11161,0.4530
11162,0.6369
11163,0.9545
11164,0.6078
11165,0.6075
11166,0.6173
11167,0.7279
11168,0.5327
11169,0.6274
11170,0.7848
11171,0.5757
11172,0.7599
11173,0.8938
11174,0.7132
11175,0.8249
11176,0.7880
11177,0.7454
11178,0.7141
11179,0.6733
11180,0.5668
11181,0.7055
11182,1.4881
11183,0.2461
11184,0.6626
11185,0.6146
11186,0.7126
11187,0.5858
11188,0.6858
11189,0.4846
11190,0.6630
11191,0.7360
11192,0.5620
11193,0.9743
11194,0.6926
11195,0.6973
11196,0.5723
11197,0.6131
11198,0.5434
11199,0.6492
11200,0.8797
11201,0.4006
11202,0.6145
11203,1.1673
11204,0.8162
11205,0.5188
11206,0.5392
11207,0.7009
11208,0.5439
11209,0.7253
11210,0.5576
11211,0.5970
11212,0.6460
11213,0.9661
11214,0.6784
11215,0.7755
11216,0.7676
11217,0.5436
11218,0.6641
11219,0.5386
11220,0.6306
11221,0.7969
11222,0.6206
11223,1.0050
11224,0.7531
11225,0.6070
11226,0.6214
11227,0.5492
11228,0.9542
11229,0.2795
11230,0.7152
11231,0.5983
11232,0.6047
11233,1.0991
11234,0.7606
11235,0.7717
11236,0.7841
11237,0.7468
11238,0.5022
11239,0.6250
11240,0.6342
11241,0.6724
11242,0.7113
11243,0.8877
11244,0.7656
11245,0.7888
11246,0.7195
11247,0.8397
11248,0.2286
11249,0.7269
11250,1.2089
11251,0.1592
11252,0.4333
11253,0.6338
11254,1.1934
11255,0.5565
11256,0.6404
11257,0.6044
11258,0.7159
11259,0.6891
11260,0.5422
11261,0.5872
11262,0.6409
11263,0.9675
11264,0.6750
11265,0.6835
11266,0.5265
11267,0.6292
11268,0.6912
11269,0.5359
11270,0.6497
11271,0.7506
11272,1.2699
11273,0.3351
11274,0.5829
11275,1.0366
11276,0.5671
11277,0.6759
11278,0.5968
11279,0.5746
11280,0.8250
11281,0.5769
11282,0.5171
11283,0.5543
11284,1.1279
11285,0.6195
11286,0.5448
11287,0.7206
11288,0.5542
11289,0.5932
11290,0.6158
11291,0.7335
11292,0.7462
11293,0.8959
11294,0.7216
11295,1.1288
11296,0.7726
11297,0.7358
11298,0.5863
11299,0.5570
11300,0.7117
11301,0.5512
11302,0.6612
11303,0.9802
11304,0.7157
11305,0.5630
11306,0.6730
11307,0.5757
11308,0.6913
11309,0.7158
11310,0.4265
11311,0.8785
11312,0.4552
11313,0.5879
11314,0.9745
11315,0.6850
11316,0.8741
11317,0.5128
11318,1.2906
11319,0.1736
11320,0.4758
11321,0.8927
11322,0.3447
11323,0.6608
11324,1.1073
11325,0.7225
11326,0.5912
11327,0.5988
11328,0.5645
11329,0.7342
11330,0.6263
11331,0.5316
11332,0.6683
11333,0.6648
11334,0.9241
11335,0.7707
11336,0.6458
11337,0.7266
11338,0.7667
11339,0.5131
11340,0.6799
11341,0.5190
11342,0.6007
11343,0.6474
11344,1.0740
11345,0.8219
11346,1.0992
11347,0.6871
11348,0.6420
11349,0.6022
11350,0.6536
11351,0.8452
11352,0.6855
11353,0.3420
11354,1.0529
11355,0.6428
11356,0.5712
11357,0.6833
11358,0.5810
11359,0.5897
11360,0.7218
11361,0.5349
11362,0.6979
11363,0.9951
11364,1.2014
11365,0.1185
11366,0.6744
11367,0.5173
11368,0.7221
11369,0.6203
11370,0.5227
11371,0.7338
11372,0.5765
11373,0.6104
11374,0.6492
11375,1.1039
11376,0.6877
11377,0.6304
11378,0.5353
11379,0.7443
11380,0.5103
11381,0.6582
11382,0.7521
11383,0.7311
11384,0.8000
11385,0.6843
11386,0.7743
11387,0.7825
11388,0.4347
11389,0.7162
11390,0.6264
11391,0.5116
11392,1.4209
11393,0.0890
11394,0.6237
11395,1.2747
11396,0.4133
11397,0.6047
11398,0.6416
11399,0.7317
11400,0.6303
11401,0.5133
11402,0.9322
11403,0.3518
11404,0.6730
11405,1.1465
11406,0.7720
11407,0.7718
11408,0.7675
11409,0.5837
11410,0.6003
11411,0.7262
11412,0.5361
11413,0.6583
11414,1.0692
11415,0.7442
11416,0.5946
11417,0.5367
11418,0.7150
11419,0.6361
11420,0.5933
11421,0.5796
11422,0.8013
11423,0.5288
11424,0.5209
11425,1.1293
11426,0.5875
11427,0.5711
11428,0.6760
11429,0.6870
11430,0.7336
11431,0.4676
11432,0.6594
11433,0.5776
11434,1.1168
11435,0.7503
11436,0.5032
11437,0.6540
11438,0.7023
11439,0.5286
11440,0.6262
11441,0.6202
11442,0.7137
11443,0.6120
11444,0.6837
11445,1.0485
11446,0.6554
11447,0.6972
11448,0.5693
11449,0.5751
11450,0.6914
11451,0.6031
11452,0.7154
11453,0.6846
11454,0.7725
11455,0.7746
11456,0.5843
11457,0.6513
11458,0.6818
11459,0.6778
11460,0.5869
11461,0.5292
11462,0.7460
11463,0.6693
11464,0.8511
11465,0.8458
11466,0.7059
11467,0.9952
11468,0.8034
11469,0.7355
11470,0.5255
11471,0.7103
11472,0.5174
11473,0.6618
11474,0.6817
11475,0.9865
11476,0.6556
11477,0.7945
11478,0.6945
11479,0.5241
11480,0.6585
11481,0.6172
11482,0.5942
11483,0.6597
11484,0.6659
11485,0.9800
11486,0.6279
11487,0.7352
11488,0.4924
11489,0.7374
11490,0.5006
11491,0.6254
11492,0.7417
11493,0.6578
11494,0.7539
11495,0.9183
11496,0.6195
11497,0.6280
11498,0.6065
11499,0.6972
11500,0.6227
11501,0.6490
11502,0.6257
11503,0.7939
11504,0.4238
11505,0.6618
11506,0.9349
11507,0.6871
11508,0.8691
11509,0.5457
11510,0.6588
11511,0.5369
11512,0.6549
11513,0.7959
11514,0.4791
11515,0.6781
11516,1.1386
11517,0.6033
11518,0.5969
11519,0.6203
11520,0.6234
11521,0.6312
11522,0.6643
11523,0.6737
11524,0.9304
11525,0.3082
11526,0.5994
11527,0.9876
11528,0.6690
11529,0.5913
11530,0.7858
11531,0.7826
11532,0.7584
11533,0.9322
11534,0.5942
11535,0.5493
11536,1.0893
11537,0.6938
11538,0.6154
11539,0.7190
11540,0.5375
11541,0.6879
11542,0.6595
11543,1.2166
11544,0.1997
11545,0.5566
11546,1.0002
11547,0.6591
11548,0.6921
11549,0.6525
11550,0.5350
11551,0.5967
11552,0.6538
11553,0.6339
11554,0.6374
11555,0.6617
11556,0.9507
11557,0.8232
11558,0.6066
11559,0.7214
11560,0.5546
11561,0.6702
11562,0.6707
11563,0.5525
11564,0.6365
11565,0.6595
11566,1.1283
11567,0.6301
11568,0.7041
11569,0.5036
11570,0.8256
11571,0.4395
11572,0.6857
11573,0.5721
11574,0.6492
11575,0.7814
11576,0.8439
11577,0.6698
11578,0.8115
11579,0.8184
11580,0.6845
11581,0.7892
11582,0.7066
11583,0.6586
11584,0.5719
11585,0.6200
11586,1.0720
11587,0.8849
11588,0.3789
11589,0.9874
11590,0.2869
11591,0.7068
11592,0.6197
11593,0.5397
11594,0.6359
11595,0.6424
11596,1.0228
11597,0.7009
11598,0.5951
11599,0.6668
11600,0.5143
11601,0.6453
11602,1.2046
11603,0.0942
11604,0.7586
11605,0.5334
11606,0.5320
11607,0.9749
11608,0.7231
11609,1.5919
11610,0.1807
11611,0.1015
11612,0.6680
11613,0.6250
11614,0.5202
11615,0.6561
11616,0.6148
11617,1.1547
11618,0.6576
11619,0.5742
11620,0.6485
11621,0.6804
11622,0.5405
11623,0.7450
11624,0.5566
11625,0.6388
11626,0.6326
11627,0.9967
11628,0.7316
11629,0.6097
11630,0.7247
11631,0.4532
11632,0.6483
11633,0.6433
11634,0.6663
11635,0.9435
11636,0.4903
11637,0.3937
11638,0.9815
11639,0.8244
11640,0.8131
11641,0.7669
11642,0.7779
11643,0.7941
11644,0.8464
11645,0.5610
11646,0.9693
11647,0.7625
11648,0.6198
11649,0.5267
11650,0.6254
11651,0.7077
11652,0.6216
11653,0.5577
11654,1.0493
11655,0.2925
11656,0.5774
11657,1.1084
11658,0.7435
11659,0.6065
11660,0.5315
11661,0.8192
11662,0.4381
11663,0.6222
11664,0.7246
11665,0.5583
11666,0.6543
11667,0.9940
11668,0.6721
11669,0.5641
11670,0.7293
11671,0.5456
11672,0.7039
11673,0.6306
11674,0.5548
11675,0.6962
11676,0.6544
11677,0.5769
11678,1.1107
11679,0.5360
11680,1.3542
11681,0.1105
11682,0.6078
11683,0.6815
11684,0.5306
11685,0.8225
11686,0.8097
11687,0.2716
11688,1.1460
11689,0.8571
11690,0.7327
11691,0.8058
11692,0.5855
11693,0.5586
11694,0.6285
11695,0.6321
11696,0.7660
11697,0.9049
11698,0.7178
11699,0.7403
11700,0.8651
11701,0.8151
11702,0.6087
11703,0.6485
11704,0.7867
11705,0.4692
11706,0.6415
11707,1.0833
11708,0.7597
11709,0.7677
11710,0.5828
11711,0.6083
11712,0.6587
11713,0.5958
11714,0.7922
11715,0.5759
11716,0.4800
11717,0.6628
11718,1.1282
11719,0.5355
11720,0.7927
11721,0.4437
11722,0.6241
11723,0.6752
11724,0.6619
11725,0.5510
11726,0.7628
11727,0.8773
11728,0.7343
11729,0.5256
11730,0.7281
11731,0.5994
11732,0.5615
11733,0.6400
11734,0.6019
11735,0.8546
11736,0.4569
11737,0.6237
11738,1.0754
11739,0.6765
11740,0.6143
11741,0.6400
11742,0.6520
11743,0.5994
11744,0.6185
11745,0.7084
11746,0.6623
11747,0.5321
11748,0.9425
11749,0.7122
11750,0.8411
11751,0.5264
11752,0.6105
11753,0.7194
11754,0.7144
11755,0.4606
11756,0.7194
11757,0.7384
11758,0.9419
11759,0.7481
11760,0.8397
11761,0.8447
11762,0.6793
11763,0.6457
11764,0.6234
11765,0.6473
11766,0.6312
11767,1.0123
11768,0.6324
11769,0.7345
11770,0.5160
11771,0.6150
11772,0.6182
11773,0.7242
11774,0.5550
11775,0.7844
11776,0.5183
11777,0.6485
11778,1.0689
11779,0.7447
11780,0.5919
11781,0.6375
11782,0.5608
11783,0.6245
11784,0.6172
11785,0.7513
11786,0.5504
11787,0.5995
11788,1.0161
11789,0.8943
11790,0.4676
11791,0.5439
11792,0.6927
11793,0.6209
11794,0.5429
11795,0.6995
11796,0.5878
11797,0.6497
11798,0.5739
11799,1.0836
11800,0.6498
11801,0.8252
11802,0.5287
11803,0.5928
11804,0.6645
11805,0.6671
11806,0.6709
11807,0.6404
11808,1.0318
11809,0.7155
11810,0.6154
11811,0.6231
11812,0.7296
11813,0.4642
11814,0.6921
11815,0.5369
11816,0.8488
11817,0.7439
11818,0.3552
11819,1.0954
11820,0.8036
11821,0.6808
11822,0.8424
11823,0.5690
11824,0.6051
11825,0.6431
11826,0.7368
11827,0.5229
11828,1.1550
11829,0.6163
11830,0.6699
11831,0.5949
11832,0.6794
11833,0.5517
11834,1.1395
11835,0.1667
11836,0.6639
11837,0.6323
11838,0.5612
11839,0.9508
11840,0.7832
11841,0.6620
11842,0.6172
11843,0.6466
11844,0.7243
11845,0.6224
11846,0.7973
11847,0.4484
11848,0.7360
11849,0.8888
11850,0.6637
11851,0.7635
11852,0.5972
11853,0.5631
11854,0.7020
11855,0.6244
11856,0.5308
11857,0.6904
11858,0.9279
11859,0.6935
11860,0.6506
11861,0.9923
11862,0.5490
11863,0.6981
11864,0.5760
11865,0.6218
11866,0.6273
11867,0.6210
11868,0.6887
11869,0.9660
11870,0.6497
11871,0.8305
11872,0.5908
11873,0.6408
11874,0.6158
11875,0.6410
11876,0.6891
11877,0.5113
11878,0.6561
11879,1.1957
11880,0.7066
11881,0.7068
11882,0.8769
11883,0.7144
11884,0.8212
11885,0.5009
11886,0.6921
11887,0.6132
11888,0.9399
11889,0.7528
11890,0.5935
11891,0.6743
11892,0.5115
11893,0.6988
11894,0.5318
11895,0.7389
11896,0.7579
11897,0.4573
11898,0.6403
11899,1.0157
11900,0.7540
11901,0.5737
11902,0.6211
11903,0.6396
11904,0.6330
11905,0.6437
11906,0.7205
11907,0.5251
11908,0.6607
11909,0.9194
11910,0.8259
11911,0.6673
11912,0.6760
11913,0.5014
11914,0.7202
11915,0.6850
11916,0.4927
11917,0.7019
11918,0.6122
11919,1.0648
11920,0.7925
11921,0.4825
11922,0.7159
11923,0.5130
11924,1.1400
11925,0.1579
11926,0.6611
11927,0.7094
11928,0.4729
11929,0.7673
11930,0.9918
11931,1.1208
11932,0.7943
11933,0.6908
11934,0.5703
11935,0.6112
11936,0.8393
11937,0.5676
11938,0.4910
11939,1.0761
11940,0.5323
11941,0.7155
11942,0.6247
11943,0.5676
11944,0.7270
11945,0.5734
11946,0.5930
11947,0.6288
11948,0.6817
11949,1.1257
11950,0.6372
11951,0.6666
11952,0.5750
11953,0.6496
11954,0.6097
11955,0.5347
11956,0.7080
11957,0.6857
11958,0.5568
11959,0.6595
11960,1.0385
11961,0.5095
11962,0.7074
11963,0.6513
11964,0.5680
11965,0.6080
11966,0.7101
11967,0.8222
11968,0.3742
11969,0.7687
11970,0.8722
11971,0.7274
11972,0.6291
11973,0.6284
11974,0.5847
11975,0.6215
11976,0.6997
11977,0.5354
11978,0.6591
11979,0.6837
11980,1.0511
11981,0.7389
11982,0.5254
11983,0.6994
11984,0.5794
11985,0.5891
11986,0.7062
11987,0.6266
11988,0.6584
11989,0.5945
11990,0.6283
11991,1.1384
11992,0.9531
11993,0.6689
11994,0.7569
11995,0.4754
11996,0.7438
11997,0.6138
11998,0.5672
11999,0.6585
12000,1.0934
12001,0.6126
12002,0.7298
12003,0.5860
12004,0.5484
12005,0.6540
12006,0.5967
12007,0.7406
12008,0.5667
12009,0.6508
12010,0.9825
12011,0.6744
12012,0.6806
12013,0.6006
12014,0.5898
12015,0.6079
12016,0.6219
12017,0.6977
12018,0.7223
12019,0.4637
12020,0.6639
12021,1.0898
12022,0.6200
12023,0.6488
12024,0.6908
12025,0.5845
12026,0.6202
12027,0.6178
12028,0.6392
12029,0.6144
12030,0.5842
12031,1.0572
12032,0.7086
12033,0.7773
12034,0.5748
12035,0.6423
12036,0.5956
12037,0.6424
12038,0.6565
12039,0.5841
12040,0.6251
12041,0.9910
12042,0.7366
12043,0.7927
12044,0.5695
12045,0.6158
12046,0.6272
12047,0.7209
12048,0.5592
12049,1.6164
12050,0.1252
12051,0.7976
12052,0.8958
12053,0.7163
12054,0.6464
12055,0.8866
12056,0.8000
12057,0.6549
12058,0.8214
12059,0.8083
12060,0.4403
12061,0.8585
12062,0.6392
12063,0.5939
12064,0.6272
12065,0.6521
12066,0.5338
12067,0.7026
12068,0.6329
12069,0.5970
12070,0.6539
12071,1.0900
12072,0.7361
12073,0.6035
12074,0.5796
12075,0.6430
12076,0.6643
12077,0.5921
12078,0.6909
12079,0.7836
12080,0.8276
12081,0.6599
12082,0.7646
12083,0.5886
12084,0.6280
12085,0.7504
12086,0.5523
12087,0.6019
12088,0.7804
12089,0.4669
12090,0.6487
12091,0.9738
12092,0.7349
12093,0.5356
12094,0.6023
12095,0.6200
12096,0.7725
12097,0.5968
12098,0.5497
12099,0.6399
12100,0.6217
12101,1.1177
12102,0.6490
12103,0.7671
12104,0.6230
12105,0.4997
12106,0.5874
12107,0.7269
12108,0.6184
12109,0.6737
12110,0.5337
12111,0.6542
12112,1.2041
12113,0.7642
12114,0.7777
12115,0.6787
12116,0.5806
12117,0.6272
12118,0.7585
12119,0.7171
12120,0.4607
12121,1.1187
12122,0.8166
12123,0.4503
12124,0.6215
12125,0.6292
12126,0.6397
12127,0.7475
12128,0.5099
12129,0.8342
12130,0.4742
12131,0.6069
12132,1.0318
12133,0.5771
12134,0.5582
12135,0.7162
12136,0.5987
12137,0.5859
12138,0.7087
12139,0.7581
12140,0.4638
12141,0.6453
12142,1.1223
12143,0.5297
12144,0.7022
12145,0.6226
12146,0.5360
12147,0.7235
12148,0.5549
12149,0.6511
12150,1.7199
12151,0.1760
12152,0.5272
12153,0.5553
12154,0.5479
12155,0.7269
12156,0.5152
12157,0.8289
12158,0.4903
12159,0.5926
12160,0.8043
12161,0.6201
12162,0.5146
12163,1.1027
12164,0.8329
12165,0.6730
12166,0.8348
12167,0.6239
12168,0.5892
12169,0.6573
12170,0.5871
12171,0.6427
12172,1.1376
12173,0.7074
12174,0.7704
12175,0.6205
12176,0.5291
12177,0.6812
12178,0.5701
12179,0.6112
12180,0.6630
12181,0.6669
12182,0.9820
12183,0.6022
12184,0.7298
12185,0.6102
12186,0.5748
12187,0.6869
12188,0.5610
12189,0.7001
12190,0.6958
12191,0.5411
12192,0.5645
12193,1.1366
12194,0.7248
12195,0.6342
12196,0.5515
12197,0.6083
12198,0.6108
12199,0.7116
12200,0.6817
12201,0.4983
12202,0.6465
12203,1.0303
12204,0.7182
12205,0.6768
12206,0.4652
12207,0.7196
12208,0.5656
12209,0.7794
12210,0.5223
12211,0.5850
12212,0.7655
12213,0.8547
12214,0.7606
12215,0.5398
12216,0.6755
12217,0.5196
12218,1.2322
12219,0.1237
12220,0.6986
12221,0.5969
12222,0.5309
12223,0.6484
12224,0.9701
12225,0.7230
12226,0.8796
12227,0.7706
12228,0.7561
12229,0.8767
12230,0.7880
12231,0.6469
12232,0.5461
12233,0.9464
12234,0.7104
12235,0.8731
12236,0.5357
12237,0.6821
12238,0.6539
12239,0.6023
12240,0.8369
12241,0.3718
12242,0.6077
12243,1.1238
12244,0.8095
12245,0.4997
12246,0.6132
12247,0.6820
12248,0.6267
12249,0.5416
12250,0.8872
12251,0.3993
12252,0.7481
12253,0.8428
12254,0.8439
12255,0.7057
12256,0.6295
12257,0.5490
12258,0.6888
12259,0.5587
12260,0.9211
12261,0.3651
12262,0.7760
12263,0.8437
12264,0.6316
12265,1.0170
12266,0.7285
12267,0.5444
12268,0.5446
12269,0.6156
12270,0.8746
12271,0.4049
12272,0.7554
12273,0.8420
12274,0.7742
12275,0.7163
12276,0.7233
12277,0.5772
12278,0.7098
12279,0.5204
12280,0.5738
12281,1.1542
12282,0.1398
12283,1.2168
12284,0.6466
12285,0.9517
12286,0.6050
12287,0.7608
12288,0.5301
12289,0.6876
12290,0.7025
12291,0.6096
12292,0.4823
12293,0.8580
12294,0.9552
12295,0.6569
12296,0.5466
12297,0.7932
12298,0.4762
12299,0.6844
12300,0.6144
12301,0.5618
12302,0.6739
12303,0.9758
12304,0.7564
12305,0.6935
12306,0.8027
12307,0.4262
12308,0.7347
12309,0.5972
12310,0.5614
12311,0.7999
12312,0.8004
12313,0.9380
12314,0.6897
12315,0.6893
12316,0.6096
12317,0.6276
12318,0.5211
12319,0.6533
12320,0.7020
12321,0.5730
12322,0.6418
12323,0.9785
12324,0.6964
12325,0.6843
12326,0.5949
12327,0.6215
12328,0.5566
12329,0.7060
12330,0.7659
12331,0.6319
12332,0.7500
12333,0.3987
12334,0.9655
12335,0.6395
12336,0.5018
12337,0.7310
12338,0.5233
12339,0.6682
12340,0.6194
12341,0.6207
12342,0.9950
12343,0.6989
12344,0.7093
12345,1.0502
12346,0.8444
12347,0.6732
12348,0.5935
12349,0.6925
12350,0.6920
12351,0.8134
12352,0.3133
12353,0.7876
12354,1.4336
12355,0.1748
12356,0.4933
12357,0.8726
12358,0.3847
12359,0.6474
12360,0.5480
12361,0.7831
12362,0.5372
12363,0.6469
12364,0.9584
12365,0.7175
12366,0.8234
12367,0.7767
12368,0.5521
12369,0.6010
12370,0.6176
12371,0.6656
12372,0.6872
12373,0.9228
12374,0.7144
12375,0.6803
12376,0.6063
12377,0.5395
12378,0.6337
12379,0.7432
12380,0.4752
12381,0.6619
12382,0.6694
12383,0.5982
12384,1.1768
12385,0.6909
12386,0.8163
12387,0.6680
12388,0.6247
12389,0.5021
12390,0.6854
12391,0.5815
12392,0.5918
12393,0.6089
12394,1.0115
12395,0.6246
12396,0.8575
12397,0.8683
12398,0.7311
12399,0.7111
12400,0.6239
12401,0.6960
12402,0.5439
12403,0.6310
12404,1.0074
12405,0.6765
12406,0.8360
12407,0.6173
12408,0.5245
12409,0.7275
12410,0.5100
12411,0.7926
12412,0.5395
12413,0.6713
12414,1.0966
12415,0.5979
12416,0.6528
12417,0.5655
12418,0.6188
12419,0.6719
12420,0.6918
12421,0.6735
12422,0.6205
12423,0.5794
12424,1.4050
12425,0.1432
12426,0.9080
12427,0.6678
12428,0.5923
12429,0.4887
12430,0.8020
12431,0.5099
12432,0.6226
12433,0.6178
12434,1.1493
12435,0.7303
12436,0.5596
12437,0.6567
12438,0.7250
12439,0.4737
12440,0.6747
12441,0.6995
12442,1.2222
12443,0.1598
12444,0.6045
12445,0.9573
12446,0.6353
12447,0.6557
12448,0.6147
12449,0.6071
12450,0.5988
12451,0.6350
12452,0.5570
12453,0.7420
12454,1.0084
12455,0.7120
12456,1.0230
12457,0.6528
12458,0.7694
12459,0.5207
12460,0.7325
12461,0.5713
12462,0.6992
12463,0.6007
12464,0.6042
12465,1.1167
12466,0.8486
12467,0.4616
12468,0.5959
12469,0.6631
12470,0.5877
12471,0.6485
12472,0.5711
12473,0.6306
12474,0.9560
12475,0.8032
12476,0.6052
12477,0.5327
12478,0.6069
12479,0.7287
12480,0.5264
12481,0.6397
12482,0.7808
12483,0.5168
12484,0.6061
12485,1.1125
12486,0.7529
12487,0.4891
12488,0.7403
12489,0.5407
12490,0.8699
12491,0.3642
12492,0.8304
12493,0.4612
12494,0.6122
12495,0.9879
12496,0.6924
12497,0.7623
12498,0.7119
12499,0.5705
12500,0.6807
12501,0.6392
12502,0.5957
12503,0.5833
12504,0.7619
12505,1.0093
12506,0.6514
12507,0.6325
12508,0.5880
12509,0.6400
12510,0.6788
12511,0.5757
12512,0.6988
12513,0.6471
12514,0.6036
12515,1.0738
12516,0.6863
12517,0.9681
12518,0.6667
12519,0.7168
12520,0.5342
12521,0.6204
12522,0.8631
12523,0.4249
12524,0.6338
12525,0.9844
12526,0.6716
12527,0.7958
12528,0.6397
12529,0.6220
12530,0.6533
12531,0.6325
12532,0.5285
12533,0.6676
12534,0.6309
12535,1.1222
12536,0.7274
12537,0.6546
12538,0.5149
12539,0.6450
12540,0.7173
12541,0.4933
12542,0.7139
12543,0.5666
12544,0.6073
12545,0.6383
12546,0.9586
12547,0.7505
12548,0.7877
12549,0.5686
12550,0.6398
12551,0.5706
12552,0.6902
12553,0.6743
12554,0.5988
12555,1.0973
12556,0.7191
12557,0.5955
12558,0.7103
12559,0.4720
12560,0.7378
12561,0.6048
12562,0.5134
12563,0.8675
12564,0.5113
12565,0.5387
12566,0.9889
12567,0.8204
12568,0.7256
12569,0.6112
12570,0.6010
12571,0.6222
12572,0.7032
12573,0.5099
12574,0.9486
12575,0.7231
12576,0.7597
12577,0.7460
12578,0.8939
12579,0.7434
12580,1.0450
12581,0.2752
12582,0.6256
12583,0.5734
12584,0.7072
12585,1.0395
12586,0.7528
12587,0.8257
12588,0.5434
12589,0.6866
12590,0.5039
12591,0.7345
12592,0.5453
12593,0.6359
12594,0.6561
12595,1.0030
12596,0.6779
12597,0.5516
12598,0.7223
12599,0.5271
12600,0.7290
12601,0.5778
12602,0.5629
12603,0.8120
12604,0.5070
12605,0.5835
12606,1.1338
12607,0.7533
12608,0.5272
12609,0.6514
12610,0.6528
12611,0.5418
12612,0.6533
12613,0.8557
12614,0.4420
12615,0.6548
12616,0.9891
12617,0.6451
12618,0.8497
12619,0.5914
12620,0.5823
12621,0.7040
12622,0.5472
12623,0.9024
12624,0.4041
12625,1.3424
12626,0.4920
12627,0.6363
12628,0.7961
12629,0.9255
12630,0.7881
12631,0.7463
12632,0.8294
12633,0.8056
12634,0.1098
12635,1.1634
12636,0.5655
12637,0.6668
12638,0.6592
12639,0.5357
12640,0.6172
12641,0.6070
12642,0.6651
12643,0.7378
12644,0.5442
12645,0.5777
12646,1.0370
12647,0.7157
12648,0.6162
12649,0.6694
12650,0.5023
12651,0.6493
12652,0.6533
12653,0.6198
12654,0.6309
12655,0.6917
12656,1.0312
12657,0.6745
12658,0.8755
12659,0.5888
12660,0.6443
12661,0.5381
12662,0.5905
12663,0.6333
12664,0.6751
12665,0.6068
12666,0.9753
12667,0.8181
12668,0.6330
12669,0.7266
12670,0.5789
12671,0.6846
12672,0.5950
12673,0.6062
12674,0.6074
12675,0.7519
12676,0.9825
12677,0.6777
12678,0.6273
12679,0.6038
12680,0.6374
12681,0.6041
12682,0.7031
12683,0.5545
12684,0.6176
12685,0.6612
12686,1.0621
12687,0.7537
12688,0.9233
12689,0.6823
12690,0.7244
12691,0.5966
12692,0.6982
12693,0.7180
12694,0.4341
12695,0.6348
12696,0.9715
12697,0.7557
12698,0.8277
12699,0.4767
12700,0.6421
12701,0.6221
12702,0.6991
12703,0.5292
12704,0.6477
12705,0.6398
12706,1.1321
12707,0.6090
12708,0.6642
12709,0.6036
12710,0.6920
12711,0.6365
12712,0.5594
12713,0.6041
12714,0.6784
12715,0.9967
12716,0.6405
12717,0.7605
12718,0.5447
12719,0.6838
12720,0.5038
12721,0.7583
12722,0.7994
12723,0.3220
12724,0.8798
12725,0.4213
12726,0.5874
12727,1.1466
12728,0.7374
12729,0.4885
12730,0.7046
12731,0.6025
12732,0.6971
12733,0.6505
12734,0.5283
12735,0.6331
12736,0.6405
12737,1.0094
12738,0.7648
12739,0.5761
12740,0.5272
12741,0.6420
12742,0.7119
12743,0.5147
12744,0.7413
12745,0.5954
12746,0.6093
12747,1.1171
12748,0.7378
12749,0.8793
12750,0.7218
12751,0.7947
12752,0.7285
12753,0.5597
12754,0.7669
12755,0.5794
12756,0.5498
12757,1.0048
12758,0.5763
12759,0.6515
12760,0.5830
12761,0.6832
12762,0.6274
12763,0.6315
12764,0.6032
12765,0.6084
12766,0.6448
12767,1.0061
12768,0.7179
12769,0.5861
12770,0.6499
12771,0.6429
12772,0.5894
12773,0.5317
12774,0.6593
12775,0.9397
12776,0.2507
12777,0.7225
12778,1.1644
12779,0.5820
12780,0.7321
12781,0.4983
12782,0.7129
12783,0.5399
12784,1.3261
12785,0.2856
12786,0.3634
12787,0.5682
12788,1.0144
12789,0.6776
12790,0.6828
12791,0.4933
12792,0.7340
12793,0.7306
12794,0.4094
12795,0.7938
12796,0.4914
12797,0.6439
12798,1.1323
12799,0.7371
12800,0.6117
12801,0.5494
12802,0.6497
12803,0.5884
12804,0.6252
12805,0.6723
12806,0.6075
12807,0.6290
12808,1.1522
12809,0.7057
12810,0.8804
12811,0.6660
12812,0.7443
12813,0.6230
12814,0.5445
12815,0.5887
12816,0.6867
12817,0.6696
12818,0.9755
12819,0.7209
12820,0.5583
12821,0.6858
12822,0.6227
12823,0.6368
12824,0.5011
12825,0.7530
12826,0.7588
12827,0.4465
12828,0.5742
12829,1.2380
12830,0.5155
12831,0.7297
12832,0.5136
12833,0.7154
12834,0.5454
12835,0.5986
12836,0.7797
12837,0.5643
12838,0.5598
12839,1.1206
12840,0.5411
12841,0.6200
12842,0.7901
12843,0.4558
12844,0.7513
12845,0.5396
12846,0.7109
12847,0.5622
12848,1.3403
12849,0.2635
12850,0.8096
12851,0.8383
12852,1.2242
12853,0.1812
12854,0.4961
12855,0.6039
12856,0.8645
12857,0.4636
12858,0.5844
12859,0.9577
12860,0.6667
12861,0.7591
12862,0.8117
12863,0.7095
12864,0.8856
12865,0.7207
12866,0.6730
12867,0.6289
12868,1.1561
12869,0.8177
12870,0.4969
12871,0.8067
12872,0.3870
12873,0.6848
12874,0.5348
12875,0.7527
12876,0.6090
12877,0.5891
12878,0.9750
12879,0.6568
12880,0.8610
12881,0.5627
12882,0.6024
12883,0.7168
12884,0.5721
12885,0.6861
12886,0.6864
12887,0.5517
12888,0.5811
12889,0.9934
12890,0.6894
12891,0.7682
12892,0.6835
12893,0.5541
12894,0.6346
12895,0.6208
12896,0.7941
12897,0.5140
12898,1.9404
12899,0.0997
12900,0.7144
12901,0.8676
12902,0.5107
12903,0.6362
12904,0.6134
12905,0.6284
12906,0.6377
12907,0.6217
12908,1.0241
12909,0.6450
12910,0.6899
12911,0.5342
12912,0.6290
12913,0.6312
12914,0.6410
12915,0.6484
12916,0.6183
12917,0.6694
12918,1.1295
12919,0.8522
12920,0.5490
12921,0.9467
12922,0.7720
12923,0.6087
12924,0.7113
12925,0.6387
12926,0.5909
12927,0.6187
12928,0.9742
12929,0.8296
12930,0.6762
12931,0.6381
12932,0.6043
12933,0.6225
12934,0.6475
12935,0.7530
12936,0.5156
12937,0.5840
12938,0.9725
12939,0.6879
12940,0.5953
12941,1.1906
12942,0.1851
12943,0.5580
12944,0.6790
12945,0.6886
12946,0.5065
12947,0.6812
12948,0.6103
12949,1.1361
12950,0.6060
12951,0.6247
12952,0.6300
12953,0.6248
12954,0.6760
12955,0.5730
12956,0.6665
12957,0.6347
12958,0.9192
12959,0.8053
12960,0.5886
12961,0.5541
12962,0.5972
12963,0.7068
12964,0.6531
12965,0.6413
12966,0.7575
12967,0.4336
12968,0.6069
12969,1.0994
12970,0.7640
12971,0.6012
12972,0.5628
12973,0.6836
12974,0.6001
12975,0.5906
12976,0.7045
12977,0.7569
12978,0.9025
12979,0.7872
12980,0.8487
12981,0.7170
12982,0.7033
12983,0.6685
12984,0.5966
12985,0.5541
12986,0.7566
12987,0.5786
12988,1.1345
12989,0.6477
12990,0.6712
12991,0.5347
12992,0.7588
12993,0.4994
12994,0.6562
12995,0.6339
12996,0.8051
12997,0.4021
12998,0.6039
12999,1.0015
13000,0.7507
13001,0.6320
13002,0.5978
13003,0.6271
13004,0.5583
13005,0.8066
13006,0.5098
13007,0.6174
13008,0.6453
13009,0.9873
13010,0.7055
13011,0.8956
13012,0.3184
13013,0.7202
13014,0.6305
13015,0.6041
13016,0.6057
13017,0.8751
13018,0.3397
13019,0.6318
13020,1.7816
13021,0.1069
13022,0.5828
13023,0.6089
13024,0.6080
13025,0.6878
13026,0.5656
13027,0.9222
13028,0.3720
13029,0.6238
13030,1.0171
13031,0.7235
13032,0.5596
13033,0.5827
13034,1.2364
13035,0.6540
13036,0.0887
13037,0.6478
13038,0.6902
13039,0.5796
13040,1.0887
13041,0.7056
13042,0.8234
13043,0.9442
13044,0.8094
13045,1.1535
13046,0.7852
13047,0.0896
13048,1.0644
13049,0.6359
13050,0.5462
13051,1.1751
13052,0.6908
13053,0.1736
13054,0.6453
13055,0.8553
13056,0.4207
13057,0.6149
13058,0.6214
13059,1.0198
13060,0.7243
13061,0.6245
13062,0.6108
13063,0.5698
13064,0.7040
13065,0.5285
13066,0.6351
13067,0.7971
13068,0.5405
13069,0.5377
13070,1.1608
13071,1.3338
13072,0.0982
13073,0.5740
13074,0.6457
13075,0.5938
13076,0.7787
13077,1.0304
13078,1.0474
13079,0.1537
13080,0.6735
13081,0.5747
13082,0.5825
13083,0.7290
13084,0.6308
13085,0.5185
13086,0.6420
13087,0.7419
13088,0.6026
13089,1.0482
13090,0.7519
13091,1.1427
13092,0.6995
13093,0.6197
13094,0.7142
13095,0.6187
13096,0.5490
13097,0.6707
13098,0.6211
13099,1.0164
13100,0.7896
13101,0.5431
13102,0.5830
13103,0.6027
13104,0.7115
13105,0.6250
13106,0.5482
13107,0.7051
13108,0.6409
13109,1.0365
13110,0.7303
13111,0.6198
13112,0.5320
13113,0.6320
13114,0.7118
13115,0.5418
13116,0.6194
13117,0.7875
13118,0.5093
13119,0.5918
13120,1.1280
13121,0.5264
13122,0.6315
13123,0.9204
13124,0.3726
13125,0.6476
13126,0.7238
13127,0.7079
13128,0.4430
13129,0.6330
13130,0.9883
13131,0.8418
13132,0.4666
13133,0.6607
13134,0.5648
13135,0.6234
13136,0.6323
13137,0.6724
13138,0.6744
13139,0.6366
13140,0.9533
13141,0.7672
13142,0.8397
13143,0.6901
13144,0.5442
13145,0.6309
13146,1.3181
13147,0.1361
13148,0.5134
13149,0.6180
13150,1.0009
13151,0.6321
13152,0.7619
13153,0.7883
13154,0.7323
13155,0.8637
13156,0.7421
13157,0.7538
13158,0.6144
13159,1.0476
13160,0.6381
13161,0.6770
13162,0.6374
13163,0.5498
13164,0.6390
13165,0.6784
13166,0.5893
13167,0.8553
13168,0.9079
13169,0.1643
13170,0.9925
13171,0.6607
13172,0.5912
13173,0.6340
13174,0.6260
13175,0.5523
13176,0.7016
13177,0.6241
13178,0.6347
13179,0.7118
13180,0.8628
13181,0.7129
13182,0.5890
13183,0.6179
13184,0.6349
13185,0.6364
13186,0.6043
13187,0.6515
13188,0.7755
13189,0.5423
13190,0.6120
13191,1.2357
13192,0.5598
13193,0.6151
13194,0.6694
13195,0.6172
13196,0.5719
13197,0.6689
13198,0.8055
13199,0.4629
13200,0.6129
13201,0.9500
13202,0.7052
13203,0.5735
13204,0.7752
13205,0.5026
13206,0.6943
13207,0.5964
13208,0.6756
13209,0.8752
13210,0.3928
13211,0.6263
13212,1.1757
13213,1.0035
13214,0.5911
13215,0.7997
13216,0.5980
13217,0.5647
13218,0.9332
13219,0.3370
13220,0.5910
13221,0.9839
13222,0.7624
13223,0.5782
13224,0.6116
13225,0.6680
13226,0.5462
13227,0.6770
13228,0.9547
13229,0.3046
13230,0.5966
13231,1.0862
13232,0.7751
13233,0.7817
13234,0.5253
13235,0.7305
13236,0.5992
13237,0.6639
13238,0.6582
13239,0.6109
13240,0.5870
13241,0.9847
13242,0.6349
13243,0.6813
13244,0.6134
13245,0.6281
13246,0.6092
13247,0.6675
13248,0.5595
13249,0.7111
13250,0.6290
13251,0.9931
13252,0.6402
13253,0.6347
13254,0.6208
13255,0.6045
13256,0.6153
13257,0.6430
13258,0.6065
13259,0.9633
13260,0.5517
13261,0.5995
13262,0.8683
13263,0.8911
13264,0.6827
13265,0.7860
13266,0.6605
13267,0.5762
13268,0.6763
13269,0.5816
13270,0.6806
13271,0.9738
13272,0.7749
13273,0.7849
13274,0.8160
13275,0.7701
13276,0.7394
13277,0.5225
13278,0.8957
13279,0.4266
13280,0.5800
13281,1.1222
13282,0.6413
13283,0.6893
13284,0.6820
13285,0.4912
13286,0.6784
13287,0.6255
13288,0.5585
13289,0.6823
13290,0.6265
13291,1.0104
13292,0.6541
13293,0.6513
13294,0.5611
13295,0.6598
13296,0.5935
13297,0.6306
13298,0.6842
13299,0.6629
13300,0.5677
13301,1.0188
13302,0.6955
13303,0.7399
13304,0.5920
13305,0.5916
13306,0.6079
13307,0.6164
13308,0.5570
13309,0.9599
13310,0.6084
13311,0.6363
13312,0.7241
13313,0.9902
13314,0.6657
13315,0.8157
13316,0.5699
13317,0.6906
13318,0.6108
13319,0.5961
13320,0.6443
13321,1.0362
13322,0.7250
13323,0.7298
13324,0.8696
13325,0.9001
13326,0.4940
13327,0.6997
13328,0.6228
13329,0.5955
13330,0.6164
13331,1.2005
13332,0.6663
13333,0.6112
13334,0.6171
13335,0.4899
13336,0.6634
13337,0.6821
13338,0.8664
13339,0.3958
13340,0.6522
13341,0.9890
13342,0.7151
13343,0.6100
13344,0.5357
13345,0.7170
13346,0.6124
13347,0.5645
13348,0.7012
13349,0.6598
13350,0.6537
13351,1.0139
13352,0.6372
13353,0.6165
13354,0.6533
13355,0.6032
13356,0.6035
13357,0.6317
13358,0.7106
13359,0.6953
13360,0.5291
13361,0.6929
13362,0.9275
13363,0.7608
13364,0.6428
13365,0.4832
13366,0.6993
13367,0.5935
13368,0.6223
13369,0.7594
13370,0.4980
13371,0.6295
13372,1.6860
13373,0.1142
13374,0.6691
13375,0.6140
13376,0.6600
13377,0.6634
13378,0.6324
13379,0.6092
13380,0.5764
13381,0.7307
13382,1.1179
13383,0.6314
13384,0.9467
13385,0.7424
13386,0.7150
13387,0.7174
13388,0.5281
13389,0.5549
13390,0.7089
13391,0.9322
13392,0.8061
13393,0.7463
13394,0.5375
13395,0.6588
13396,0.5773
13397,0.6326
13398,0.7228
13399,0.6193
13400,0.7311
13401,0.9197
13402,0.7416
13403,0.5254
13404,0.6935
13405,0.6353
13406,0.6283
13407,0.6095
13408,0.5688
13409,0.7871
13410,0.5402
13411,0.8170
13412,0.7581
13413,0.6913
13414,0.6812
13415,0.6131
13416,0.6263
13417,0.7304
13418,0.5117
13419,0.6395
13420,0.6207
13421,0.6695
13422,0.9473
13423,0.6406
13424,0.6146
13425,0.6162
13426,0.6395
13427,0.6619
13428,0.6049
13429,0.6495
13430,0.7064
13431,0.6471
13432,0.5506
13433,1.0841
13434,0.7200
13435,0.5578
13436,0.6787
13437,0.5689
13438,0.6775
13439,0.5758
13440,1.0068
13441,0.9356
13442,0.5314
13443,0.6459
13444,0.8934
13445,0.6968
13446,0.6382
13447,0.6837
13448,0.5865
13449,0.5964
13450,0.6574
13451,0.6832
13452,0.6263
13453,1.0583
13454,0.7093
13455,0.7612
13456,0.6003
13457,0.6081
13458,0.6932
13459,0.5963
13460,0.6259
13461,0.7906
13462,0.8724
13463,0.6480
13464,0.5776
13465,0.6208
13466,0.6483
13467,0.6030
13468,0.6417
13469,0.6070
13470,0.9818
13471,0.3246
13472,0.6410
13473,0.9957
13474,0.8126
13475,0.8633
13476,0.5534
13477,0.6140
13478,0.6184
13479,0.6139
13480,0.7505
13481,0.5897
13482,0.9716
13483,0.6930
13484,0.6155
13485,0.6054
13486,0.6490
13487,0.5956
13488,0.6648
13489,0.5479
13490,0.7068
13491,0.6208
13492,0.6441
13493,0.9646
13494,0.7689
13495,0.7063
13496,0.6518
13497,0.5844
13498,0.6485
13499,0.6208
13500,0.6632
13501,0.6071
13502,0.7772
13503,0.9931
13504,0.7580
13505,0.7316
13506,0.8900
13507,0.8985
13508,0.5257
13509,0.6527
13510,0.7455
13511,0.5433
13512,0.5764
13513,0.9625
13514,0.7127
13515,0.5911
13516,0.6560
13517,0.5772
13518,0.8057
13519,0.4774
13520,0.7627
13521,0.5284
13522,0.6010
13523,1.1258
13524,0.6407
13525,0.6387
13526,0.5884
13527,0.6871
13528,0.6089
13529,0.6212
13530,0.6162
13531,0.7065
13532,0.6311
13533,0.9521
13534,0.7847
13535,0.8267
13536,0.4711
13537,0.6590
13538,0.5932
13539,0.6165
13540,0.6728
13541,0.6150
13542,1.0142
13543,0.6558
13544,0.7696
13545,0.5987
13546,0.5284
13547,0.6144
13548,0.6610
13549,0.6232
13550,0.5566
13551,0.7944
13552,0.5329
13553,1.2942
13554,0.5735
13555,0.8365
13556,0.8241
13557,0.6339
13558,0.6222
13559,0.5929
13560,0.7933
13561,0.5044
13562,0.6317
13563,0.9715
13564,0.7589
13565,0.7609
13566,0.5478
13567,0.7016
13568,0.6553
13569,0.6186
13570,0.6042
13571,0.6025
13572,0.6808
13573,1.0895
13574,0.7935
13575,0.5017
13576,0.7332
13577,0.5618
13578,0.6086
13579,0.6362
13580,0.5500
13581,0.6641
13582,0.6493
13583,0.9823
13584,0.6175
13585,0.7211
13586,0.5320
13587,0.7149
13588,0.6259
13589,0.5912
13590,0.7028
13591,0.7677
13592,0.4639
13593,0.6712
13594,1.0471
13595,0.6876
13596,0.7815
13597,0.4713
13598,0.6745
13599,0.7015
13600,0.5398
13601,0.6349
13602,0.6493
13603,0.5832
13604,1.0046
13605,0.8092
13606,0.6582
13607,0.6622
13608,0.5810
13609,0.6565
13610,0.6429
13611,0.7978
13612,0.4957
13613,0.6322
13614,0.9696
13615,0.7467
13616,0.6582
13617,0.5476
13618,0.6648
13619,0.6216
13620,0.6541
13621,0.6116
13622,1.1458
13623,0.1827
13624,0.4962
13625,1.1168
13626,1.1749
13627,0.6114
13628,0.5977
13629,0.6500
13630,0.6535
13631,0.6776
13632,0.6230
13633,0.9898
13634,0.6363
13635,0.7829
13636,0.5773
13637,0.6428
13638,0.6198
13639,0.6754
13640,0.5065
13641,0.8318
13642,0.5160
13643,0.6878
13644,1.0171
13645,0.7314
13646,0.5827
13647,0.6557
13648,0.5824
13649,0.6876
13650,0.5444
13651,0.6268
13652,0.6712
13653,1.0348
13654,0.6875
13655,0.5866
13656,0.7435
13657,0.5204
13658,0.6508
13659,0.6000
13660,0.6255
13661,0.7074
13662,0.5582
13663,0.7143
13664,0.9461
13665,0.7365
13666,1.0004
13667,0.3665
13668,0.6659
13669,0.6454
13670,0.5464
13671,0.7116
13672,0.6347
13673,0.6123
13674,0.6421
13675,1.0977
13676,0.7156
13677,0.6286
13678,0.5655
13679,0.6963
13680,0.6194
13681,0.5616
13682,0.9072
13683,0.3965
13684,0.9743
13685,0.6882
13686,0.6940
13687,0.6316
13688,0.6398
13689,0.5936
13690,0.5781
13691,0.6865
13692,0.7177
13693,0.5298
13694,0.6274
13695,1.0923
13696,0.7515
13697,0.6108
13698,0.6236
13699,0.5663
13700,0.6431
13701,0.7764
13702,0.5250
13703,0.6151
13704,0.6573
13705,1.0142
13706,0.7040
13707,0.5527
13708,0.7804
13709,0.9051
13710,0.6828
13711,0.6067
13712,0.7915
13713,0.5469
13714,0.6894
13715,1.0338
13716,0.7007
13717,0.5853
13718,0.7004
13719,0.5345
13720,0.6368
13721,0.6274
13722,0.7680
13723,0.5538
13724,0.5860
13725,1.0101
13726,0.8662
13727,0.6497
13728,0.5437
13729,0.6979
13730,0.6432
13731,0.5787
13732,0.7841
13733,0.6091
13734,0.5875
13735,1.0901
13736,0.5351
13737,0.6897
13738,0.5305
13739,0.7120
13740,0.6299
13741,0.6397
13742,0.6228
13743,0.6041
13744,1.0798
13745,0.6223
13746,1.0643
13747,0.7417
13748,0.8076
13749,0.4398
13750,0.6198
13751,0.6500
13752,0.8117
13753,0.4781
13754,0.6095
13755,0.9905
13756,0.8802
13757,0.6190
13758,0.7154
13759,0.5176
13760,0.7438
13761,0.5252
13762,0.8408
13763,0.7731
13764,0.2941
13765,1.0896
13766,0.6610
13767,0.7554
13768,0.5114
13769,0.6809
13770,0.5747
13771,0.6297
13772,0.8239
13773,1.0130
13774,0.3910
13775,0.9297
13776,0.7411
13777,0.6042
13778,0.6390
13779,0.7296
13780,0.4639
13781,0.7322
13782,0.7347
13783,0.7441
13784,0.6930
13785,0.9155
13786,0.8143
13787,0.6851
13788,0.5776
13789,0.6050
13790,0.6382
13791,0.6275
13792,0.8386
13793,0.5059
13794,1.1109
13795,0.6954
13796,0.6184
13797,0.5432
13798,0.6156
13799,0.7050
13800,0.5634
13801,0.6880
13802,1.2278
13803,0.2573
13804,0.5381
13805,1.1145
13806,0.7204
13807,0.7544
13808,0.5697
13809,0.6149
13810,0.7905
13811,0.4520
13812,0.8095
13813,0.5111
13814,0.9987
13815,0.6489
13816,1.0993
13817,0.5586
13818,0.6023
13819,0.7024
13820,0.5686
13821,0.6273
13822,0.6670
13823,0.6389
13824,1.1051
13825,0.7089
13826,0.6468
13827,0.6089
13828,0.6485
13829,0.6264
13830,0.6151
13831,0.6462
13832,0.8482
13833,0.4775
13834,0.6263
13835,1.0667
13836,0.9285
13837,0.4535
13838,0.8712
13839,0.6953
13840,0.5550
13841,0.8257
13842,0.5393
13843,0.5623
13844,1.0565
13845,1.0460
13846,0.5787
13847,0.5659
13848,0.7425
13849,0.6970
13850,0.5947
13851,0.9214
13852,0.2838
13853,0.6729
13854,0.5698
13855,1.0845
13856,0.6895
13857,0.6023
13858,0.4918
13859,0.7210
13860,0.5880
13861,0.6774
13862,0.5812
13863,0.6348
13864,1.0964
13865,0.7536
13866,0.6110
13867,0.5414
13868,1.2741
13869,0.1223
13870,0.5339
13871,1.0346
13872,0.4279
13873,0.6171
13874,1.0512
13875,0.5930
13876,0.6171
13877,0.7111
13878,0.5789
13879,0.5968
13880,0.6389
13881,0.6691
13882,0.6448
13883,0.6080
13884,1.1239
13885,0.7189
13886,0.6267
13887,0.6184
13888,0.5880
13889,0.6107
13890,0.6420
13891,0.8308
13892,0.5705
13893,0.5664
13894,0.6345
13895,0.9653
13896,0.7796
13897,0.4794
13898,0.7404
13899,0.6665
13900,0.5241
13901,0.7082
13902,0.5021
13903,0.6361
13904,0.7047
13905,0.9242
13906,0.7569
13907,0.6433
13908,0.7047
13909,1.1425
13910,0.4870
13911,0.9228
13912,0.3201
13913,0.6775
13914,0.5459
13915,1.0944
13916,0.9376
13917,0.8100
13918,0.3257
13919,0.6737
13920,0.6813
13921,0.6134
13922,0.6415
13923,0.5989
13924,1.0404
13925,0.8401
13926,0.7398
13927,0.5824
13928,0.5587
13929,0.6421
13930,0.6714
13931,0.5878
13932,0.8787
13933,0.3337
13934,0.6350
13935,1.0922
13936,1.0725
13937,0.2415
13938,0.5996
13939,0.7020
13940,0.6238
13941,0.5522
13942,0.9256
13943,0.6098
13944,0.4207
13945,1.1048
13946,1.0023
13947,0.4162
13948,0.6009
13949,0.6186
13950,0.8445
13951,0.4105
13952,0.7258
13953,0.5209
13954,1.1321
13955,0.5826
13956,1.1324
13957,0.5853
13958,0.6882
13959,0.4880
13960,0.6806
13961,0.5568
13962,0.7252
13963,0.5923
13964,0.6058
13965,0.9800
13966,0.8578
13967,0.6704
13968,0.5437
13969,0.6910
13970,0.6026
13971,0.6062
13972,0.8176
13973,0.5021
13974,0.6503
13975,1.0711
13976,0.6285
13977,0.6164
13978,0.6234
13979,0.8175
13980,0.4533
13981,0.6293
13982,0.5726
13983,0.7711
13984,1.2236
13985,0.9441
13986,0.6933
13987,0.6774
13988,0.7257
13989,0.5259
13990,0.6335
13991,0.6614
13992,0.5543
13993,0.6144
13994,0.9946
13995,0.8971
13996,0.6391
13997,0.5360
13998,0.6633
13999,0.5893
14000,0.6682
14001,0.6842
14002,0.6718
14003,0.6064
14004,1.1284
14005,0.6600
14006,0.6519
14007,0.7488
14008,0.4733
14009,0.5904
14010,0.7171
14011,0.5741
14012,0.8487
14013,0.4717
14014,1.0911
14015,0.8196
14016,0.7550
14017,0.4825
14018,0.7200
14019,0.4232
14020,0.6567
14021,0.8904
14022,0.5939
14023,0.8335
14024,1.0180
14025,0.8308
14026,0.6584
14027,0.6867
14028,0.6406
14029,0.5342
14030,0.6698
14031,0.7636
14032,0.4825
14033,0.6089
14034,1.1334
14035,0.8295
14036,0.4287
14037,0.6307
14038,0.6923
14039,0.5883
14040,0.6847
14041,0.7596
14042,0.4797
14043,0.9947
14044,0.7340
14045,0.6112
14046,0.5548
14047,0.6486
14048,0.7480
14049,0.5398
14050,0.6668
14051,0.5749
14052,0.7276
14053,0.5768
14054,0.6288
14055,1.1101
14056,0.6892
14057,0.7673
14058,0.4305
14059,0.6275
14060,0.8781
14061,0.6373
14062,0.7018
14063,0.5476
14064,1.0033
14065,0.8563
14066,0.5482
14067,0.6196
14068,0.7136
14069,0.6361
14070,0.7686
14071,0.4863
14072,0.6419
14073,0.6580
14074,1.0591
14075,0.6963
14076,0.5978
14077,0.6405
14078,0.5649
14079,0.7199
14080,0.6197
14081,0.5489
14082,0.7384
14083,0.6025
14084,0.5893
14085,1.0265
14086,0.8034
14087,0.7052
14088,0.5480
14089,0.7138
14090,0.5616
14091,0.6748
14092,0.8420
14093,0.7437
14094,0.3446
14095,1.0935
14096,1.0340
14097,0.5428
14098,0.5962
14099,0.6634
14100,0.6743
14101,0.5505
14102,1.6995
14103,0.1965
14104,1.1183
14105,0.5949
14106,0.6275
14107,0.6881
14108,0.5393
14109,0.6390
14110,0.8039
14111,0.7143
14112,0.4413
14113,0.6583
14114,0.9649
14115,0.7071
14116,0.5717
14117,0.6586
14118,0.6390
14119,0.8158
14120,0.3701
14121,0.6205
14122,0.6654
14123,0.6472
14124,1.0981
14125,0.7426
14126,0.6086
14127,0.5569
14128,0.6343
14129,0.6457
14130,0.6585
14131,0.6034
14132,0.6385
14133,0.6054
14134,1.1148
14135,0.6942
14136,0.5759
14137,0.6396
14138,0.5957
14139,0.6643
14140,0.6426
14141,0.6231
14142,0.5698
14143,0.7946
14144,1.3583
14145,0.6507
14146,0.6653
14147,0.5964
14148,0.6200
14149,0.7089
14150,0.7092
14151,0.7616
14152,0.7637
14153,0.2472
14154,1.1417
14155,0.7246
14156,0.6133
14157,0.6018
14158,0.5741
14159,0.6211
14160,1.4323
14161,0.3059
14162,0.4966
14163,0.5403
14164,0.9792
14165,0.8416
14166,0.6891
14167,0.6276
14168,0.5999
14169,0.6056
14170,0.6011
14171,0.8162
14172,0.5226
14173,0.5841
14174,1.1068
14175,0.6797
14176,0.6717
14177,0.6162
14178,0.6209
14179,0.6155
14180,0.6416
14181,0.5899
14182,0.6721
14183,0.6570
14184,0.9876
14185,0.6609
14186,0.6845
14187,0.6165
14188,0.5660
14189,0.7111
14190,0.6172
14191,0.6574
14192,0.6455
14193,0.6023
14194,1.0972
14195,0.7489
14196,0.5902
14197,0.5446
14198,0.6225
14199,0.6697
14200,0.6878
14201,0.5619
14202,0.9808
14203,1.0037
14204,0.9389
14205,0.5128
14206,0.4707
14207,0.6860
14208,0.6668
14209,0.6142
14210,0.5432
14211,0.6652
14212,0.6913
14213,0.6331
14214,0.6302
14215,0.9524
14216,0.7933
14217,0.7041
14218,0.5524
14219,0.6610
14220,0.6037
14221,0.6777
14222,0.7269
14223,0.5956
14224,0.6028
14225,1.0868
14226,0.6468
14227,0.6199
14228,0.7440
14229,0.5554
14230,0.6779
14231,0.6058
14232,0.8688
14233,0.3681
14234,1.0587
14235,0.6161
14236,0.6643
14237,0.6346
14238,1.3102
14239,0.1212
14240,0.6887
14241,0.5533
14242,0.9609
14243,0.3725
14244,0.9746
14245,1.0953
14246,0.5529
14247,0.8295
14248,0.7168
14249,0.5333
14250,0.6262
14251,0.7258
14252,0.5343
14253,0.6149
14254,1.0007
14255,0.8775
14256,0.6445
14257,0.5418
14258,0.7520
14259,0.5137
14260,0.6292
14261,0.7028
14262,0.6313
14263,0.6329
14264,0.9750
14265,0.6399
14266,0.7941
14267,0.4653
14268,0.6915
14269,0.6345
14270,0.5528
14271,0.6498
14272,0.7498
14273,0.5594
14274,0.6569
14275,1.0916
14276,0.6475
14277,0.6676
14278,0.6402
14279,0.7061
14280,0.5746
14281,0.5785
14282,0.8748
14283,1.1404
14284,0.1179
14285,1.1168
14286,0.6474
14287,0.5944
14288,0.6868
14289,0.5812
14290,0.6985
14291,0.6558
14292,0.8073
14293,0.4650
14294,0.7393
14295,1.4007
14296,0.1869
14297,0.9929
14298,0.6393
14299,0.5842
14300,0.5460
14301,0.7194
14302,0.6009
14303,0.7470
14304,0.8830
14305,0.7587
14306,0.5887
14307,0.5731
14308,0.6682
14309,0.5579
14310,0.7066
14311,0.6382
14312,0.8413
14313,0.5373
14314,0.7118
14315,1.1245
14316,0.8163
14317,0.8557
14318,0.6236
14319,0.6263
14320,0.5988
14321,0.9483
14322,0.4806
14323,0.7580
14324,0.8982
14325,0.7129
14326,0.8041
14327,0.3499
14328,0.6607
14329,0.6855
14330,0.5523
14331,0.6206
14332,0.6153
14333,0.8218
14334,0.8576
14335,0.7873
14336,0.5525
14337,0.7589
14338,0.4392
14339,0.6644
14340,0.5496
14341,0.7136
14342,1.0536
14343,0.1287
14344,0.6317
14345,0.7313
14346,1.0514
14347,0.7188
14348,0.5425
14349,0.6094
14350,0.5883
14351,0.6882
14352,0.6609
14353,0.7848
14354,0.8970
14355,0.7128
14356,0.8855
14357,0.3652
14358,0.5904
14359,0.6321
14360,0.7238
14361,0.5098
14362,1.1773
14363,0.2445
14364,0.4952
14365,1.0489
14366,0.8026
14367,0.8286
14368,0.6182
14369,1.0172
14370,0.6888
14371,0.9111
14372,0.3758
14373,0.7105
14374,0.9212
14375,0.7449
14376,0.7831
14377,0.6461
14378,0.5833
14379,0.6288
14380,0.7486
14381,0.4640
14382,0.6087
14383,0.6915
14384,1.2011
14385,0.4219
14386,0.7087
14387,0.6186
14388,0.6155
14389,0.5923
14390,0.6350
14391,0.6658
14392,0.7510
14393,0.5676
14394,0.5053
14395,1.1745
14396,0.5862
14397,0.6174
14398,0.6291
14399,0.7134
14400,0.6536
14401,0.6146
14402,0.5842
14403,0.6400
14404,0.9106
14405,0.6961
14406,0.6986
14407,0.5334
14408,0.8050
14409,0.4217
14410,0.6739
14411,0.6018
14412,0.5842
14413,0.6738
14414,0.6403
14415,0.6518
14416,1.1155
14417,0.7067
14418,0.5496
14419,0.9196
14420,0.3639
14421,0.6914
14422,0.5602
14423,0.9076
14424,0.3227
14425,0.6583
14426,1.0509
14427,0.8774
14428,0.7178
14429,1.0863
14430,0.3107
14431,0.6203
14432,0.5935
14433,0.6638
14434,0.5991
14435,1.0863
14436,0.7044
14437,0.5964
14438,0.5806
14439,0.7622
14440,0.6474
14441,0.7599
14442,0.3791
14443,0.6724
14444,0.6237
14445,1.0343
14446,0.7038
14447,0.7468
14448,0.5673
14449,0.7116
14450,0.5277
14451,0.6364
14452,0.6359
14453,0.8083
14454,0.5098
14455,0.5816
14456,1.1719
14457,0.6124
14458,0.7141
14459,0.5548
14460,0.6175
14461,0.6991
14462,0.6011
14463,0.7343
14464,0.5129
14465,0.6200
14466,1.0404
14467,0.7333
14468,0.6606
14469,0.5961
14470,0.5719
14471,0.6759
14472,0.5515
14473,0.8704
14474,0.4322
14475,0.8730
14476,0.7318
14477,0.7604
14478,0.7891
14479,0.5877
14480,0.5909
14481,0.6218
14482,0.5980
14483,0.6175
14484,0.6728
14485,0.6155
14486,1.1095
14487,0.6715
14488,0.8813
14489,0.7625
14490,0.7853
14491,0.7821
14492,0.5845
14493,0.6317
14494,0.5805
14495,0.7177
14496,0.9046
14497,0.6927
14498,0.7232
14499,0.5865
14500,0.5228
14501,0.6490
14502,0.6888
14503,0.5446
14504,0.6608
14505,0.6621
14506,0.9525
14507,0.7192
14508,0.6066
14509,0.6263
14510,0.5901
14511,0.6599
14512,0.5639
14513,0.7363
14514,0.5144
14515,0.6304
14516,1.1517
14517,0.7163
14518,0.5904
14519,1.2121
14520,0.2128
14521,0.3996
14522,0.6788
14523,0.6556
14524,0.5401
14525,0.6928
14526,0.6067
14527,0.9698
14528,0.7081
14529,0.5659
14530,0.7305
14531,0.7108
14532,0.5033
14533,0.5920
14534,0.7740
14535,0.4840
14536,0.6420
14537,1.2133
14538,0.6211
14539,0.7588
14540,0.4093
14541,0.6798
14542,0.5769
14543,0.6424
14544,0.7796
14545,0.4861
14546,0.6396
14547,1.0295
14548,0.7287
14549,0.7512
14550,0.7347
14551,0.9830
14552,0.6767
14553,0.8150
14554,0.6547
14555,0.4849
14556,0.6383
14557,1.0574
14558,0.6949
14559,0.5416
14560,0.6464
14561,0.6898
14562,0.5339
14563,0.7067
14564,0.6415
14565,0.5465
14566,0.6107
14567,1.0214
14568,0.6500
14569,0.7533
14570,0.5696
14571,0.6342
14572,0.5988
14573,0.5828
14574,0.8354
14575,0.3727
14576,0.7008
14577,1.0153
14578,0.7924
14579,0.4505
14580,0.9202
14581,0.3203
14582,0.6159
14583,0.7518
14584,0.5947
14585,0.7381
14586,0.4709
14587,0.5813
14588,1.1607
14589,1.2340
14590,0.1474
14591,0.5920
14592,0.6746
14593,0.5531
14594,0.7128
14595,0.7938
14596,0.3841
14597,0.5958
14598,1.0830
14599,0.6445
14600,0.7438
14601,0.7650
14602,0.8626
14603,0.6829
14604,0.9102
14605,0.4784
14606,0.7072
14607,1.1081
14608,0.5654
14609,0.6181
14610,0.7026
14611,0.7891
14612,0.6194
14613,0.4158
14614,0.6571
14615,0.6037
14616,0.7194
14617,0.8889
14618,0.7592
14619,0.6949
14620,0.5296
14621,0.6295
14622,0.6192
14623,0.7063
14624,0.6103
14625,0.7666
14626,0.3825
14627,0.6228
14628,1.0341
14629,0.7081
14630,0.6387
14631,0.5244
14632,0.6154
14633,0.6160
14634,0.8182
14635,0.6595
14636,0.4369
14637,0.6892
14638,1.1294
14639,0.6045
14640,0.6113
14641,0.7951
14642,0.5781
14643,0.5922
14644,0.6095
14645,0.6564
14646,0.5991
14647,0.6676
14648,0.8982
14649,0.7371
14650,0.5730
14651,0.8249
14652,0.3612
14653,0.6783
14654,0.6174
14655,0.7054
14656,0.7742
14657,0.8498
14658,0.2084
14659,1.2221
14660,1.0990
14661,0.7405
14662,0.6113
14663,0.6549
14664,0.6366
14665,0.7352
14666,0.4481
14667,0.6456
14668,1.0731
14669,0.7313
14670,0.7958
14671,0.4441
14672,0.7216
14673,0.7140
14674,0.5235
14675,0.7583
14676,0.4450
14677,0.6725
14678,1.0934
14679,0.9363
14680,0.3054
14681,0.7438
14682,0.4734
14683,0.7769
14684,0.6081
14685,0.5960
14686,0.5991
14687,0.6678
14688,0.9059
14689,0.7810
14690,0.6123
14691,0.5791
14692,0.6435
14693,0.6672
14694,0.5039
14695,0.6772
14696,0.8702
14697,0.4186
14698,0.5996
14699,1.0870
14700,0.5909
14701,0.9171
14702,0.5425
14703,0.5516
14704,0.6902
14705,0.5556
14706,0.7909
14707,0.7849
14708,0.3134
14709,1.0740
14710,0.9394
14711,0.6574
14712,0.8620
14713,0.5589
14714,0.6235
14715,0.5796
14716,0.7846
14717,0.5455
14718,0.9392
14719,0.6979
14720,0.7590
14721,0.7658
14722,0.6156
14723,0.9450
14724,0.7645
14725,0.8375
14726,0.4486
14727,0.6824
14728,1.2050
14729,0.5481
14730,0.6570
14731,0.6485
14732,0.5126
14733,0.7317
14734,0.5497
14735,0.7193
14736,0.5543
14737,0.5996
14738,1.0416
14739,0.7269
14740,0.5930
14741,0.6271
14742,0.7103
14743,0.5156
14744,0.6977
14745,0.5394
14746,1.1624
14747,0.1791
14748,0.6864
14749,0.8738
14750,0.6052
14751,0.6541
14752,0.6567
14753,0.6128
14754,0.6167
14755,0.6609
14756,0.7176
14757,0.4932
14758,0.6638
14759,1.0782
14760,0.7638
14761,0.5495
14762,0.5934
14763,0.6813
14764,0.5439
14765,0.6670
14766,0.8012
14767,0.4399
14768,0.6365
14769,1.0406
14770,0.6048
14771,0.6030
14772,0.7677
14773,0.4867
14774,0.7624
14775,0.5447
14776,0.6219
14777,0.7395
14778,0.5154
14779,1.0958
14780,0.6633
14781,1.3040
14782,0.6430
14783,0.7258
14784,0.5307
14785,0.6849
14786,1.1184
14787,0.1170
14788,0.6203
14789,0.9629
14790,0.6848
14791,0.6224
14792,0.6534
14793,0.5829
14794,0.6350
14795,0.6458
14796,0.6038
14797,0.6023
14798,0.6507
14799,1.0727
14800,1.0067
14801,0.5233
14802,0.9242
14803,0.5758
14804,0.5725
14805,0.6986
14806,0.8054
14807,0.3141
14808,0.6854
14809,0.9418
14810,0.7315
14811,0.6702
14812,0.5792
14813,0.5931
14814,0.9623
14815,0.3106
14816,0.6168
14817,0.6217
14818,0.6322
14819,1.0101
14820,0.6461
14821,0.6413
14822,0.5723
14823,0.7632
14824,0.5407
14825,0.5837
14826,0.7489
14827,0.6070
14828,0.6074
14829,1.0934
14830,0.6791
14831,0.7780
14832,0.8700
14833,0.7734
14834,0.6631
14835,0.6405
14836,0.8128
14837,0.4620
14838,0.6252
14839,0.9559
14840,0.6945
14841,0.6615
14842,0.6706
14843,0.5023
14844,0.6781
14845,0.5986
14846,0.5978
14847,0.6621
14848,0.6718
14849,1.0914
14850,0.6700
14851,0.6306
14852,0.6619
14853,0.5235
14854,0.7439
14855,0.5890
14856,0.7186
14857,0.4943
14858,0.6811
14859,1.2041
14860,0.4109
14861,0.6444
14862,0.6001
14863,0.7027
14864,0.6253
14865,0.5386
14866,0.7159
14867,0.7690
14868,0.4810
14869,0.5389
14870,1.0129
14871,0.7233
14872,0.5535
14873,0.6683
14874,0.5363
14875,0.6450
14876,0.6069
14877,0.7092
14878,0.5588
14879,0.6084
14880,1.1747
14881,0.6748
14882,0.5707
14883,0.8138
14884,0.4841
14885,0.6481
14886,0.5916
14887,0.7042
14888,0.5877
14889,0.6232
14890,0.9774
14891,0.7507
14892,0.7414
14893,0.8988
14894,0.7541
14895,0.6216
14896,0.6563
14897,0.7392
14898,0.5646
14899,0.6477
14900,1.0255
14901,0.7353
14902,0.5849
14903,0.6224
14904,0.6081
14905,0.8180
14906,0.8103
14907,0.1703
14908,0.6830
14909,0.7662
14910,0.8928
14911,0.6787
14912,0.8278
14913,0.6288
14914,0.6232
14915,0.6233
14916,0.5851
14917,0.5751
14918,0.6881
14919,0.6271
14920,1.2131
14921,0.5978
14922,0.7303
14923,0.8221
14924,0.5842
14925,0.5835
14926,0.7330
14927,0.7453
14928,0.4677
14929,0.5966
14930,0.9892
14931,0.8556
14932,0.5993
14933,0.6907
14934,0.6382
14935,0.6351
14936,0.5254
14937,0.7309
14938,0.5897
14939,0.6687
14940,0.9179
14941,0.7707
14942,0.5493
14943,0.6716
14944,0.6135
14945,0.6052
14946,0.5564
14947,0.6306
14948,0.6895
14949,0.6413
14950,1.3914
14951,0.3970
14952,0.7899
14953,0.7886
14954,0.7386
14955,0.6599
14956,0.8309
14957,0.8182
14958,0.6940
14959,1.0932
14960,0.5250
14961,0.7424
14962,0.4697
14963,0.6833
14964,0.6109
14965,0.6588
14966,0.7472
14967,0.5405
14968,0.5371
14969,0.6972
14970,1.1623
14971,0.4981
14972,0.6934
14973,0.6132
14974,0.7076
14975,0.5053
14976,0.7268
14977,0.7942
14978,0.3850
14979,0.6434
14980,0.9626
14981,0.7357
14982,0.6680
14983,0.8072
14984,0.5546
14985,0.6531
14986,0.6353
14987,0.5103
14988,0.6763
14989,0.6097
14990,1.0308
14991,0.7398
14992,0.6325
14993,0.4807
14994,0.7410
14995,0.6093
14996,0.6232
14997,0.6154
14998,0.6601
14999,0.6042
15000,0.6247
15001,1.0464
15002,0.7494
15003,0.5892
15004,0.5887
15005,0.5958
15006,0.7186
15007,0.6159
15008,0.6935
15009,0.5290
15010,1.0746
15011,0.7243
15012,0.7775
15013,0.8396
15014,0.6222
15015,0.7245
15016,0.5913
15017,1.0983
15018,0.2667
15019,0.5308
15020,0.9822
15021,0.8129
15022,0.8130
15023,0.7873
15024,0.6939
15025,0.5271
15026,0.7124
15027,0.7553
15028,0.4405
15029,0.6442
15030,0.9594
15031,0.6674
15032,0.8344
15033,0.6116
15034,0.7264
15035,0.5140
15036,0.7017
15037,0.5846
15038,0.6171
15039,1.0640
15040,1.0426
15041,0.7743
15042,0.5027
15043,0.5650
15044,0.6877
15045,0.5602
15046,0.5837
15047,0.8102
15048,0.5248
15049,0.5973
15050,0.9956
15051,0.8182
15052,0.6743
15053,0.6909
15054,0.5251
15055,0.6297
15056,0.6248
15057,0.6686
15058,0.7085
15059,0.6353
15060,1.0003
15061,0.9201
15062,0.3429
15063,0.7106
15064,0.5769
15065,0.6735
15066,0.5503
15067,0.6369
15068,0.6539
15069,0.7274
15070,1.0568
15071,0.7484
15072,0.5476
15073,0.6668
15074,0.5637
15075,0.6258
15076,0.6642
15077,0.6413
15078,0.6509
15079,0.6435
15080,0.9984
15081,0.7535
15082,0.5776
15083,0.7576
15084,0.4500
15085,0.7092
15086,0.6786
15087,0.5988
15088,0.6684
15089,0.6027
15090,0.5996
15091,1.0876
15092,0.7641
15093,0.5614
15094,0.7285
15095,1.3018
15096,0.2560
15097,0.6498
15098,0.6520
15099,0.6348
15100,1.0214
15101,0.7601
15102,0.7482
15103,0.5726
15104,0.6986
15105,0.8482
15106,0.3744
15107,0.7189
15108,0.5428
15109,0.6672
15110,0.9525
15111,0.8564
15112,0.6224
15113,0.6939
15114,0.5583
15115,0.5963
15116,0.6856
15117,0.6529
15118,0.5737
15119,0.7454
15120,1.0426
15121,0.7608
15122,0.5963
15123,0.5564
15124,0.7241
15125,0.5309
15126,0.7175
15127,0.6134
15128,0.7516
15129,0.5186
15130,0.9719
15131,0.8604
15132,0.5985
15133,0.7702
15134,0.9790
15135,0.6998
15136,0.5234
15137,0.9239
15138,0.4138
15139,0.6671
15140,1.1213
15141,0.6741
15142,0.5556
15143,0.6553
15144,0.6731
15145,0.6109
15146,0.7105
15147,1.0279
15148,0.1475
15149,0.6737
15150,1.1307
15151,0.5028
15152,1.0161
15153,0.5524
15154,0.6792
15155,0.6134
15156,0.5820
15157,0.7732
15158,0.4973
15159,0.6683
15160,1.0887
15161,0.7424
15162,0.5648
15163,0.5851
15164,0.7226
15165,0.6782
15166,0.5516
15167,0.8331
15168,0.7037
15169,0.3765
15170,1.1243
15171,0.5780
15172,1.0104
15173,0.3616
15174,0.6444
15175,0.6447
15176,0.7179
15177,0.6858
15178,0.4689
15179,1.0358
15180,0.7532
15181,0.6765
15182,0.4821
15183,0.7136
15184,0.5722
15185,0.5875
15186,0.7287
15187,0.6305
15188,0.5752
15189,0.6473
15190,1.2571
15191,0.4984
15192,0.6390
15193,0.6511
15194,0.5944
15195,0.8970
15196,0.4446
15197,1.0189
15198,0.7050
15199,0.6127
15200,0.9842
15201,0.8647
15202,0.5777
15203,0.7541
15204,0.5880
15205,0.6374
15206,0.5763
15207,0.8556
15208,0.4662
15209,0.6184
15210,1.1117
15211,0.7646
15212,0.5504
15213,0.5645
15214,0.6384
15215,0.6947
15216,0.8319
15217,0.4731
15218,0.6063
15219,0.9980
15220,0.6373
15221,0.7268
15222,0.5415
15223,0.6063
15224,0.6537
15225,0.8029
15226,0.7280
15227,0.6769
15228,0.6309
15229,0.5807
15230,1.0122
15231,0.6085
15232,0.7231
15233,0.5662
15234,0.6589
15235,0.7503
15236,0.6719
15237,0.8454
15238,0.4341
15239,0.8419
15240,0.9266
15241,0.6509
15242,0.6411
15243,0.6255
15244,1.2017
15245,0.1185
15246,0.7248
15247,0.9246
15248,0.6830
15249,1.1468
15250,0.5558
15251,0.5790
15252,0.8050
15253,0.4489
15254,0.6558
15255,0.6485
15256,0.6167
15257,0.5822
15258,0.7788
15259,0.8880
15260,1.0153
15261,0.8205
15262,0.6726
15263,0.6250
15264,0.7029
15265,0.6311
15266,0.8052
15267,0.4252
15268,0.5832
15269,0.9940
15270,0.8875
15271,0.6468
15272,0.6618
15273,0.6227
15274,0.5372
15275,0.6240
15276,1.0126
15277,0.3109
15278,0.6369
15279,1.1481
15280,0.7096
15281,0.6001
15282,0.5409
15283,0.6640
15284,0.6695
15285,0.6485
15286,0.5645
15287,1.5036
15288,0.2188
15289,0.7256
15290,0.7757
15291,0.5080
15292,0.6421
15293,0.6594
15294,0.6739
15295,0.6121
15296,0.6638
15297,0.5414
15298,0.6576
15299,1.0248
15300,0.7839
15301,0.4866
15302,0.6469
15303,0.6819
15304,0.5609
15305,0.6170
15306,0.9488
15307,0.4244
15308,0.6186
15309,0.6639
15310,1.0629
15311,0.7557
15312,0.5403
15313,0.6568
15314,0.6922
15315,0.5436
15316,0.7487
15317,0.7025
15318,0.4787
15319,0.5912
15320,1.0369
15321,0.8726
15322,0.6520
15323,0.6264
15324,0.5591
15325,0.7862
15326,0.4753
15327,0.8685
15328,0.5862
15329,1.3804
15330,0.6865
15331,0.6191
15332,0.6253
15333,0.7088
15334,0.4909
15335,0.6898
15336,0.6079
15337,0.6280
15338,0.6838
15339,0.9586
15340,0.6301
15341,0.6579
15342,0.7048
15343,0.5200
15344,0.7574
15345,0.5333
15346,0.7280
15347,0.5860
15348,0.7010
15349,0.9284
15350,0.6739
15351,0.8080
15352,0.4429
15353,0.6293
15354,0.6998
15355,0.6363
15356,0.5215
15357,0.9081
15358,0.4222
15359,0.6373
15360,1.1167
15361,0.7424
15362,0.5565
15363,0.6322
15364,0.5914
15365,0.6989
15366,0.6205
15367,0.8031
15368,0.4637
15369,1.1222
15370,0.9255
15371,0.6148
15372,0.6186
15373,1.2316
15374,0.2049
15375,0.5424
15376,0.7831
15377,0.6367
15378,0.6146
15379,0.7468
15380,1.0052
15381,0.7497
15382,0.5229
15383,0.7032
15384,0.6082
15385,0.5842
15386,0.6398
15387,0.6796
15388,0.6290
15389,0.9853
15390,0.8446
15391,0.6566
15392,0.5905
15393,0.6316
15394,0.8193
15395,0.4328
15396,0.6865
15397,0.9137
15398,0.5003
15399,0.5932
15400,0.9978
15401,0.6777
15402,0.6791
15403,0.5948
15404,0.6441
15405,0.6491
15406,0.5727
15407,0.7880
15408,0.5133
15409,1.1237
15410,0.6472
15411,0.5975
15412,0.7198
15413,0.5388
15414,0.7374
15415,0.9127
15416,0.6833
15417,0.6249
15418,0.8736
15419,0.8176
15420,0.6400
15421,0.6163
15422,0.7593
15423,0.6277
15424,0.5630
15425,0.7091
15426,0.5052
15427,0.8978
15428,0.4039
15429,0.5815
15430,1.1010
15431,0.7565
15432,0.6643
15433,0.5422
15434,0.5998
15435,0.6493
15436,0.6012
15437,0.7910
15438,0.6443
15439,0.5839
15440,0.9354
15441,0.9652
15442,0.4838
15443,0.7146
15444,0.6224
15445,0.9525
15446,0.6382
15447,0.6348
15448,0.6971
15449,1.2649
15450,0.4560
15451,0.8988
15452,0.6207
15453,0.6522
15454,0.5903
15455,0.6842
15456,0.5263
15457,0.6997
15458,0.6124
15459,0.9814
15460,0.7314
15461,0.5392
15462,0.7202
15463,0.5334
15464,1.2248
15465,0.2957
15466,0.4480
15467,1.1093
15468,0.9792
15469,0.7742
15470,0.4993
15471,0.7457
15472,0.6411
15473,0.5361
15474,0.7629
15475,0.9700
15476,0.6384
15477,0.6648
15478,0.9451
15479,1.0235
15480,0.8332
15481,0.6140
15482,0.7355
15483,0.6062
15484,0.5236
15485,0.7818
15486,0.5370
15487,0.9937
15488,0.6530
15489,0.7337
15490,0.7933
15491,0.3420
15492,0.6635
15493,0.6659
15494,0.5730
15495,0.6567
15496,0.6866
15497,0.9788
15498,0.7641
15499,0.7593
15500,0.5891
15501,0.5479
15502,0.7514
15503,0.5304
15504,0.6105
15505,0.6257
15506,0.6623
15507,0.6751
15508,1.0180
15509,0.6592
15510,0.9226
15511,0.8243
15512,0.8350
15513,0.4830
15514,0.6385
15515,0.7283
15516,0.6963
15517,0.9301
15518,0.9940
15519,0.7866
15520,0.7090
15521,0.6391
15522,0.6986
15523,0.6039
15524,0.7698
15525,0.5389
15526,0.5261
15527,0.9909
15528,0.8988
15529,0.6590
15530,0.5752
15531,0.6013
15532,0.6186
15533,0.8062
15534,0.5093
15535,0.7942
15536,0.4475
15537,1.0744
15538,0.8370
15539,0.4202
15540,0.6999
15541,0.6182
15542,0.6123
15543,1.2818
15544,0.3711
15545,0.8426
15546,0.2087
15547,1.2829
15548,0.8109
15549,1.1514
15550,0.4784
15551,0.7551
15552,0.4864
15553,0.6200
15554,0.6786
15555,0.7279
15556,1.1353
15557,0.7143
15558,0.5197
15559,0.6265
15560,0.6926
15561,0.6904
15562,0.5815
15563,0.8777
15564,0.4969
15565,0.8238
15566,0.8196
15567,0.7619
15568,0.6165
15569,0.6121
15570,0.6917
15571,0.4854
15572,0.6972
15573,0.6568
15574,0.5773
15575,0.6398
15576,0.9873
15577,0.7244
15578,0.6895
15579,0.5471
15580,0.7294
15581,0.5796
15582,0.5551
15583,0.6385
15584,0.9091
15585,0.6894
15586,1.1143
15587,0.6856
15588,0.6818
15589,0.6927
15590,0.5269
15591,0.7781
15592,0.5005
15593,0.9527
15594,1.1249
15595,0.3384
15596,1.1151
15597,0.7225
15598,0.6684
15599,0.5501
15600,0.5826
15601,0.7236
15602,0.6268
15603,0.5579
15604,0.9369
15605,0.7063
15606,0.6405
15607,0.7450
15608,0.6109
15609,0.6398
15610,0.6619
15611,0.5818
15612,0.6693
15613,0.8400
15614,0.3693
15615,0.8725
15616,0.9530
15617,0.6787
15618,0.7065
15619,0.4940
15620,0.7304
15621,0.6074
15622,0.6178
15623,0.7591
15624,0.4695
15625,1.2954
15626,0.9133
15627,0.7500
15628,0.5355
15629,0.7587
15630,0.4909
15631,0.7390
15632,0.9324
15633,0.3527
15634,0.6905
15635,1.0071
15636,0.6438
15637,1.0387
15638,0.7597
15639,0.4770
15640,0.6514
15641,0.7072
15642,0.7530
15643,0.4791
15644,0.6231
15645,1.0062
15646,0.7351
15647,0.5392
15648,0.6225
15649,0.7171
15650,0.5110
15651,0.7512
15652,0.7851
15653,0.3783
15654,0.7147
15655,0.9514
15656,0.8080
15657,0.7668
15658,0.6121
15659,0.6496
15660,0.5183
15661,1.2017
15662,0.5875
15663,0.5548
15664,1.2046
15665,0.9942
15666,0.8247
15667,0.6645
15668,0.5712
15669,0.6547
15670,0.7609
15671,0.6580
15672,1.0208
15673,0.9018
15674,0.6512
15675,0.7311
15676,0.5713
15677,0.6979
15678,0.5284
15679,0.7841
15680,0.5165
15681,0.6456
15682,0.8509
15683,1.1143
15684,0.4417
15685,0.8992
15686,0.8551
15687,0.6884
15688,0.4959
15689,0.7489
15690,0.7565
15691,0.4184
15692,0.6550
15693,0.9804
15694,0.7330
15695,0.7273
15696,0.7142
15697,0.6310
15698,0.5524
15699,0.6843
15700,0.8448
15701,0.3777
15702,0.7714
15703,0.8826
15704,0.8668
15705,0.9234
15706,0.7448
15707,0.5634
15708,0.6856
15709,0.7476
15710,0.4586
15711,0.8008
15712,0.8092
15713,1.1543
15714,0.5471
15715,0.7945
15716,0.4033
15717,0.7052
15718,0.6417
15719,0.7798
15720,0.4177
15721,0.7815
15722,1.0146
15723,0.6043
15724,0.5214
15725,0.7407
15726,0.8400
15727,0.3692
15728,0.6525
15729,0.5906
15730,0.7324
15731,0.6029
15732,1.0382
15733,0.6640
15734,1.0899
15735,0.5963
15736,0.5646
15737,0.7225
15738,0.5671
15739,0.5539
15740,0.7529
15741,0.6008
15742,0.9647
15743,0.7058
15744,0.8078
15745,0.5772
15746,0.9392
15747,1.0632
15748,0.5326
15749,0.5588
15750,1.3003
15751,0.6616
15752,0.9247
15753,0.8647
15754,0.6977
15755,0.8494
15756,0.7813
15757,0.7167
15758,0.8935
15759,0.9712
15760,0.7482
15761,0.8234
15762,0.6559
15763,0.7879
15764,0.7788
15765,0.5429
15766,0.8713
15767,0.4332
15768,0.6180
15769,0.9253
15770,0.8875
15771,0.7211
15772,0.5192
15773,0.5755
15774,0.6620
15775,0.7207
15776,0.5825
15777,0.5950
15778,1.1530
15779,0.7239
15780,0.8786
15781,0.9166
15782,0.6786
15783,0.5795
15784,0.6583
15785,0.7986
15786,0.4415
15787,0.7373
15788,0.8499
15789,0.7210
15790,0.6969
15791,0.7360
15792,0.5980
15793,0.6114
15794,0.6130
15795,0.6045
15796,0.6421
15797,0.6122
15798,1.1358
15799,0.7288
15800,0.7719
15801,0.8839
15802,0.6879
15803,0.8458
15804,0.8795
15805,0.5039
15806,0.6020
15807,1.0373
15808,0.6625
15809,0.6984
15810,1.1710
15811,0.2895
15812,0.4424
15813,0.6131
15814,0.9391
15815,0.5083
15816,0.6826
15817,0.9521
15818,0.6659
15819,0.7661
15820,0.6708
15821,0.5303
15822,1.2359
15823,0.3159
15824,0.7870
15825,0.5198
15826,0.6823
15827,1.0235
15828,0.6939
15829,0.8375
15830,0.6015
15831,0.6127
15832,0.7252
15833,0.6109
15834,0.7039
15835,0.4971
15836,0.6311
15837,0.9820
15838,0.6880
15839,0.6297
15840,0.5954
15841,0.6091
15842,0.6743
15843,0.5513
15844,0.7785
15845,0.6428
15846,0.4781
15847,1.1938
15848,0.6874
15849,0.8828
15850,0.5532
15851,0.8015
15852,0.6616
15853,0.7749
15854,0.7225
15855,0.4769
15856,0.6920
15857,1.0200
15858,0.6773
15859,0.7600
15860,0.8948
15861,0.8761
15862,0.5036
15863,0.6666
15864,0.5471
15865,0.6944
15866,1.0604
15867,0.7971
15868,0.5026
15869,0.6585
15870,0.7919
15871,0.7054
15872,0.6084
15873,0.7336
15874,0.8227
15875,0.7370
15876,0.8807
15877,0.6428
15878,0.6795
15879,0.6518
15880,0.6091
15881,0.5638
15882,0.6317
15883,0.6534
15884,0.6307
15885,0.6369
15886,0.9422
15887,0.7742
15888,0.6900
15889,0.6959
15890,0.6032
15891,0.6392
15892,0.6830
15893,0.5959
15894,0.8406
15895,0.6624
15896,0.9534
15897,1.3195
15898,0.4101
15899,0.7440
15900,0.7580
15901,0.5510
15902,0.7424
15903,0.5355
15904,0.5957
15905,0.9896
15906,0.7297
15907,0.7690
15908,0.6630
15909,0.6179
15910,0.5949
15911,0.6162
15912,0.7297
15913,0.5369
15914,0.6567
15915,1.1407
15916,0.6342
15917,0.8526
15918,0.9752
15919,0.5592
15920,0.8912
15921,0.6730
15922,0.7245
15923,0.5967
15924,1.0073
15925,0.7313
15926,0.4766
15927,0.6312
15928,0.7101
15929,0.5543
15930,0.7138
15931,0.5711
15932,0.6039
15933,0.6735
15934,1.0255
15935,0.6653
15936,0.8543
15937,0.7412
15938,0.6729
15939,0.5474
15940,1.6611
15941,0.1878
15942,0.2256
15943,0.5935
15944,0.9741
15945,0.6393
15946,0.7467
15947,0.6319
15948,0.6651
15949,0.6296
15950,0.5321
15951,0.6341
15952,0.6578
15953,0.7185
15954,0.9640
15955,0.7283
15956,0.5651
15957,0.6688
15958,0.6366
15959,0.5356
15960,0.7509
15961,0.5184
15962,0.6854
15963,0.6377
15964,1.4597
15965,0.2214
15966,1.3166
15967,0.6015
15968,0.7536
15969,0.6149
15970,0.6479
15971,0.6392
15972,0.6384
15973,0.9605
15974,0.7039
15975,0.5639
15976,0.5810
15977,0.6311
15978,0.6258
15979,0.6440
15980,0.5741
15981,0.8172
15982,0.4631
15983,0.6927
15984,1.1831
15985,0.6404
15986,0.5676
15987,0.6034
15988,0.6914
15989,0.6292
15990,0.5911
15991,0.6218
15992,0.5731
15993,0.6808
15994,0.9404
15995,0.8080
15996,0.4941
15997,0.6485
15998,0.6698
15999,0.6221
16000,0.6469
16001,0.5950
16002,0.8936
16003,0.3952
16004,0.6242
16005,1.0195
16006,0.7291
16007,1.1049
16008,0.2833
16009,0.4297
16010,0.6204
16011,0.6141
16012,0.8258
16013,0.4326
16014,0.6361
16015,0.9091
16016,0.8082
16017,0.9089
16018,0.6666
16019,0.5803
16020,0.6024
16021,0.6654
16022,0.8140
16023,0.4437
16024,0.6128
16025,1.0721
16026,0.8654
16027,0.6646
16028,0.8189
16029,0.6234
16030,0.6107
16031,0.6589
16032,0.6426
16033,0.5860
16034,0.6056
16035,1.0805
16036,0.6344
16037,0.7190
16038,0.5628
16039,0.6942
16040,0.5543
16041,0.6004
16042,0.8214
16043,0.4746
16044,0.5830
16045,1.0668
16046,0.6463
16047,0.8983
16048,0.4807
16049,0.6825
16050,0.5550
16051,0.6415
16052,0.8595
16053,0.4010
16054,0.6423
16055,0.9758
16056,0.7419
16057,0.5847
16058,0.6209
16059,0.6249
16060,0.5857
16061,0.6993
16062,0.6190
16063,0.5344
16064,0.6541
16065,1.0239
16066,0.7537
16067,0.9879
16068,0.7325
16069,0.4023
16070,0.6401
16071,0.6961
16072,0.5603
16073,0.6084
16074,0.6250
16075,1.4326
16076,0.2449
16077,0.8795
16078,0.6173
16079,0.5800
16080,0.6841
16081,0.5167
16082,0.6616
16083,0.6069
16084,0.6503
16085,1.0402
16086,0.7708
16087,1.0959
16088,1.1416
16089,0.2312
16090,0.7435
16091,0.4889
16092,0.7559
16093,0.5783
16094,0.9510
16095,0.7412
16096,0.5651
16097,0.6604
16098,0.5795
16099,0.7012
16100,0.5146
16101,0.6603
16102,0.9565
16103,0.3092
16104,0.6687
16105,1.0828
16106,0.6788
16107,0.6742
16108,0.5608
16109,0.6025
16110,0.6078
16111,0.6350
16112,0.7516
16113,0.5566
16114,0.6524
16115,0.9725
16116,0.7352
16117,0.5062
16118,0.6902
16119,0.5516
16120,0.8290
16121,0.4797
16122,0.6935
16123,0.7467
16124,0.4580
16125,0.6467
16126,0.9558
16127,0.8024
16128,0.8050
16129,0.4911
16130,0.6889
16131,0.6015
16132,0.5344
16133,0.8531
16134,0.4708
16135,0.5891
16136,1.1428
16137,0.7264
16138,0.5615
16139,0.5855
16140,0.5890
16141,0.6573
16142,0.6506
16143,1.1249
16144,0.2503
16145,0.5110
16146,1.2135
16147,0.7726
16148,0.6888
16149,0.8451
16150,0.5402
16151,0.6092
16152,0.6752
16153,0.8275
16154,0.4758
16155,0.5482
16156,1.1484
16157,0.7243
16158,0.5280
16159,0.7107
16160,0.6017
16161,0.7322
16162,0.4179
16163,0.7802
16164,0.5845
16165,0.5480
16166,1.0776
16167,0.7210
16168,0.5759
16169,0.6869
16170,0.5443
16171,0.6213
16172,0.6800
16173,0.6237
16174,0.5452
16175,0.6325
16176,1.0164
16177,0.7260
16178,0.5472
16179,0.6808
16180,0.5627
16181,0.5832
16182,0.6656
16183,0.6184
16184,0.8290
16185,0.5295
16186,0.5949
16187,1.0260
16188,0.7269
16189,0.8140
16190,0.3776
16191,0.8248
16192,0.4953
16193,0.6536
16194,0.8027
16195,0.3896
16196,0.7448
16197,1.0542
16198,0.7865
16199,0.6561
16200,0.8922
16201,0.5542
16202,0.5900
16203,0.6556
16204,0.7328
16205,0.5585
16206,0.6248
16207,1.0787
16208,0.7779
16209,0.5135
16210,0.7877
16211,0.4644
16212,0.7339
16213,0.5046
16214,0.7887
16215,0.4736
16216,0.6680
16217,0.9561
16218,0.7503
16219,0.7687
16220,0.5749
16221,0.6757
16222,0.5887
16223,0.6029
16224,0.8643
16225,0.4209
16226,0.6691
16227,1.0517
16228,0.6309
16229,0.6693
16230,0.5992
16231,0.6438
16232,0.5960
16233,0.6869
16234,1.3207
16235,0.3262
16236,0.6205
16237,0.5931
16238,0.8395
16239,0.3669
16240,0.6167
16241,0.6216
16242,0.7658
16243,0.5876
16244,0.5505
16245,0.6789
16246,0.6500
16247,0.5834
16248,0.9596
16249,0.8550
16250,0.4311
16251,0.5917
16252,0.7319
16253,0.6348
16254,0.5031
16255,0.6694
16256,0.6579
16257,0.6434
16258,1.2301
16259,0.5480
16260,0.8251
16261,0.8136
16262,0.6562
16263,0.8389
16264,0.6099
16265,0.5965
16266,0.6937
16267,0.9683
16268,0.7706
16269,0.6735
16270,0.6392
16271,0.5505
16272,0.6833
16273,0.7400
16274,0.5092
16275,0.6709
16276,0.6874
16277,1.0170
16278,0.8033
16279,0.4995
16280,0.5969
16281,0.6403
16282,0.6222
16283,0.7299
16284,0.5435
16285,0.7348
16286,0.6259
16287,0.4568
16288,0.6974
16289,1.0368
16290,0.5663
16291,0.6601
16292,0.6218
16293,0.5606
16294,0.6583
16295,0.6274
16296,0.6030
16297,0.6472
16298,1.0310
16299,0.6770
16300,0.7875
16301,0.5767
16302,0.6940
16303,0.6670
16304,0.4999
16305,0.7404
16306,0.6329
16307,0.5238
16308,0.6568
16309,1.1518
16310,0.5747
16311,0.7108
16312,0.6537
16313,0.6203
16314,0.5453
16315,0.6600
16316,0.8043
16317,0.5948
16318,0.4914
16319,1.0338
16320,0.9323
16321,0.7375
16322,0.6561
16323,0.6492
16324,1.0348
16325,0.2193
16326,0.6689
16327,0.6700
16328,0.9316
16329,0.8063
16330,0.9152
16331,0.5731
16332,0.8138
16333,0.4221
16334,0.8313
16335,0.3648
16336,0.6295
16337,0.6254
16338,0.9771
16339,0.8237
16340,0.7297
16341,0.6202
16342,0.5611
16343,0.6912
16344,0.5369
16345,0.6387
16346,0.6337
16347,0.6966
16348,0.9364
16349,0.6942
16350,0.9315
16351,0.6897
16352,0.5418
16353,0.8072
16354,0.4998
16355,0.7036
16356,0.5243
16357,0.6418
16358,1.0219
16359,0.7074
16360,0.5584
16361,0.6816
16362,0.5740
16363,0.7382
16364,0.5284
16365,0.6280
16366,0.7324
16367,0.5552
16368,0.5734
16369,1.0302
16370,2.1322
16371,0.1778
16372,0.1056
16373,0.5925
16374,0.7047
16375,0.5510
16376,0.6812
16377,0.6417
16378,1.0940
16379,0.7405
16380,0.7800
16381,0.8767
16382,0.7170
16383,0.7260
16384,0.6263
16385,0.6535
16386,0.6933
16387,0.5209
16388,0.9829
16389,0.6441
16390,0.6359
16391,0.6238
16392,1.0554
16393,0.3185
16394,0.4762
16395,0.6774
16396,0.5757
16397,0.6956
16398,1.0209
16399,0.7775
16400,0.5545
16401,0.6675
16402,0.5921
16403,0.6099
16404,0.7091
16405,0.5832
16406,0.5465
16407,0.6152
16408,0.9971
16409,0.8040
16410,0.6350
16411,0.7367
16412,0.5264
16413,0.6380
16414,0.6292
16415,0.6859
16416,0.5734
16417,0.6150
16418,1.0935
16419,0.6428
16420,0.6834
16421,0.4814
16422,0.6642
16423,0.6117
16424,0.7257
16425,0.5194
16426,0.7704
16427,0.5072
16428,0.6188
16429,1.3396
16430,0.7680
16431,0.6467
16432,0.7865
16433,0.7107
16434,0.5431
16435,0.5917
16436,0.6774
16437,1.1190
16438,0.5366
16439,0.6378
16440,0.7641
16441,0.5453
16442,0.7294
16443,0.5313
16444,0.5532
16445,0.6593
16446,0.6525
16447,0.7286
16448,0.5023
16449,0.6666
16450,1.2226
16451,0.5216
16452,0.7002
16453,0.5386
16454,0.7149
16455,0.6158
16456,0.6667
16457,0.5912
16458,0.9649
16459,0.7113
16460,0.6050
16461,0.6674
16462,0.5128
16463,0.6507
16464,0.7016
16465,0.6134
16466,0.5734
16467,0.9163
16468,0.3281
16469,0.6785
16470,1.0289
16471,0.7352
16472,0.5395
16473,0.6307
16474,0.5931
16475,0.7099
16476,0.6699
16477,0.5428
16478,0.7064
16479,1.3897
16480,0.1590
16481,0.6432
16482,0.7603
16483,0.8278
16484,0.4820
16485,0.5907
16486,0.6106
16487,1.0507
16488,0.3397
16489,1.0097
16490,0.6973
16491,0.7409
16492,0.7286
16493,0.6781
16494,0.6011
16495,0.7156
16496,0.5501
16497,0.9887
16498,0.2803
16499,0.7857
16500,1.0209
16501,0.6184
16502,0.6422
16503,0.6206
16504,0.5702
16505,0.7447
16506,0.5420
16507,0.6387
16508,0.6108
16509,0.6427
16510,0.9531
16511,0.6566
16512,0.5961
16513,0.7418
16514,0.6755
16515,0.5132
16516,0.7463
16517,0.4791
16518,0.6313
16519,0.6444
16520,1.1449
16521,0.6499
16522,0.5489
16523,0.6434
16524,0.6445
16525,0.6395
16526,0.6817
16527,0.5196
16528,0.6397
16529,1.2169
16530,0.4726
16531,0.7215
16532,0.5556
16533,0.6892
16534,0.6004
16535,0.5477
16536,0.6144
16537,0.6587
16538,0.8413
16539,0.4251
16540,0.6220
16541,1.1587
16542,0.5833
16543,0.5815
16544,0.6564
16545,0.5532
16546,0.6565
16547,0.5763
16548,0.6449
16549,0.6400
16550,0.6712
16551,1.5901
16552,0.1995
16553,0.8900
16554,0.8957
16555,0.6874
16556,0.8553
16557,0.6095
16558,0.5319
16559,0.6954
16560,0.9489
16561,0.7281
16562,0.6609
16563,0.7281
16564,0.6070
16565,0.6231
16566,0.6875
16567,0.5318
16568,0.6804
16569,0.5703
16570,0.6502
16571,1.6624
16572,0.3518
16573,0.3857
16574,0.6196
16575,0.6359
16576,0.6179
16577,0.6342
16578,1.6091
16579,0.1150
16580,0.6309
16581,0.9054
16582,0.6293
16583,0.6014
16584,0.7006
16585,0.6013
16586,0.6124
16587,0.6406
16588,0.7159
16589,0.4998
16590,0.6494
16591,1.0872
16592,0.7935
16593,0.5454
16594,0.7701
16595,0.6151
16596,0.4446
16597,0.7415
16598,0.7339
16599,0.4819
16600,0.6413
16601,0.9075
16602,0.7120
16603,0.8402
16604,0.5450
16605,0.6121
16606,0.7146
16607,0.4961
16608,0.6442
16609,0.6808
16610,1.0881
16611,0.7222
16612,0.8090
16613,0.8105
16614,0.6252
16615,0.6778
16616,1.2187
16617,0.1340
16618,0.5001
16619,0.7640
16620,0.9963
16621,0.6812
16622,0.5746
16623,0.7249
16624,0.5229
16625,0.7124
16626,0.6216
16627,0.5950
16628,0.8072
16629,0.4195
16630,0.6119
16631,0.9803
16632,0.8411
16633,0.6774
16634,0.6626
16635,0.5293
16636,0.7579
16637,0.4985
16638,0.8446
16639,0.5333
16640,0.5795
16641,0.9696
16642,0.9670
16643,0.7214
16644,0.7598
16645,0.5924
16646,0.6430
16647,0.6208
16648,0.6029
16649,0.7439
16650,0.9682
16651,0.6817
16652,0.6778
16653,0.5248
16654,0.6613
16655,0.5578
16656,0.6278
16657,0.6634
16658,0.7963
16659,0.4463
16660,0.7173
16661,1.1870
16662,0.6307
16663,0.8668
16664,0.7424
16665,0.4042
16666,0.6796
16667,0.8849
16668,0.6601
16669,0.3197
16670,0.6452
16671,1.0925
16672,0.7228
16673,0.5973
16674,0.5177
16675,0.7336
16676,0.5229
16677,0.6554
16678,0.8503
16679,0.4457
16680,0.6388
16681,0.9851
16682,0.6911
16683,1.1266
16684,0.1415
16685,0.6368
16686,0.5364
16687,0.6613
16688,0.6810
16689,0.5260
16690,0.6914
16691,0.9594
16692,0.6659
16693,0.9464
16694,0.6623
16695,0.7637
16696,0.5158
16697,0.6117
16698,0.6702
16699,0.5328
16700,0.7318
16701,0.8833
16702,0.8045
16703,0.6678
16704,0.5838
16705,0.7052
16706,0.6286
16707,0.5995
16708,0.7097
16709,0.6992
16710,0.5546
16711,0.6145
16712,1.1112
16713,0.5348
16714,0.6908
16715,0.5198
16716,0.7333
16717,0.5442
16718,0.6164
16719,0.6829
16720,0.6424
16721,1.0511
16722,0.6171
16723,0.9903
16724,0.7176
16725,0.6597
16726,0.6594
16727,0.9659
16728,0.2768
16729,0.6490
16730,0.6343
16731,0.6231
16732,0.9708
16733,0.6580
16734,0.5949
16735,0.6445
16736,0.5730
16737,0.7468
16738,0.5634
16739,0.6886
16740,0.6472
16741,0.5387
16742,1.1107
16743,0.6999
16744,0.5697
16745,0.6234
16746,0.7159
16747,0.5624
16748,0.6084
16749,0.8767
16750,0.3922
16751,1.3729
16752,0.3218
16753,0.5796
16754,0.6077
16755,0.6730
16756,0.6561
16757,0.6582
16758,0.7000
16759,0.4792
16760,0.6268
16761,0.7311
16762,0.9088
16763,0.7372
16764,0.9888
16765,0.6334
16766,0.7205
16767,0.4236
16768,0.6518
16769,0.7060
16770,0.5199
16771,0.7028
16772,0.9505
16773,0.8027
16774,0.5253
16775,0.6175
16776,0.6858
16777,0.6042
16778,0.6442
16779,0.5403
16780,0.7663
16781,0.5236
16782,0.7391
16783,1.0515
16784,0.7644
16785,0.7012
16786,0.8102
16787,0.6033
16788,0.5559
16789,0.6233
16790,0.6830
16791,0.6789
16792,1.0723
16793,0.7446
16794,0.5533
16795,0.5463
16796,0.7166
16797,0.6097
16798,0.6675
16799,0.6206
16800,0.5935
16801,0.6902
16802,0.9244
16803,0.8032
16804,0.4396
16805,1.0663
16806,0.1916
16807,0.9928
16808,0.2692
16809,0.6489
16810,0.6367
16811,0.9313
16812,0.3451
16813,0.6483
16814,1.0351
16815,0.6695
16816,0.6235
16817,0.5966
16818,1.3364
16819,0.1611
16820,0.8172
16821,0.4201
16822,0.6454
16823,0.9814
16824,0.6529
16825,0.7504
16826,0.4905
16827,0.6503
16828,0.7919
16829,0.4583
16830,0.6516
16831,0.7349
16832,0.4911
16833,1.1525
16834,0.6459
16835,0.7201
16836,0.5220
16837,0.7016
16838,0.6248
16839,0.5292
16840,0.7279
16841,0.7334
16842,0.4405
16843,0.6431
16844,0.9590
16845,0.6937
16846,0.7344
16847,0.7076
16848,0.6851
16849,0.9455
16850,0.6895
16851,0.6386
16852,0.6166
16853,1.0255
16854,0.7658
16855,0.7053
16856,0.6254
16857,0.6070
16858,0.7638
16859,0.4893
16860,0.7051
16861,0.5269
16862,0.9378
16863,0.8509
16864,0.6823
16865,0.5580
16866,0.5970
16867,0.6378
16868,0.6248
16869,0.6315
16870,0.5944
16871,0.7087
16872,0.6146
16873,0.9146
16874,0.7455
16875,0.6035
16876,0.5943
16877,0.6316
16878,0.6235
16879,0.7087
16880,0.5574
16881,0.8512
16882,0.4334
16883,0.5936
16884,1.1160
16885,0.9755
16886,0.4139
16887,0.5164
16888,0.7314
16889,0.5292
16890,0.7173
16891,0.5482
16892,0.6361
16893,0.6938
16894,0.9156
16895,0.6674
16896,0.6330
16897,0.8236
16898,0.6963
16899,0.8696
16900,0.7581
16901,0.8736
16902,0.4219
16903,0.5284
16904,1.0774
16905,0.6231
16906,0.7270
16907,0.8398
16908,0.2956
16909,0.7176
16910,0.5692
16911,0.6796
16912,0.6205
16913,0.7431
16914,0.9412
16915,0.6563
16916,0.6660
16917,0.5780
16918,0.6061
16919,0.6811
16920,0.6341
16921,0.5819
16922,0.6375
16923,0.6144
16924,1.0356
16925,0.6494
16926,0.7018
16927,0.5152
16928,0.7740
16929,0.5325
16930,0.6114
16931,0.6962
16932,0.6375
16933,0.5884
16934,0.6218
16935,1.0777
16936,0.7101
16937,0.6295
16938,0.6207
16939,0.6674
16940,0.5347
16941,0.7029
16942,0.6744
16943,0.5946
16944,0.5654
16945,0.9551
16946,0.6848
16947,0.8432
16948,0.5808
16949,0.6774
16950,0.5095
16951,0.6412
16952,0.6202
16953,0.9501
16954,0.9195
16955,0.1840
16956,0.9999
16957,0.8013
16958,0.7539
16959,0.8407
16960,0.8131
16961,0.8792
16962,0.5030
16963,0.6443
16964,0.9768
16965,0.6627
16966,0.7135
16967,0.5415
16968,0.6372
16969,0.6195
16970,0.5843
16971,0.6710
16972,0.6170
16973,0.7063
16974,0.5631
16975,1.0276
16976,0.7554
16977,0.5595
16978,0.6581
16979,0.7214
16980,0.4539
16981,0.7066
16982,0.7402
16983,0.4743
16984,0.6168
16985,1.2415
16986,0.5010
16987,0.7666
16988,0.4709
16989,1.2233
16990,0.0869
16991,0.6700
16992,0.8315
16993,0.4187
16994,0.6228
16995,0.9424
16996,0.7287
16997,0.5729
16998,0.6444
16999,0.6675
17000,0.7107
17001,0.5404
17002,0.7076
17003,0.5202
17004,0.7008
17005,1.0563
17006,0.7049
17007,0.6079
17008,0.6022
17009,0.7819
17010,0.5291
17011,0.5971
17012,0.7299
17013,0.6359
17014,0.4566
17015,0.6648
17016,1.0108
17017,0.6019
17018,0.7242
17019,0.7275
17020,1.0487
17021,0.6075
17022,0.6994
17023,0.6498
17024,0.7717
17025,0.8144
17026,0.7523
17027,0.8267
17028,0.5564
17029,0.5876
17030,0.5660
17031,0.7461
17032,0.5723
17033,0.6085
17034,0.6443
17035,0.6840
17036,1.0682
17037,0.6692
17038,0.6901
17039,0.5677
17040,0.6172
17041,0.5943
17042,0.6741
17043,0.9935
17044,0.5432
17045,0.4393
17046,0.8796
17047,0.6957
17048,0.5780
17049,0.8295
17050,0.3981
17051,0.6557
17052,0.7105
17053,0.6561
17054,0.5809
17055,0.5376
17056,1.1573
17057,0.6940
17058,0.6706
17059,0.5485
17060,0.7528
17061,0.6676
17062,0.4432
17063,0.9648
17064,0.2862
17065,0.6020
17066,1.0172
17067,0.6757
17068,0.8688
17069,0.5640
17070,0.6862
17071,0.5972
17072,0.5218
17073,0.6592
17074,0.7793
17075,0.5865
17076,1.0329
17077,0.7229
17078,0.5331
17079,0.8468
17080,0.7190
17081,0.8539
17082,0.6955
17083,0.7289
17084,0.6238
17085,0.9119
17086,0.7129
17087,0.9500
17088,0.3985
17089,0.6555
17090,0.6937
17091,0.6047
17092,0.5616
17093,0.8823
17094,0.4225
17095,0.6206
17096,1.0004
17097,0.6766
17098,0.6010
17099,0.6999
17100,0.6658
17101,0.5140
17102,0.6654
17103,0.5560
17104,0.6454
17105,0.6663
17106,1.1024
17107,0.6145
17108,0.7267
17109,0.6036
17110,1.1494
17111,0.1894
17112,0.5205
17113,0.6963
17114,0.5524
17115,0.6874
17116,0.9307
17117,0.6545
17118,0.6451
17119,0.6806
17120,0.5505
17121,0.6295
17122,0.6355
17123,0.6194
17124,0.7559
17125,0.5422
17126,0.6107
17127,1.0639
17128,0.6632
17129,0.6876
17130,0.7030
17131,0.5168
17132,0.6967
17133,0.5257
17134,0.8879
17135,0.3881
17136,0.6187
17137,1.0001
17138,0.6943
17139,0.6212
17140,0.7692
17141,0.7031
17142,0.9004
17143,0.7489
17144,0.6378
17145,0.7108
17146,0.9267
17147,0.6737
17148,0.6025
17149,0.7168
17150,0.6022
17151,0.6346
17152,0.5081
17153,0.7387
17154,0.7102
17155,0.5107
17156,0.5622
17157,1.1904
17158,0.5889
17159,0.7778
17160,0.4989
17161,0.6393
17162,0.5762
17163,0.6213
17164,0.6702
17165,0.6380
17166,0.6374
17167,0.9787
17168,0.6903
17169,0.7326
17170,0.5041
17171,0.6989
17172,0.5491
17173,0.6998
17174,0.5481
17175,0.7212
17176,0.5208
17177,0.6198
17178,1.1578
17179,0.6855
17180,0.8784
17181,0.3494
17182,0.7238
17183,0.5512
17184,0.8266
17185,0.4830
17186,0.5325
17187,0.6451
17188,1.0042
17189,0.6419
17190,0.7281
17191,0.5175
17192,0.6013
17193,0.7576
17194,0.6148
17195,0.5456
17196,0.7344
17197,0.5883
17198,1.0750
17199,0.6465
17200,0.6257
17201,0.7698
17202,0.6642
17203,1.3413
17204,0.3539
17205,0.7727
17206,0.4794
17207,0.6730
17208,1.0894
17209,0.7381
17210,0.6020
17211,0.6637
17212,0.6547
17213,0.6409
17214,0.5956
17215,0.5927
17216,0.6450
17217,0.6425
17218,0.9131
17219,0.7461
17220,0.7892
17221,0.6013
17222,0.6728
17223,0.6212
17224,0.5411
17225,0.8504
17226,0.4355
17227,0.6622
17228,1.0636
17229,0.7851
17230,0.5363
17231,0.6662
17232,0.5058
17233,0.6258
17234,0.7091
17235,0.6905
17236,0.5994
17237,0.5871
17238,0.9860
17239,0.6431
17240,0.6791
17241,0.5950
17242,0.7185
17243,0.5608
17244,0.6882
17245,0.5102
17246,0.7350
17247,0.8417
17248,0.8372
17249,1.1466
17250,0.3048
17251,0.9194
17252,0.7459
17253,0.6617
17254,0.6815
17255,0.8874
17256,0.3090
17257,0.6232
17258,0.9828
17259,0.8332
17260,0.7312
17261,0.4960
17262,0.7005
17263,0.6266
17264,0.6768
17265,0.7915
17266,0.3834
17267,0.7517
17268,0.8235
17269,0.7026
17270,0.9377
17271,0.5299
17272,0.6537
17273,0.6228
17274,0.6188
17275,0.7608
17276,0.3886
17277,0.7692
17278,1.0109
17279,0.7768
17280,0.5706
17281,0.6365
17282,0.5251
17283,0.6827
17284,0.6200
17285,0.6400
17286,0.6068
17287,0.6306
17288,0.9711
17289,0.8039
17290,0.6084
17291,0.7497
17292,0.7615
17293,0.6547
17294,0.3326
17295,0.7246
17296,0.5705
17297,0.7190
17298,1.0619
17299,0.7502
17300,0.5198
17301,0.7034
17302,0.6192
17303,0.5204
17304,0.6999
17305,0.5509
17306,0.7087
17307,0.6120
17308,1.0925
17309,0.7040
17310,0.8805
17311,0.7373
17312,0.6024
17313,0.9583
17314,0.3245
17315,0.6620
17316,0.7011
17317,0.5835
17318,1.0610
17319,0.7227
17320,0.5608
17321,0.6008
17322,0.7385
17323,0.7603
17324,0.4073
17325,0.6410
17326,0.6503
17327,0.6544
17328,0.9675
17329,0.5937
17330,0.7315
17331,0.6141
17332,0.6334
17333,0.6411
17334,0.5529
17335,0.6837
17336,0.7342
17337,1.0599
17338,0.1546
17339,0.5648
17340,0.9979
17341,0.5870
17342,0.7127
17343,0.5965
17344,0.5419
17345,0.7606
17346,0.5933
17347,0.5796
17348,0.6510
17349,1.0763
17350,0.7116
17351,0.6004
17352,0.6164
17353,0.5706
17354,0.7291
17355,0.5558
17356,0.5990
17357,0.6469
17358,0.7220
17359,0.5349
17360,1.1428
17361,0.5203
17362,0.6944
17363,0.6414
17364,0.5237
17365,0.7115
17366,0.5516
17367,0.8446
17368,0.4335
17369,0.6238
17370,1.1234
17371,0.7387
17372,0.7866
17373,0.8963
17374,0.7427
17375,0.6156
17376,0.7035
17377,0.6059
17378,0.6251
17379,0.9365
17380,0.6953
17381,0.7043
17382,0.5071
17383,0.6688
17384,0.6784
17385,0.6358
17386,0.5357
17387,0.8509
17388,0.4680
17389,0.6290
17390,1.0014
17391,0.6947
17392,0.6139
17393,0.6104
17394,0.5948
17395,0.6297
17396,0.6841
17397,0.7184
17398,0.4359
17399,0.6744
17400,1.1231
17401,0.6733
17402,0.6107
17403,0.5807
17404,0.5790
17405,0.8438
17406,0.4958
17407,0.6926
17408,0.5088
17409,0.6895
17410,0.9764
17411,1.0615
17412,0.1174
17413,0.8479
17414,0.6217
17415,0.4547
17416,0.6849
17417,0.6791
17418,0.5531
17419,0.6634
17420,0.6660
17421,1.0552
17422,0.6424
17423,0.8445
17424,0.4008
17425,0.7631
17426,0.5546
17427,0.5809
17428,0.8537
17429,0.6813
17430,0.9219
17431,0.5649
17432,1.0051
17433,0.6795
17434,0.6741
17435,0.6903
17436,0.6089
17437,0.5353
17438,0.6545
17439,0.6410
17440,0.6924
17441,1.0409
17442,0.6949
17443,0.7505
17444,0.4696
17445,0.6842
17446,0.6208
17447,0.5692
17448,0.8370
17449,0.4714
17450,0.5789
17451,1.0793
17452,0.6279
17453,0.7230
17454,0.6409
17455,0.6448
17456,0.5939
17457,0.7104
17458,0.5689
17459,0.6702
17460,0.6008
17461,0.9372
17462,0.7043
17463,0.5900
17464,0.7236
17465,0.5452
17466,0.7039
17467,0.6261
17468,0.5818
17469,0.6403
17470,0.6884
17471,1.0350
17472,0.8501
17473,0.4551
17474,1.8270
17475,0.2015
17476,0.1173
17477,0.5696
17478,1.3756
17479,0.3815
17480,0.2309
17481,0.8175
17482,1.1127
17483,0.8298
17484,0.3742
17485,0.9098
17486,0.5709
17487,0.5291
17488,0.7621
17489,0.6001
17490,0.6740
17491,0.9525
17492,0.7683
17493,0.7568
17494,0.5279
17495,0.6998
17496,0.6221
17497,0.6778
17498,0.7086
17499,0.4687
17500,0.7565
17501,0.9235
17502,0.6647
17503,0.7383
17504,0.7371
17505,0.5397
17506,0.5819
17507,0.7104
17508,0.7639
17509,0.3936
17510,0.6812
17511,0.9957
17512,0.6505
17513,0.6837
17514,0.6072
17515,0.5663
17516,0.7092
17517,0.6094
17518,0.5283
17519,0.6644
17520,0.6760
17521,1.0800
17522,0.6912
17523,0.6658
17524,0.5935
17525,0.6346
17526,0.5519
17527,0.7253
17528,0.6230
17529,0.7283
17530,0.5096
17531,0.6331
17532,0.9818
17533,0.7916
17534,0.4312
17535,0.6053
17536,0.6712
17537,0.6229
17538,0.6156
17539,0.6417
17540,0.5600
17541,0.6471
17542,1.5598
17543,0.3275
17544,1.0762
17545,0.5437
17546,0.7164
17547,0.6577
17548,0.6208
17549,0.6997
17550,0.5595
17551,0.9077
17552,0.9406
17553,0.7205
17554,0.4410
17555,0.6548
17556,0.7046
17557,0.5456
17558,0.6118
17559,0.6857
17560,0.5322
17561,1.1313
17562,0.7766
17563,0.7377
17564,0.7091
17565,0.4917
17566,0.6412
17567,0.6958
17568,0.5551
17569,0.7251
17570,0.4901
17571,0.6148
17572,1.0456
17573,0.6540
17574,0.5959
17575,0.5891
17576,0.6833
17577,0.6405
17578,0.5857
17579,0.5834
17580,0.6792
17581,0.6728
17582,1.0185
17583,0.7407
17584,0.6789
17585,0.6156
17586,0.5679
17587,0.7774
17588,0.6817
17589,0.4248
17590,0.7254
17591,0.6462
17592,1.0370
17593,0.7316
17594,0.6346
17595,0.5509
17596,0.6741
17597,0.6820
17598,0.6887
17599,0.4374
17600,0.7504
17601,0.6027
17602,1.0666
17603,0.6547
17604,1.3788
17605,0.3391
17606,0.6477
17607,0.5884
17608,0.7050
17609,0.6892
17610,0.5561
17611,0.5992
17612,1.0171
17613,0.7887
17614,0.9697
17615,0.4712
17616,0.6650
17617,0.6626
17618,0.6145
17619,0.6816
17620,0.5013
17621,0.6750
17622,0.6313
17623,1.0150
17624,0.7051
17625,0.5373
17626,0.6233
17627,0.6337
17628,0.6125
17629,0.6613
17630,0.6397
17631,0.6209
17632,1.0219
17633,0.7291
17634,0.6806
17635,0.4652
17636,0.6718
17637,0.5574
17638,0.6804
17639,0.6107
17640,0.7506
17641,0.5013
17642,0.5964
17643,1.1351
17644,0.5997
17645,0.7516
17646,0.5310
17647,0.5758
17648,0.6557
17649,0.6891
17650,0.7225
17651,0.4922
17652,0.6655
17653,0.9531
17654,0.7369
17655,0.6080
17656,0.5588
17657,0.7271
17658,0.6099
17659,0.6015
17660,0.6188
17661,0.7438
17662,0.4453
17663,0.7833
17664,0.9443
17665,1.1772
17666,0.7046
17667,0.8430
17668,0.5403
17669,0.6768
17670,0.6356
17671,0.5880
17672,0.6208
17673,1.0264
17674,0.5898
17675,0.6120
17676,0.6023
17677,0.6616
17678,0.6150
17679,0.6024
17680,0.6439
17681,0.8214
17682,0.4688
17683,1.1689
17684,0.6178
17685,0.6143
17686,0.5555
17687,0.6531
17688,0.7328
17689,0.5058
17690,0.6352
17691,0.6668
17692,0.6658
17693,0.9298
17694,0.7318
17695,0.7189
17696,0.7323
17697,0.5705
17698,0.6437
17699,0.5824
17700,0.6481
17701,0.6633
17702,0.6006
17703,0.7213
17704,0.9159
17705,0.8676
17706,0.3834
17707,0.6424
17708,0.7082
17709,0.6503
17710,0.4835
17711,0.8996
17712,0.3725
17713,0.6842
17714,1.0481
17715,1.1965
17716,0.6762
17717,0.7831
17718,0.7233
17719,0.5426
17720,0.8627
17721,0.3795
17722,0.6063
17723,1.0159
17724,0.8792
17725,0.8342
17726,0.1624
17727,0.6231
17728,0.6662
17729,0.6457
17730,0.5988
17731,0.6299
17732,0.6283
17733,1.1048
17734,0.7485
17735,0.5338
17736,0.6797
17737,0.6025
17738,0.5477
17739,0.6224
17740,0.7330
17741,0.7024
17742,0.5314
17743,0.5999
17744,1.0169
17745,0.7265
17746,0.5922
17747,0.6068
17748,0.5801
17749,0.6868
17750,0.6013
17751,0.5928
17752,0.6875
17753,0.6567
17754,1.0052
17755,0.6982
17756,0.5577
17757,0.7078
17758,0.4776
17759,0.6860
17760,0.6381
17761,0.5899
17762,0.6632
17763,0.6906
17764,0.8764
17765,0.8086
17766,0.9079
17767,0.6081
17768,0.5320
17769,0.7118
17770,0.6213
17771,0.6396
17772,0.9771
17773,0.4924
17774,0.4868
17775,0.9556
17776,0.6372
17777,0.6998
17778,1.0039
17779,0.7037
17780,0.7100
17781,0.6881
17782,0.5380
17783,0.6264
17784,1.0766
17785,0.7167
17786,0.5551
17787,0.6861
17788,0.6291
17789,0.5861
17790,0.5934
17791,0.7027
17792,0.6762
17793,0.5485
17794,0.9958
17795,0.5987
17796,0.6740
17797,0.6837
17798,0.5133
17799,0.6732
17800,0.5664
17801,0.6187
17802,0.8412
17803,0.4549
17804,0.6447
17805,1.0943
17806,0.7560
17807,0.5492
17808,0.6988
17809,0.5352
17810,0.5991
17811,0.6588
17812,0.8468
17813,0.4419
17814,0.6031
17815,1.0557
17816,0.7144
17817,0.6783
17818,0.6550
17819,0.7180
17820,0.5287
17821,0.6723
17822,0.8005
17823,0.3920
17824,0.6048
17825,1.0022
17826,0.7072
17827,0.7855
17828,0.6132
17829,0.6690
17830,0.7021
17831,0.5481
17832,0.5549
17833,0.6536
17834,0.6969
17835,1.0981
17836,0.6875
17837,0.8089
17838,0.8728
17839,1.0030
17840,0.3984
17841,0.7117
17842,0.5470
17843,0.6695
17844,0.9628
17845,0.6462
17846,0.5832
17847,0.6443
17848,0.6805
17849,0.5612
17850,0.5857
17851,0.6407
17852,0.8043
17853,0.5106
17854,0.6160
17855,1.1790
17856,0.5980
17857,0.5670
17858,0.6291
17859,0.6528
17860,0.6469
17861,0.6088
17862,0.6505
17863,0.6237
17864,0.6441
17865,0.9364
17866,0.7359
17867,0.8616
17868,0.5367
17869,0.7856
17870,0.4305
17871,0.6310
17872,0.5862
17873,0.6545
17874,0.6184
17875,1.0078
17876,0.7791
17877,0.5039
17878,0.6840
17879,0.6355
17880,0.5587
17881,0.7193
17882,0.5930
17883,0.6193
17884,0.7553
17885,1.0303
17886,0.5659
17887,0.7342
17888,0.4980
17889,0.7219
17890,0.6064
17891,0.6626
17892,0.5126
17893,0.7804
17894,0.6272
17895,0.9777
17896,0.7856
17897,0.8507
17898,0.6773
17899,0.8440
17900,0.4469
17901,0.6160
17902,0.7074
17903,1.4220
17904,0.1079
17905,0.5410
17906,1.6119
17907,0.2476
17908,0.7088
17909,0.6051
17910,0.5448
17911,0.7141
17912,0.6117
17913,0.5584
17914,0.6613
17915,0.9790
17916,0.7362
17917,0.5967
17918,0.5343
17919,0.7463
17920,0.6027
17921,0.6048
17922,0.5453
17923,0.8945
17924,0.3691
17925,0.6807
17926,1.0335
17927,0.7656
17928,0.8079
17929,0.7908
17930,0.4382
17931,0.6640
17932,0.5872
17933,0.8079
17934,0.7845
17935,0.3620
17936,0.7976
17937,0.7080
17938,0.5902
17939,0.7174
17940,0.5645
17941,0.6180
17942,0.5925
17943,0.7354
17944,0.6392
17945,0.6238
17946,0.9641
17947,0.7533
17948,0.6567
17949,0.9878
17950,0.7068
17951,0.6285
17952,0.6738
17953,0.9037
17954,0.3541
17955,0.6286
17956,1.1131
17957,0.7068
17958,0.6392
17959,0.5075
17960,0.6270
17961,0.6186
17962,0.6900
17963,0.7722
17964,0.4725
17965,0.6535
17966,0.9161
17967,0.7390
17968,0.5345
17969,0.6983
17970,0.5975
17971,0.5673
17972,0.8183
17973,0.4385
17974,0.9087
17975,0.5139
17976,1.1106
17977,0.5093
17978,0.7318
17979,0.6074
17980,0.6305
17981,0.5298
17982,0.6467
17983,0.6102
17984,0.8194
17985,0.4357
17986,0.6103
17987,1.0430
17988,0.6576
17989,0.5802
17990,0.6298
17991,0.7467
17992,0.5582
17993,0.7048
17994,0.8164
17995,0.3615
17996,0.6201
17997,1.5751
17998,0.2431
17999,0.7577
18000,0.5823
18001,0.6332
18002,0.5146
18003,0.7262
18004,0.5591
18005,0.6295
18006,0.6648
18007,1.0942
18008,0.7466
18009,0.7662
18010,0.8981
18011,0.7269
18012,0.6510
18013,0.6773
18014,0.5859
18015,0.6054
18016,0.9736
18017,0.8040
18018,0.7528
18019,0.6173
18020,0.5786
18021,0.6034
18022,0.7077
18023,0.5216
18024,0.7566
18025,0.5664
18026,1.0615
18027,0.6375
18028,0.6418
18029,0.7058
18030,0.5106
18031,0.6165
18032,0.6623
18033,0.7213
18034,0.7192
18035,0.5149
18036,0.6073
18037,1.0220
18038,0.6216
18039,0.5471
18040,0.6215
18041,0.6082
18042,0.6468
18043,0.8844
18044,0.3941
18045,0.6091
18046,0.6072
18047,1.1779
18048,0.6425
18049,0.7197
18050,0.5526
18051,0.6068
18052,0.6331
18053,0.6194
18054,0.6962
18055,0.6324
18056,0.6004
18057,0.9614
18058,0.7469
18059,0.5516
18060,0.5594
18061,0.6901
18062,0.6250
18063,0.7223
18064,0.5210
18065,0.5841
18066,0.9533
18067,0.4031
18068,1.0066
18069,0.7550
18070,0.8477
18071,0.8117
18072,0.6960
18073,0.5259
18074,0.7152
18075,0.6104
18076,0.6359
18077,1.0595
18078,0.6971
18079,0.5479
18080,0.7127
18081,0.5253
18082,0.6621
18083,0.5861
18084,0.6351
18085,0.7272
18086,0.6266
18087,0.9678
18088,0.7155
18089,0.5934
18090,0.7535
18091,0.7160
18092,0.5926
18093,0.5983
18094,0.6291
18095,0.7831
18096,0.4842
18097,0.6733
18098,1.0412
18099,0.7402
18100,0.6133
18101,0.5547
18102,0.6193
18103,0.7062
18104,0.5920
18105,0.6505
18106,0.5836
18107,0.6727
18108,1.0066
18109,0.6322
18110,1.0152
18111,0.4610
18112,0.5511
18113,0.6756
18114,0.5423
18115,0.6959
18116,0.5814
18117,0.6306
18118,1.1202
18119,0.6253
18120,0.6968
18121,0.5802
18122,0.7326
18123,0.5369
18124,0.6293
18125,0.6671
18126,0.6128
18127,0.6777
18128,1.1010
18129,0.7294
18130,0.7447
18131,0.8887
18132,0.9467
18133,0.4692
18134,0.6937
18135,0.6189
18136,0.6094
18137,0.9227
18138,0.7559
18139,0.5860
18140,0.5509
18141,0.6652
18142,0.7409
18143,0.4590
18144,0.6193
18145,0.7506
18146,0.5368
18147,0.6616
18148,1.1032
18149,0.6273
18150,0.6913
18151,0.6137
18152,0.5744
18153,0.7293
18154,0.9510
18155,0.2330
18156,0.6618
18157,0.6140
18158,0.9927
18159,0.7787
18160,0.7478
18161,0.6355
18162,0.6123
18163,0.5228
18164,0.7192
18165,0.5286
18166,1.4794
18167,0.1247
18168,0.9008
18169,0.7614
18170,0.6560
18171,0.6028
18172,0.6588
18173,0.7326
18174,0.5830
18175,0.5619
18176,0.6357
18177,0.7504
18178,0.8789
18179,0.7054
18180,0.7554
18181,0.8806
18182,0.7724
18183,0.6620
18184,0.6473
18185,0.8799
18186,0.3844
18187,0.6641
18188,0.9352
18189,0.8232
18190,0.6332
18191,0.7202
18192,0.5676
18193,0.6502
18194,0.6382
18195,0.7259
18196,0.5179
18197,0.5733
18198,1.2478
18199,0.5949
18200,0.7763
18201,0.3840
18202,0.6543
18203,0.6232
18204,0.6221
18205,0.7006
18206,0.5474
18207,0.6543
18208,0.9953
18209,0.6712
18210,0.6945
18211,0.5948
18212,0.6296
18213,0.6258
18214,0.5393
18215,0.6146
18216,0.8849
18217,0.4180
18218,0.6454
18219,1.0684
18220,0.6588
18221,0.5910
18222,0.6777
18223,0.6887
18224,0.5851
18225,0.5840
18226,0.9242
18227,0.3438
18228,0.6289
18229,0.9838
18230,0.6702
18231,0.9016
18232,0.4891
18233,0.7325
18234,0.6388
18235,0.5316
18236,0.8306
18237,0.6923
18238,0.8452
18239,0.6328
18240,1.0123
18241,0.6659
18242,0.7180
18243,0.7822
18244,0.4289
18245,0.5902
18246,0.8518
18247,0.5106
18248,0.5616
18249,1.0881
18250,0.7453
18251,0.6405
18252,0.5229
18253,0.5951
18254,0.7428
18255,0.5443
18256,0.6583
18257,0.6595
18258,0.9222
18259,0.7457
18260,0.7802
18261,0.6246
18262,0.5487
18263,0.7428
18264,0.5420
18265,0.5868
18266,1.2933
18267,0.4772
18268,0.1748
18269,0.5809
18270,1.2767
18271,0.4815
18272,0.6106
18273,0.7190
18274,0.6043
18275,0.5389
18276,0.6201
18277,0.6552
18278,0.6561
18279,0.9899
18280,0.7443
18281,0.4895
18282,0.7094
18283,0.6059
18284,0.6998
18285,0.5928
18286,0.6242
18287,0.6629
18288,0.5925
18289,1.1351
18290,0.7259
18291,0.5277
18292,0.6316
18293,0.5645
18294,0.7099
18295,0.6426
18296,0.5914
18297,0.9165
18298,0.3132
18299,0.6309
18300,1.0046
18301,0.7569
18302,0.8277
18303,0.8448
18304,0.6705
18305,0.7399
18306,0.6034
18307,0.5833
18308,0.9550
18309,0.6692
18310,0.7400
18311,0.5493
18312,0.6465
18313,0.6980
18314,0.5444
18315,0.6258
18316,0.6995
18317,0.7522
18318,0.4622
18319,0.6208
18320,1.0935
18321,0.7020
18322,0.5517
18323,0.7028
18324,0.6343
18325,0.6180
18326,0.5507
18327,0.8532
18328,0.4074
18329,0.6361
18330,0.9815
18331,0.8127
18332,0.7332
18333,0.6230
18334,0.5483
18335,0.7821
18336,0.4927
18337,0.6300
18338,0.6181
18339,0.6693
18340,1.1015
18341,0.6373
18342,0.6335
18343,0.5734
18344,0.6696
18345,0.6173
18346,0.6140
18347,0.6276
18348,0.6807
18349,0.6245
18350,0.9931
18351,0.6539
18352,0.6865
18353,0.5505
18354,0.6125
18355,0.6500
18356,0.6003
18357,0.6154
18358,1.2856
18359,0.1759
18360,0.5091
18361,0.7869
18362,0.9067
18363,0.6452
18364,0.8811
18365,0.6941
18366,0.8366
18367,0.7674
18368,0.6707
18369,0.6731
18370,1.0613
18371,0.6217
18372,0.7062
18373,0.6160
18374,0.6394
18375,0.5946
18376,0.5544
18377,0.6311
18378,0.6672
18379,0.6766
18380,1.0234
18381,0.6062
18382,0.6622
18383,0.6653
18384,0.5280
18385,0.5933
18386,0.6977
18387,0.6529
18388,0.7795
18389,0.3863
18390,0.6181
18391,1.1941
18392,0.6723
18393,0.6221
18394,0.6059
18395,0.6708
18396,0.5347
18397,0.7187
18398,0.6697
18399,1.0334
18400,0.4597
18401,0.8486
18402,0.6957
18403,0.4243
18404,0.6112
18405,0.7065
18406,0.5099
18407,0.7001
18408,0.6838
18409,0.5419
18410,0.6580
18411,1.0756
18412,0.7917
18413,0.7274
18414,0.8303
18415,0.7607
18416,0.7534
18417,0.6258
18418,0.6887
18419,0.5180
18420,0.5646
18421,1.1358
18422,0.5328
18423,0.6248
18424,1.3345
18425,0.1908
18426,0.3926
18427,0.6629
18428,0.9940
18429,0.4272
18430,0.7002
18431,0.9067
18432,0.8667
18433,0.5615
18434,0.7405
18435,0.7153
18436,0.4373
18437,0.6312
18438,0.8420
18439,0.4609
18440,0.5744
18441,1.1023
18442,0.6893
18443,0.7043
18444,0.5385
18445,0.5936
18446,0.7376
18447,0.7226
18448,0.6778
18449,0.4337
18450,0.6724
18451,0.9322
18452,0.8146
18453,0.6280
18454,1.1674
18455,0.1044
18456,0.6569
18457,0.5860
18458,0.7140
18459,0.5649
18460,0.6255
18461,1.0781
18462,0.6618
18463,0.6813
18464,0.5583
18465,0.6461
18466,0.6975
18467,0.5099
18468,0.7343
18469,0.5634
18470,0.8621
18471,0.8697
18472,0.6742
18473,0.8070
18474,0.8762
18475,0.6743
18476,0.6901
18477,0.6704
18478,0.5141
18479,0.6717
18480,0.6520
18481,0.9743
18482,0.6726
18483,0.8334
18484,0.5768
18485,0.6415
18486,0.5556
18487,0.6522
18488,0.6147
18489,0.6659
18490,0.6340
18491,1.1244
18492,1.2241
18493,0.1536
18494,0.5099
18495,0.7260
18496,0.5993
18497,0.6684
18498,0.5015
18499,1.4603
18500,0.1197
18501,0.7807
18502,0.5817
18503,0.5263
18504,0.7405
18505,0.6210
18506,0.5312
18507,0.7397
18508,0.6211
18509,0.6794
18510,0.5732
18511,0.6025
18512,1.0720
18513,0.7506
18514,0.4873
18515,0.6210
18516,0.7808
18517,0.5843
18518,0.6557
18519,0.5514
18520,0.6053
18521,0.6676
18522,0.9766
18523,0.6832
18524,0.6624
18525,0.5527
18526,0.6188
18527,0.7214
18528,0.4997
18529,0.8210
18530,0.7340
18531,0.3610
18532,1.2146
18533,0.8004
18534,0.8615
18535,0.6545
18536,0.6753
18537,0.5861
18538,0.6293
18539,0.9756
18540,0.4518
18541,0.8710
18542,0.6958
18543,0.5502
18544,0.6653
18545,0.5626
18546,0.6358
18547,0.6270
18548,0.6206
18549,0.6640
18550,0.6425
18551,0.6215
18552,0.9579
18553,0.7247
18554,0.9264
18555,0.4619
18556,0.6130
18557,0.6735
18558,0.5844
18559,0.6326
18560,0.7728
18561,0.5998
18562,0.8908
18563,0.8535
18564,0.7152
18565,0.4941
18566,0.6015
18567,0.7048
18568,0.8571
18569,0.3243
18570,1.9576
18571,0.1168
18572,0.7031
18573,0.6009
18574,0.6974
18575,0.5819
18576,0.6523
18577,0.5997
18578,0.6955
18579,0.5414
18580,1.5719
18581,0.1060
18582,0.6945
18583,1.3047
18584,0.3135
18585,0.7164
18586,0.5961
18587,0.5785
18588,0.5884
18589,0.7224
18590,0.5639
18591,0.6153
18592,1.0322
18593,0.7075
18594,0.8330
18595,0.7849
18596,0.7428
18597,0.7908
18598,0.5475
18599,0.6561
18600,0.6435
18601,0.9155
18602,0.7142
18603,0.7920
18604,0.6536
18605,0.5740
18606,0.6555
18607,0.5911
18608,0.7198
18609,0.6366
18610,0.6210
18611,0.5809
18612,1.1695
18613,0.5410
18614,0.6985
18615,0.5608
18616,0.5873
18617,0.7245
18618,0.5142
18619,0.9360
18620,0.3686
18621,0.6376
18622,0.9548
18623,0.7126
18624,0.5990
18625,0.7742
18626,0.5815
18627,0.5405
18628,1.2338
18629,0.4406
18630,0.3023
18631,0.8502
18632,0.8582
18633,0.6255
18634,0.7807
18635,0.6381
18636,0.5308
18637,0.6542
18638,0.6323
18639,0.5460
18640,0.7244
18641,0.5481
18642,0.9977
18643,0.6316
18644,0.9005
18645,0.7955
18646,0.7020
18647,0.8157
18648,0.6575
18649,0.5027
18650,0.6497
18651,0.6948
18652,1.0572
18653,0.7269
18654,0.7078
18655,0.7402
18656,0.6206
18657,0.6424
18658,0.5855
18659,0.6962
18660,0.5486
18661,0.7154
18662,0.8428
18663,0.8366
18664,0.7953
18665,0.5121
18666,0.7850
18667,0.4294
18668,0.7685
18669,0.4766
18670,0.6248
18671,0.6191
18672,1.0957
18673,0.6964
18674,0.5526
18675,0.6568
18676,0.5988
18677,0.5937
18678,0.7089
18679,0.6252
18680,0.5274
18681,0.7309
18682,1.0470
18683,0.7655
18684,0.5304
18685,0.5579
18686,0.7439
18687,0.5873
18688,0.5859
18689,0.6529
18690,0.7168
18691,0.5787
18692,0.9699
18693,0.6814
18694,0.6918
18695,0.5250
18696,0.6077
18697,0.7208
18698,0.5619
18699,0.7462
18700,0.5831
18701,0.5529
18702,0.6347
18703,1.1798
18704,0.5966
18705,0.8146
18706,0.8218
18707,0.7562
18708,0.7471
18709,0.6125
18710,0.6405
18711,0.6492
18712,0.9283
18713,0.7971
18714,0.6319
18715,0.6870
18716,0.5749
18717,0.6288
18718,0.6264
18719,0.9929
18720,0.3898
18721,0.6221
18722,0.9312
18723,0.6123
18724,0.7401
18725,0.6313
18726,0.5172
18727,0.7046
18728,0.5514
18729,0.6838
18730,0.8039
18731,0.4102
18732,0.6113
18733,1.1951
18734,0.6697
18735,0.6614
18736,0.5564
18737,0.6074
18738,0.6038
18739,0.6565
18740,0.6033
18741,0.5699
18742,0.7508
18743,0.8870
18744,1.1666
18745,0.1174
18746,0.9082
18747,0.3560
18748,0.6523
18749,0.7228
18750,0.5263
18751,0.6766
18752,0.6085
18753,0.5920
18754,1.1052
18755,0.8000
18756,0.7437
18757,0.5711
18758,0.6858
18759,0.5871
18760,0.5552
18761,0.7096
18762,0.7211
18763,0.8197
18764,0.8152
18765,0.6548
18766,1.0378
18767,0.6451
18768,0.7225
18769,0.6484
18770,0.6116
18771,0.5643
18772,0.6299
18773,1.1302
18774,0.6188
18775,0.7231
18776,0.5321
18777,0.7221
18778,0.6256
18779,0.5348
18780,0.6332
18781,0.6604
18782,0.6123
18783,1.0341
18784,0.6903
18785,0.5582
18786,0.7088
18787,1.1527
18788,0.2453
18789,0.4035
18790,0.7264
18791,0.5880
18792,1.4815
18793,0.1357
18794,0.8475
18795,0.3761
18796,1.0457
18797,0.2524
18798,0.6178
18799,0.6744
18800,0.6418
18801,0.6139
18802,0.5745
18803,0.6778
18804,0.8720
18805,0.8176
18806,0.8620
18807,0.7538
18808,0.5728
18809,0.6929
18810,0.5517
18811,0.5452
18812,0.6607
18813,0.6632
18814,0.9135
18815,0.7482
18816,0.7204
18817,0.6774
18818,0.5404
18819,0.6222
18820,0.6757
18821,0.6172
18822,0.6400
18823,0.6335
18824,1.1058
18825,0.7370
18826,0.7119
18827,0.8855
18828,0.7400
18829,0.6940
18830,0.6372
18831,0.6658
18832,0.6408
18833,1.0149
18834,0.9512
18835,0.3128
18836,0.6523
18837,0.5717
18838,0.6461
18839,0.5731
18840,0.7344
18841,0.7084
18842,0.4733
18843,0.7139
18844,0.9374
18845,0.6962
18846,0.6476
18847,0.6897
18848,0.7155
18849,0.5571
18850,0.6110
18851,0.6691
18852,0.6803
18853,0.5402
18854,1.0755
18855,1.8658
18856,0.1712
18857,0.1034
18858,0.6089
18859,0.5964
18860,0.6318
18861,0.6543
18862,0.6268
18863,0.7399
18864,1.1730
18865,0.4616
18866,0.5775
18867,0.5879
18868,0.7239
18869,0.6320
18870,0.8785
18871,0.3399
18872,0.6874
18873,0.5712
18874,1.2433
18875,0.6564
18876,0.8527
18877,0.8012
18878,0.9597
18879,0.2559
18880,0.6715
18881,0.5940
18882,0.7118
18883,0.6618
18884,1.3236
18885,0.6495
18886,0.3200
18887,0.6390
18888,1.0837
18889,0.1959
18890,0.6814
18891,0.8961
18892,0.7870
18893,0.7143
18894,0.3712
18895,1.3831
18896,0.2615
18897,0.6252
18898,0.5903
18899,0.8140
18900,0.4654
18901,0.9678
18902,0.5441
18903,0.3881
18904,1.2505
18905,0.3619
18906,0.7253
18907,0.5218
18908,0.6726
18909,0.6812
18910,0.5842
18911,0.5526
18912,0.6176
18913,0.6726
18914,0.9865
18915,0.7408
18916,0.6892
18917,0.5992
18918,0.6978
18919,0.5485
18920,0.6328
18921,0.7574
18922,0.5861
18923,1.0678
18924,0.8192
18925,0.5224
18926,0.7563
18927,0.7440
18928,0.5940
18929,0.5329
18930,0.6651
18931,0.7118
18932,0.5827
18933,0.6930
18934,0.8696
18935,0.7292
18936,0.7225
18937,0.8278
18938,0.7179
18939,0.8808
18940,0.7743
18941,0.7120
18942,0.5215
18943,0.6211
18944,1.2592
18945,0.6645
18946,0.9789
18947,0.3440
18948,0.5610
18949,0.7015
18950,0.4855
18951,0.7385
18952,1.1087
18953,0.1711
18954,0.5237
18955,0.5508
18956,0.9925
18957,1.2183
18958,0.6841
18959,0.7116
18960,0.1187
18961,0.6113
18962,0.7379
18963,0.8298
18964,0.5420
18965,0.6039
18966,0.9305
18967,0.9977
18968,0.2268
18969,0.5897
18970,1.1023
18971,0.2482
18972,0.6677
18973,0.7859
18974,0.3449
18975,0.8196
18976,1.0022
18977,0.7964
18978,0.7032
18979,0.5505
18980,0.6854
18981,0.7467
18982,0.5809
18983,0.4109
18984,0.6187
18985,0.9747
18986,0.7473
18987,0.5894
18988,0.5777
18989,1.7936
18990,0.4165
18991,0.1482
18992,0.4823
18993,0.7814
18994,0.5989
18995,0.6036
18996,1.3817
18997,0.7725
18998,0.6373
18999,0.9603
19000,0.2069
19001,1.2490
19002,0.1065
19003,0.5906
19004,1.0240
19005,0.6313
19006,0.8741
19007,0.5354
19008,1.0272
19009,0.1643
19010,0.6300
19011,0.8432
19012,0.4789
19013,0.6109
19014,1.0936
19015,0.7550
19016,0.9222
19017,0.5496
19018,0.6033
19019,0.6700
19020,0.6291
19021,0.7108
19022,0.5542
19023,0.6323
19024,0.5772
19025,1.5696
19026,0.1664
19027,0.6433
19028,0.5381
19029,0.6046
19030,0.6670
19031,0.6186
19032,0.5468
19033,0.8346
19034,0.6214
19035,0.4957
19036,0.8265
19037,1.6828
19038,0.0982
19039,0.6106
19040,0.5768
19041,0.6409
19042,0.6473
19043,0.6760
19044,1.0661
19045,0.7311
19046,0.5669
19047,0.6550
19048,0.5743
19049,0.5825
19050,0.6737
19051,0.6269
19052,1.1273
19053,0.5626
19054,0.7365
19055,0.7986
19056,0.7695
19057,0.7459
19058,0.7092
19059,0.6342
19060,0.5361
19061,0.7154
19062,0.6435
19063,0.6572
19064,1.0613
19065,0.7485
19066,0.6073
19067,0.6753
19068,0.5550
19069,0.5333
19070,0.6182
19071,0.6287
19072,0.6270
19073,0.7091
19074,1.1469
19075,0.5007
19076,0.7104
19077,0.5653
19078,0.5959
19079,0.5920
19080,1.6425
19081,0.4972
19082,0.2950
19083,0.5276
19084,0.4740
19085,0.9994
19086,0.4349
19087,0.6940
19088,0.6725
19089,0.6692
19090,0.5828
19091,0.6600
19092,0.7706
19093,0.5300
19094,0.6379
19095,1.2381
19096,0.9429
19097,0.1913
19098,0.6555
19099,1.0420
19100,0.1507
19101,0.5967
19102,0.8407
19103,0.7166
19104,0.4986
19105,1.1019
19106,0.8363
19107,0.6354
19108,0.8391
19109,0.7241
19110,0.6261
19111,0.4781
19112,0.7391
19113,0.6694
19114,0.5651
19115,0.6323
19116,1.2277
19117,0.5921
19118,0.7060
19119,0.8169
19120,0.6579
19121,0.5351
19122,0.6175
19123,0.6831
19124,1.5604
19125,0.1123
19126,0.8043
19127,0.5902
19128,0.4887
19129,0.7000
19130,0.5488
19131,0.6164
19132,0.5839
19133,0.5964
19134,0.7110
19135,1.1174
19136,0.6454
19137,0.5878
19138,0.6849
19139,0.6902
19140,0.7162
19141,0.4052
19142,0.6591
19143,0.5914
19144,1.0790
19145,0.6292
19146,0.6529
19147,1.7914
19148,0.1410
19149,0.0915
19150,0.7605
19151,0.5245
19152,0.6551
19153,0.6187
19154,0.6023
19155,0.9443
19156,0.6371
19157,0.6906
19158,0.6325
19159,0.6831
19160,0.5605
19161,0.6325
19162,0.6780
19163,0.5699
19164,0.6618
19165,1.2198
19166,0.5071
19167,1.1482
19168,0.7872
19169,0.6373
19170,0.8074
19171,0.6082
19172,0.8033
19173,0.5192
19174,0.6017
19175,0.9481
19176,0.7355
19177,0.6293
19178,0.5709
19179,0.5948
19180,0.6307
19181,0.6303
19182,0.7128
19183,1.1476
19184,0.4956
19185,0.6128
19186,0.6444
19187,0.7146
19188,0.6228
19189,0.5378
19190,1.1602
19191,0.1715
19192,0.5085
19193,0.6475
19194,0.7080
19195,0.9425
19196,0.7032
19197,0.9829
19198,0.1699
19199,0.7562
19200,0.5899
19201,0.6255
19202,0.5889
19203,0.6674
19204,0.6917
19205,0.9563
19206,0.6973
19207,0.6124
19208,0.5118
19209,0.6082
19210,0.6596
19211,0.6151
19212,0.6993
19213,1.8165
19214,0.1640
19215,0.1329
19216,0.9052
19217,0.9844
19218,1.3615
19219,0.1291
19220,1.0996
19221,0.1096
19222,0.5912
19223,0.6583
19224,0.6680
19225,0.9181
19226,0.7372
19227,0.8065
19228,0.8123
19229,0.7334
19230,0.7593
19231,0.6939
19232,0.6926
19233,0.4989
19234,0.6570
19235,1.1802
19236,0.6209
19237,0.9312
19238,0.1661
19239,0.7819
19240,0.6010
19241,0.5740
19242,0.7166
19243,0.5238
19244,0.6772
19245,0.9394
19246,0.7549
19247,0.7793
19248,0.6058
19249,0.6214
19250,0.6257
19251,0.6336
19252,0.6635
19253,0.6990
19254,0.5970
19255,0.8834
19256,0.7380
19257,1.0992
19258,0.4993
19259,0.4662
19260,0.7457
19261,0.5759
19262,0.5239
19263,0.5647
19264,0.7266
19265,0.5876
19266,1.0293
19267,0.7081
19268,0.6578
19269,0.6256
19270,0.5804
19271,0.6492
19272,0.6608
19273,0.5913
19274,0.6665
19275,0.6024
19276,0.9767
19277,0.7247
19278,0.7169
19279,0.6878
19280,1.3906
19281,0.3333
19282,0.2119
19283,0.6940
19284,0.5631
19285,0.8890
19286,0.8499
19287,1.1091
19288,0.5594
19289,0.7582
19290,0.7951
19291,0.6007
19292,0.7414
19293,0.5934
19294,0.5040
19295,0.6215
19296,1.0244
19297,0.5933
19298,0.6417
19299,0.6787
19300,0.5133
19301,0.6804
19302,0.7486
19303,0.4752
19304,0.6266
19305,1.1056
19306,0.6744
19307,0.5574
19308,0.6418
19309,0.7531
19310,0.4757
19311,0.6809
19312,0.6744
19313,0.6376
19314,0.6733
19315,1.0146
19316,0.7257
19317,0.6497
19318,0.6172
19319,0.6652
19320,0.5847
19321,0.7358
19322,0.5167
19323,0.6307
19324,0.6226
19325,1.1110
19326,0.5124
19327,0.5806
19328,0.6944
19329,0.6553
19330,0.6109
19331,0.6328
19332,0.6368
19333,0.6464
19334,0.6120
19335,1.0513
19336,0.6897
19337,1.1325
19338,0.7243
19339,0.7320
19340,0.6466
19341,0.5705
19342,0.6274
19343,0.5614
19344,0.7375
19345,0.9472
19346,0.6688
19347,0.9972
19348,0.2410
19349,0.6963
19350,0.4996
19351,0.6258
19352,0.7641
19353,0.6742
19354,0.6024
19355,0.6191
19356,0.5721
19357,1.1401
19358,0.6400
19359,0.5454
19360,0.7031
19361,0.6231
19362,0.6067
19363,0.6733
19364,0.6440
19365,0.5569
19366,1.0328
19367,0.6301
19368,0.6862
19369,0.6115
19370,0.8898
19371,0.3418
19372,0.6106
19373,0.7341
19374,0.5072
19375,0.6239
19376,1.0692
19377,0.7036
19378,0.5413
19379,0.6469
19380,0.6351
19381,0.6688
19382,0.6495
19383,0.5302
19384,0.7853
19385,0.4937
19386,0.6461
19387,1.0525
19388,0.6915
19389,0.7168
19390,0.5796
19391,0.6407
19392,0.6242
19393,0.7258
19394,0.4768
19395,0.6348
19396,1.0868
19397,0.7176
19398,0.8361
19399,0.7510
19400,0.7538
19401,0.6076
19402,0.6601
19403,0.6371
19404,0.7230
19405,0.5553
19406,0.5883
19407,0.6982
19408,1.0852
19409,0.5805
19410,0.6506
19411,0.5272
19412,0.5952
19413,0.7330
19414,0.6876
19415,0.6400
19416,0.6154
19417,0.9216
19418,0.7177
19419,0.5786
19420,0.6497
19421,0.6152
19422,0.6339
19423,0.7192
19424,0.4320
19425,0.6581
19426,0.6423
19427,1.1985
19428,0.5680
19429,0.6813
19430,0.5248
19431,0.6227
19432,0.6161
19433,0.6809
19434,0.6980
19435,0.5672
19436,0.6560
19437,1.0109
19438,0.7022
19439,0.7133
19440,0.5134
19441,0.5965
19442,0.6986
19443,0.5558
19444,0.7584
19445,0.6403
19446,0.5272
19447,0.6163
19448,0.9591
19449,0.6164
19450,0.6742
19451,0.5991
19452,0.6005
19453,0.6931
19454,0.5409
19455,0.5965
19456,0.6667
19457,0.6654
19458,1.0928
19459,0.6844
19460,0.8852
19461,0.8671
19462,0.5789
19463,0.7932
19464,0.5927
19465,0.6962
19466,0.6645
19467,0.8886
19468,0.7714
19469,0.5850
19470,0.6444
19471,0.5513
19472,0.6892
19473,0.6067
19474,0.6110
19475,0.7801
19476,0.7478
19477,0.7080
19478,0.8131
19479,0.8875
19480,0.6927
19481,0.5583
19482,0.6473
19483,0.5088
19484,0.7897
19485,0.6453
19486,0.5506
19487,0.6441
19488,0.9634
19489,0.6299
19490,0.6188
19491,0.5507
19492,0.6970
19493,0.6225
19494,0.5367
19495,0.6250
19496,0.6912
19497,0.5935
19498,1.0141
19499,0.7445
19500,0.4962
19501,0.6696
19502,0.6836
19503,0.5251
19504,0.6449
19505,0.7231
19506,0.6851
19507,0.5315
19508,0.8002
19509,0.9372
19510,0.7339
19511,0.6111
19512,0.5410
19513,0.6308
19514,0.6785
19515,0.5328
19516,0.7623
19517,0.5627
19518,1.0857
19519,0.6047
19520,1.0117
19521,0.7981
19522,0.7453
19523,0.5677
19524,0.6423
19525,0.5429
19526,0.6702
19527,0.6659
19528,1.0692
19529,0.7510
19530,0.5962
19531,0.7394
19532,0.5992
19533,0.7032
19534,0.6613
19535,0.6020
19536,0.5793
19537,0.6495
19538,1.0422
19539,0.6818
19540,0.5295
19541,0.7084
19542,0.6258
19543,0.5265
19544,0.6375
19545,0.7019
19546,0.6837
19547,0.5715
19548,0.6367
19549,1.1733
19550,0.5216
19551,0.6020
19552,0.7454
19553,0.6227
19554,0.5508
19555,0.7399
19556,0.6070
19557,0.5740
19558,0.6087
19559,1.0011
19560,0.6700
19561,0.7194
19562,0.4822
19563,0.7441
19564,0.6540
19565,0.5685
19566,0.5791
19567,0.6456
19568,0.6534
19569,0.9272
19570,0.7140
19571,0.7540
19572,0.7908
19573,0.7264
19574,0.8719
19575,0.7577
19576,0.9020
19577,0.3801
19578,0.7530
19579,1.0894
19580,0.6017
19581,0.6356
19582,0.5068
19583,0.7208
19584,0.5647
19585,0.6288
19586,0.7651
19587,0.5252
19588,0.5455
19589,1.1819
19590,0.7908
19591,0.3740
19592,0.6301
19593,0.5711
19594,0.6281
19595,0.6493
19596,0.6732
19597,0.6287
19598,0.6167
19599,1.3014
19600,0.5491
19601,0.5463
19602,0.7323
19603,0.4768
19604,0.7567
19605,0.5666
19606,0.5558
19607,0.6461
19608,0.7122
19609,0.9125
19610,0.7985
19611,0.6718
19612,0.7021
19613,0.5148
19614,0.6065
19615,0.6643
19616,0.6033
19617,0.7801
19618,0.6021
19619,0.6316
19620,1.0445
19621,0.5082
19622,0.6908
19623,0.5910
19624,0.6680
19625,0.7006
19626,0.5723
19627,0.7005
19628,0.4737
19629,0.6450
19630,1.0805
19631,0.6748
19632,0.8376
19633,0.8176
19634,0.8111
19635,0.7374
19636,0.5617
19637,0.6068
19638,0.6087
19639,1.0359
19640,0.6933
19641,1.1736
19642,0.2232
19643,0.6227
19644,0.6599
19645,0.6912
19646,0.5513
19647,0.6568
19648,0.6368
19649,1.0766
19650,0.8098
19651,0.4316
19652,0.6502
19653,0.5769
19654,0.7415
19655,0.6091
19656,0.5597
19657,0.8567
19658,0.4256
19659,0.6050
19660,0.9824
19661,0.6464
19662,0.6552
19663,0.6925
19664,0.6290
19665,0.7333
19666,0.5008
19667,0.6292
19668,0.5870
19669,0.6315
19670,1.0273
19671,0.7376
19672,0.7424
19673,0.7099
19674,0.5097
19675,0.7987
19676,0.5296
19677,0.6910
19678,0.5352
19679,0.6093
19680,1.4824
19681,0.4394
19682,1.1729
19683,0.0841
19684,0.6882
19685,0.6386
19686,0.6239
19687,0.6389
19688,0.5863
19689,0.6307
19690,1.0437
19691,0.7573
19692,0.7766
19693,0.8603
19694,0.6718
19695,0.7526
19696,0.4983
19697,0.7650
19698,0.6575
19699,1.0090
19700,0.7201
19701,0.5180
19702,0.7301
19703,0.5224
19704,0.7186
19705,0.5579
19706,0.7382
19707,0.6645
19708,0.5138
19709,0.5636
19710,1.0675
19711,0.7366
19712,0.5203
19713,0.6715
19714,0.6665
19715,0.5251
19716,0.7094
19717,0.5843
19718,0.5771
19719,0.7186
19720,1.0126
19721,0.7844
19722,0.5583
19723,0.5843
19724,0.6963
19725,0.6089
19726,0.5315
19727,0.7391
19728,0.5966
19729,0.6314
19730,0.9488
19731,0.7890
19732,0.8395
19733,0.4838
19734,0.6231
19735,0.6158
19736,0.6314
19737,0.7391
19738,0.6704
19739,0.5969
19740,0.4764
19741,0.7458
19742,0.9968
19743,0.6414
19744,0.4909
19745,0.7165
19746,0.6022
19747,0.5638
19748,0.7138
19749,0.7471
19750,0.9157
19751,0.7008
19752,1.1740
19753,0.6812
19754,0.6665
19755,0.6501
19756,0.7658
19757,0.4887
19758,0.6134
19759,0.6866
19760,0.9623
19761,0.6090
19762,0.6749
19763,0.6043
19764,0.6075
19765,0.7112
19766,0.5337
19767,0.7868
19768,0.6170
19769,0.5138
19770,1.1185
19771,0.7337
19772,0.5248
19773,0.5987
19774,0.6953
19775,0.5899
19776,0.6025
19777,0.6327
19778,0.6845
19779,0.6671
19780,0.5806
19781,0.9568
19782,0.7795
19783,0.6738
19784,0.7236
19785,0.5439
19786,0.6518
19787,0.6762
19788,0.5365
19789,0.6820
19790,0.6470
19791,1.2090
19792,0.5621
19793,0.6218
19794,0.7082
19795,0.6057
19796,0.6175
19797,0.5345
19798,0.6504
19799,0.8426
19800,0.4670
19801,0.5952
19802,1.1248
19803,0.5036
19804,0.6223
19805,0.6580
19806,0.8847
19807,0.3443
19808,0.6808
19809,0.6732
19810,0.6293
19811,1.0318
19812,0.6285
19813,0.9375
19814,0.7298
19815,0.7774
19816,0.5151
19817,0.6336
19818,0.7010
19819,0.5519
19820,0.6535
19821,1.4331
19822,0.3232
19823,0.7617
19824,0.5790
19825,0.7219
19826,0.4469
19827,0.6334
19828,0.5959
19829,0.6648
19830,0.6583
19831,0.9861
19832,0.7456
19833,0.5152
19834,0.7821
19835,0.6470
19836,0.9665
19837,0.1084
19838,0.6110
19839,0.8744
19840,0.4562
19841,0.5872
19842,1.1253
19843,0.7551
19844,0.5697
19845,0.5988
19846,0.7166
19847,0.5302
19848,0.7084
19849,0.5944
19850,0.5830
19851,0.6410
19852,1.0100
19853,0.6098
19854,0.7301
19855,0.5311
19856,0.6224
19857,0.6045
19858,0.6261
19859,0.7230
19860,0.6882
19861,0.6056
19862,0.9035
19863,0.7709
19864,0.7159
19865,0.6305
19866,0.6000
19867,0.7007
19868,0.5456
19869,0.6084
19870,0.8010
19871,0.6494
19872,0.4922
19873,1.2449
19874,0.7734
19875,0.7773
19876,0.6683
19877,0.5887
19878,0.6707
19879,0.7066
19880,0.6142
19881,0.6179
19882,0.9722
19883,0.6902
19884,0.9237
19885,0.5383
19886,0.6012
19887,0.5167
19888,0.7590
19889,0.5065
19890,0.8710
19891,0.5170
19892,0.6778
19893,1.0708
19894,0.7011
19895,0.7362
19896,0.6081
19897,0.5419
19898,0.6140
19899,0.6075
19900,0.6915
19901,0.6772
19902,0.9068
19903,0.7599
19904,0.6752
19905,0.7362
19906,0.6251
19907,0.5493
19908,0.6289
19909,0.6317
19910,0.6490
19911,0.6850
19912,1.0172
19913,0.7333
19914,0.6620
19915,0.6775
19916,0.4864
19917,0.7095
19918,0.5847
19919,0.6544
19920,0.7592
19921,0.4167
19922,0.6382
19923,1.0469
19924,0.9643
19925,0.6354
19926,0.7381
19927,0.6412
19928,0.6994
19929,0.6265
19930,0.5581
19931,0.7061
19932,0.9227
19933,0.6343
19934,0.7354
19935,0.8203
19936,0.3448
19937,0.6678
19938,0.5956
19939,0.6670
19940,0.7386
19941,0.5112
19942,0.6198
19943,1.0643
19944,0.7503
19945,0.5420
19946,0.6412
19947,0.6829
19948,0.5162
19949,0.6907
19950,0.8191
19951,0.4236
19952,0.6256
19953,0.9927
19954,0.6495
19955,0.7235
19956,0.5145
19957,0.6865
19958,0.5926
19959,1.1751
19960,0.1389
19961,0.8368
19962,0.4314
19963,0.6124
19964,1.0808
19965,0.7433
19966,0.5639
19967,0.6566
19968,0.6356
19969,0.6603
19970,0.5312
19971,0.9028
19972,0.3604
19973,0.6132
19974,0.9865
19975,0.8136
19976,0.7366
19977,0.5281
19978,0.7050
19979,0.6454
19980,0.5206
19981,1.6081
19982,0.5169
19983,0.1568
19984,0.7295
19985,0.8214
19986,0.7464
19987,0.7371
19988,0.6622
19989,0.7820
19990,0.5427
19991,0.6188
19992,0.7045
19993,0.9959
19994,0.7453
19995,0.6313
19996,0.4947
19997,0.7388
19998,0.5310
19999,0.7211
20000,0.6317
20001,0.7300
20002,0.5389
20003,0.5212
20004,1.0443
20005,0.6837
20006,0.7657
20007,0.4861
20008,0.6383
20009,0.5397
20010,0.7404
20011,0.5331
20012,0.6640
20013,0.6687
20014,1.1306
20015,0.5765
20016,0.6149
20017,0.6559
20018,0.5938
20019,0.6305
20020,0.6320
20021,0.7052
20022,0.5672
20023,0.6382
20024,0.9967
20025,0.7306
20026,0.7290
20027,0.9108
20028,0.3216
20029,0.7830
20030,0.5877
20031,0.4943
20032,0.7561
20033,0.5852
20034,1.0816
20035,0.6810
20036,0.6281
20037,0.6806
20038,0.6143
20039,0.5081
20040,0.6996
20041,0.6678
20042,0.7265
20043,0.6405
20044,0.4724
20045,1.0656
20046,0.8711
20047,0.6533
20048,0.8904
20049,0.5977
20050,0.5814
20051,0.6229
20052,0.6174
20053,0.6728
20054,0.9484
20055,0.6919
20056,0.8566
20057,0.5671
20058,0.6497
20059,0.5380
20060,0.6408
20061,0.7272
20062,0.9234
20063,0.2548
20064,0.6541
20065,1.0400
20066,0.7324
20067,0.5320
20068,0.7429
20069,0.5948
20070,0.7850
20071,0.4285
20072,0.6951
20073,0.5732
20074,0.9998
20075,0.7255
20076,0.5474
20077,0.7061
20078,0.5414
20079,0.5972
20080,0.6553
20081,0.5974
20082,0.9071
20083,0.3862
20084,1.0786
20085,0.7266
20086,0.6225
20087,0.7017
20088,0.5525
20089,0.6926
20090,0.5821
20091,0.6567
20092,0.5271
20093,0.6880
20094,0.5960
20095,1.1951
20096,0.6187
20097,0.5034
20098,0.7334
20099,0.4785
20100,0.7323
20101,0.6535
20102,0.5391
20103,0.7386
20104,0.5282
20105,1.1289
20106,0.7480
20107,0.8425
20108,0.7208
20109,0.6298
20110,0.7011
20111,0.5820
20112,0.6968
20113,0.7706
20114,0.4420
20115,0.6298
20116,1.1503
20117,0.6428
20118,0.5143
20119,0.6185
20120,0.6042
20121,0.8450
20122,0.7375
20123,0.5233
20124,0.6754
20125,0.5655
20126,0.9826
20127,0.7045
20128,0.5942
20129,0.5992
20130,0.6282
20131,0.6559
20132,0.6713
20133,0.7315
20134,0.5300
20135,0.6184
20136,1.1125
20137,0.6339
20138,0.7156
20139,0.5918
20140,0.5689
20141,0.5946
20142,0.7078
20143,0.5701
20144,0.6373
20145,0.6759
20146,0.9244
20147,0.8167
20148,0.6354
20149,0.7162
20150,0.6131
20151,0.5640
20152,0.6975
20153,0.5314
20154,0.7587
20155,0.5168
20156,1.2648
20157,0.5407
20158,0.8515
20159,0.7863
20160,0.6603
20161,0.9985
20162,0.5543
20163,0.5098
20164,0.7106
20165,0.9329
20166,0.6509
20167,0.6221
20168,0.6914
20169,0.5991
20170,0.6682
20171,0.5436
20172,0.6538
20173,0.8020
20174,0.4561
20175,0.7596
20176,0.9477
20177,0.6132
20178,0.6788
20179,0.6585
20180,0.5923
20181,0.6450
20182,0.6718
20183,0.5377
20184,1.2719
20185,0.2735
20186,0.9942
20187,0.6050
20188,0.5819
20189,0.6357
20190,0.5959
20191,0.6927
20192,0.5284
20193,0.6652
20194,0.6476
20195,0.6303
20196,0.9509
20197,0.8216
20198,0.7271
20199,0.4993
20200,0.6228
20201,0.6845
20202,0.6239
20203,0.6929
20204,0.5936
20205,0.7299
20206,1.0555
20207,0.7225
20208,0.4987
20209,0.5548
20210,0.7829
20211,0.6032
20212,0.6285
20213,0.6187
20214,0.6024
20215,0.9624
20216,0.6269
20217,0.7296
20218,0.7347
20219,0.7934
20220,0.8653
20221,0.7447
20222,0.5517
20223,0.5737
20224,0.6673
20225,0.6154
20226,1.0242
20227,0.7405
20228,0.4888
20229,1.0164
20230,0.2598
20231,0.6663
20232,0.7041
20233,0.5913
20234,0.6433
20235,0.6090
20236,1.0767
20237,0.7381
20238,0.5384
20239,0.5812
20240,0.7324
20241,0.5375
20242,0.6133
20243,0.6169
20244,0.9086
20245,0.4339
20246,0.5798
20247,0.9744
20248,0.8052
20249,0.8307
20250,0.4580
20251,0.6299
20252,0.6455
20253,1.2202
20254,0.1888
20255,0.5548
20256,0.6261
20257,1.0727
20258,1.1216
20259,0.1147
20260,0.7572
20261,0.5669
20262,0.6441
20263,0.5187
20264,0.7430
20265,0.6584
20266,0.7013
20267,0.8228
20268,0.7544
20269,0.5492
20270,0.7004
20271,0.6469
20272,0.6002
20273,0.6462
20274,0.5232
20275,0.7664
20276,0.7080
20277,0.9353
20278,0.7938
20279,0.7572
20280,0.6817
20281,0.8215
20282,0.6511
20283,0.6518
20284,0.5314
20285,0.6202
20286,0.7115
20287,0.9904
20288,0.5863
20289,0.9015
20290,0.5618
20291,0.6566
20292,0.5372
20293,0.8431
20294,0.3996
20295,0.6443
20296,0.6646
20297,0.9366
20298,0.7163
20299,0.7592
20300,0.6498
20301,0.7027
20302,0.5495
20303,0.6388
20304,0.6474
20305,0.5938
20306,0.6677
20307,1.0853
20308,0.7179
20309,0.6078
20310,0.5199
20311,0.7334
20312,0.5233
20313,0.6684
20314,0.6822
20315,0.7772
20316,0.4664
20317,0.7171
20318,0.8993
20319,0.6336
20320,0.6856
20321,1.1521
20322,0.1673
20323,0.5167
20324,0.6485
20325,0.6097
20326,0.6139
20327,0.6174
20328,1.1362
20329,0.7498
20330,0.4896
20331,0.6303
20332,0.6726
20333,0.6309
20334,0.6292
20335,0.5648
20336,0.6588
20337,0.6582
20338,1.0073
20339,0.7548
20340,0.7007
20341,0.7629
20342,1.2133
20343,0.3649
20344,0.7893
20345,0.6582
20346,0.5829
20347,0.6533
20348,0.9445
20349,0.7919
20350,0.6724
20351,0.6923
20352,0.6236
20353,0.5206
20354,0.6485
20355,0.7787
20356,0.5408
20357,0.5933
20358,1.2347
20359,0.5751
20360,0.6369
20361,0.5653
20362,0.5853
20363,0.6568
20364,0.6686
20365,0.6556
20366,0.6782
20367,0.9208
20368,0.2067
20369,1.0163
20370,0.8218
20371,0.4414
20372,0.7296
20373,0.6077
20374,0.5280
20375,0.6398
20376,0.6366
20377,0.6140
20378,1.1572
20379,0.8411
20380,0.4157
20381,0.6311
20382,0.5963
20383,0.7298
20384,0.5337
20385,0.7144
20386,0.5717
20387,1.1703
20388,0.4531
20389,0.8913
20390,0.6336
20391,0.9150
20392,0.7128
20393,0.7252
20394,0.5258
20395,0.8042
20396,0.4805
20397,0.6448
20398,1.0957
20399,0.6401
20400,0.7114
20401,0.5201
20402,0.6436
20403,0.6927
20404,0.6042
20405,0.7359
20406,0.5355
20407,0.5916
20408,1.0174
20409,0.7871
20410,0.6539
20411,0.6739
20412,0.5624
20413,0.6275
20414,0.6978
20415,0.6081
20416,0.6012
20417,0.6501
20418,0.9477
20419,0.6527
20420,0.8666
20421,0.5284
20422,0.6622
20423,0.6658
20424,0.5287
20425,0.6301
20426,0.7422
20427,0.6195
20428,1.0662
20429,0.7397
20430,0.5358
20431,0.7435
20432,0.7034
20433,0.6801
20434,0.4033
20435,0.7356
20436,0.6714
20437,0.6129
20438,0.5734
20439,0.9491
20440,0.5954
20441,0.6305
20442,0.6147
20443,0.5538
20444,0.6340
20445,0.7129
20446,0.6431
20447,0.5861
20448,0.8627
20449,0.9015
20450,0.7150
20451,0.8458
20452,0.8523
20453,0.6753
20454,0.6246
20455,1.4090
20456,0.2013
20457,0.3036
20458,0.6420
20459,0.9633
20460,0.6656
20461,0.9476
20462,0.4979
20463,0.5950
20464,0.6153
20465,0.7844
20466,0.7345
20467,0.3883
20468,0.6240
20469,0.9894
20470,0.7588
20471,0.6254
20472,0.5139
20473,0.6229
20474,0.6455
20475,0.6016
20476,0.7333
20477,0.6352
20478,0.8305
20479,0.8334
20480,0.7899
20481,0.5278
20482,0.7218
20483,0.5433
20484,0.5940
20485,0.6794
20486,0.5346
20487,0.6815
20488,0.6424
20489,0.9497
20490,0.7050
20491,0.7661
20492,0.6087
20493,0.6920
20494,0.5362
20495,0.7223
20496,0.7102
20497,0.5181
20498,1.3269
20499,0.4128
20500,0.6390
20501,1.2415
20502,0.1014
20503,0.7465
20504,0.5174
20505,0.5700
20506,0.6726
20507,0.7914
20508,0.4988
20509,0.6403
20510,0.9597
20511,0.9378
20512,0.7524
20513,0.6978
20514,0.6230
20515,0.5860
20516,0.6334
20517,0.6558
20518,0.6380
20519,1.1314
20520,0.6770
20521,0.6942
20522,0.5940
20523,0.9310
20524,0.2398
20525,0.7445
20526,0.5957
20527,0.8558
20528,0.3119
20529,0.6203
20530,0.9862
20531,0.8194
20532,0.6603
20533,0.6123
20534,0.7089
20535,0.5256
20536,0.6724
20537,0.8276
20538,0.4222
20539,0.6481
20540,1.1286
20541,0.4493
20542,0.7104
20543,0.5631
20544,0.6850
20545,0.9319
20546,0.3016
20547,0.6471
20548,0.5904
20549,0.6314
20550,1.0952
20551,0.6970
20552,0.6276
20553,0.6121
20554,0.5460
20555,0.6933
20556,0.5695
20557,0.6531
20558,0.6575
20559,0.6164
20560,0.9382
20561,0.8052
20562,0.7708
20563,0.4970
20564,0.7207
20565,0.5860
20566,0.6886
20567,0.5457
20568,0.7426
20569,0.5260
20570,0.7871
20571,1.1811
20572,0.7682
20573,0.7578
20574,0.8014
20575,0.5224
20576,0.5935
20577,0.8190
20578,0.4661
20579,0.6582
20580,0.9882
20581,0.7351
20582,0.6765
20583,0.7565
20584,0.5446
20585,0.6656
20586,0.6017
20587,0.5977
20588,0.6164
20589,0.6261
20590,0.9608
20591,0.7098
20592,0.9591
20593,0.4145
20594,0.6667
20595,0.6962
20596,0.5220
20597,0.6724
20598,0.5868
20599,0.6680
20600,1.0717
20601,0.7527
20602,0.5351
20603,0.6808
20604,0.5593
20605,0.5971
20606,0.6153
20607,0.7232
20608,0.8939
20609,0.4580
20610,0.4586
20611,0.9987
20612,0.9191
20613,0.5802
20614,0.6438
20615,0.5818
20616,0.7198
20617,0.6593
20618,0.6909
20619,0.6041
20620,0.6159
20621,1.1526
20622,0.8160
20623,0.7735
20624,0.7575
20625,0.6211
20626,0.5879
20627,0.5594
20628,0.6621
20629,0.6394
20630,0.9779
20631,0.7219
20632,0.5626
20633,0.5936
20634,0.7336
20635,0.7583
20636,0.4966
20637,0.7704
20638,0.7095
20639,0.3736
20640,0.6194
20641,1.0649
20642,0.7921
20643,0.5699
20644,0.5459
20645,0.6805
20646,0.5565
20647,0.6976
20648,0.8987
20649,0.3295
20650,0.6483
20651,0.9523
20652,0.8026
20653,0.5712
20654,0.6519
20655,0.5760
20656,0.6157
20657,0.5674
20658,0.6898
20659,0.6704
20660,0.6483
20661,0.9589
20662,0.6092
20663,0.8759
20664,0.5830
20665,0.6429
20666,0.6051
20667,0.6677
20668,0.5692
20669,0.6386
20670,0.6517
20671,1.0507
20672,0.6892
20673,0.7108
20674,0.5145
20675,0.6298
20676,0.6011
20677,0.6519
20678,0.6779
20679,0.7606
20680,0.5033
20681,0.6906
20682,1.3575
20683,0.5609
20684,0.6222
20685,0.7263
20686,0.6451
20687,0.6435
20688,0.6717
20689,0.5965
20690,0.7725
20691,0.9761
20692,0.7567
20693,0.4975
20694,0.7150
20695,0.5613
20696,0.6078
20697,0.6397
20698,0.6103
20699,0.7096
20700,0.6111
20701,0.9418
20702,0.7573
20703,0.5600
20704,0.7828
20705,0.4518
20706,0.6414
20707,0.6368
20708,0.6891
20709,0.7009
20710,0.5299
20711,0.5750
20712,0.9590
20713,0.8089
20714,0.7435
20715,0.6160
20716,0.5270
20717,0.7344
20718,0.5524
20719,0.5945
20720,0.6606
20721,0.6830
20722,1.0892
20723,0.6502
20724,0.6408
20725,0.5586
20726,0.9192
20727,0.3992
20728,0.6328
20729,0.6539
20730,0.5447
20731,0.7054
20732,0.8609
20733,0.7664
20734,0.6433
20735,0.6716
20736,0.6119
20737,0.5664
20738,0.6604
20739,0.5544
20740,0.8082
20741,0.5298
20742,0.6958
20743,1.2309
20744,0.7689
20745,0.7715
20746,0.7585
20747,0.5341
20748,0.6153
20749,0.9689
20750,0.3239
20751,0.7072
20752,0.9281
20753,0.7009
20754,0.8073
20755,0.6497
20756,0.5451
20757,0.6064
20758,0.6442
20759,0.6534
20760,0.6114
20761,0.6339
20762,1.1622
20763,0.6754
20764,0.5798
20765,0.6776
20766,0.6281
20767,0.5464
20768,0.6421
20769,0.6105
20770,0.6205
20771,0.6722
20772,1.0021
20773,0.7538
20774,0.5395
20775,0.6783
20776,0.6211
20777,0.5572
20778,0.6925
20779,0.5264
20780,0.7993
20781,0.5457
20782,0.6093
20783,0.9377
20784,0.6855
20785,0.7201
20786,0.5158
20787,0.8096
20788,0.4655
20789,0.6285
20790,0.6647
20791,0.5970
20792,0.6140
20793,1.1486
20794,0.8886
20795,0.8745
20796,0.1243
20797,0.5831
20798,0.6437
20799,0.7048
20800,0.6196
20801,0.6726
20802,0.5459
20803,1.0797
20804,0.7640
20805,0.9119
20806,0.6333
20807,0.7877
20808,0.5241
20809,0.7391
20810,0.8326
20811,0.4939
20812,0.4497
20813,0.5630
20814,1.2077
20815,0.7132
20816,1.1931
20817,0.1950
20818,0.4102
20819,0.6339
20820,0.6164
20821,0.7730
20822,0.4738
20823,0.7178
20824,0.9542
20825,0.6840
20826,0.6208
20827,0.5766
20828,0.6346
20829,0.6476
20830,0.6003
20831,0.6767
20832,0.6208
20833,0.6495
20834,0.8911
20835,0.8218
20836,0.7063
20837,0.5092
20838,0.7283
20839,0.6233
20840,0.6105
20841,0.9152
20842,0.3026
20843,0.6275
20844,1.0865
20845,0.8783
20846,0.6925
20847,0.5610
20848,0.6931
20849,0.5714
20850,0.5655
20851,0.8570
20852,0.3845
20853,0.6749
20854,0.9669
20855,0.7636
20856,0.7450
20857,0.7392
20858,0.7834
20859,0.8711
20860,0.6591
20861,1.1086
20862,0.1756
20863,0.6496
20864,1.1333
20865,0.7216
20866,0.5890
20867,0.5268
20868,0.6672
20869,0.6963
20870,0.5744
20871,0.6066
20872,0.6685
20873,0.6205
20874,0.9550
20875,0.8109
20876,0.5399
20877,0.6513
20878,0.6425
20879,0.6343
20880,0.5113
20881,0.9262
20882,0.3364
20883,0.7553
20884,1.0706
20885,0.6314
20886,0.7385
20887,0.6922
20888,0.6023
20889,0.5262
20890,0.7448
20891,0.7306
20892,0.4291
20893,0.6809
20894,1.0179
20895,0.6245
20896,0.6964
20897,0.6112
20898,0.5121
20899,0.7451
20900,0.5121
20901,0.6274
20902,0.6705
20903,0.6746
20904,0.6079
20905,0.9485
20906,0.7464
20907,1.1054
20908,0.2626
20909,0.7123
20910,0.4931
20911,0.7311
20912,0.5970
20913,0.6211
20914,1.0514
20915,0.7714
20916,1.1141
20917,0.7041
20918,0.7369
20919,0.6122
20920,0.5541
20921,0.8158
20922,0.5119
20923,0.6225
20924,0.9044
20925,0.7667
20926,0.7957
20927,0.5924
20928,0.6109
20929,0.5344
20930,0.6754
20931,0.8192
20932,0.5240
20933,0.5728
20934,1.0831
20935,0.7235
20936,0.6598
20937,0.5619
20938,0.6600
20939,0.6360
20940,0.5790
20941,0.8425
20942,0.5429
20943,0.4750
20944,0.9996
20945,0.7347
20946,0.8001
20947,0.5284
20948,0.6907
20949,0.6199
20950,0.6351
20951,0.6214
20952,0.5625
20953,0.6616
20954,0.9855
20955,0.7254
20956,0.6777
20957,0.6602
20958,0.7181
20959,0.5702
20960,0.6526
20961,0.5371
20962,0.6248
20963,0.6551
20964,0.7262
20965,1.0115
20966,0.6879
20967,0.5986
20968,0.7327
20969,0.5105
20970,0.7403
20971,0.6836
20972,0.6691
20973,0.4681
20974,1.1999
20975,0.4784
20976,0.9422
20977,0.6339
20978,0.8683
20979,0.6413
20980,0.6031
20981,0.5494
20982,0.6460
20983,0.6761
20984,1.0348
20985,0.7967
20986,0.4772
20987,0.7431
20988,0.5838
20989,0.5806
20990,0.6898
20991,0.6138
20992,0.5984
20993,0.6052
20994,1.5173
20995,0.1206
20996,0.9444
20997,0.4576
20998,0.7717
20999,0.7036
21000,0.6900
21001,0.5587
21002,0.8123
21003,0.4382
21004,0.6197
21005,1.1133
21006,0.7557
21007,0.6478
21008,0.4933
21009,0.7076
21010,0.5697
21011,0.6223
21012,0.7543
21013,0.4985
21014,0.6575
21015,1.0712
21016,0.5351
21017,0.7943
21018,0.7608
21019,0.4908
21020,0.8401
21021,0.4249
21022,0.6968
21023,0.5354
21024,0.6269
21025,1.2110
21026,0.5329
21027,0.5427
21028,0.6067
21029,0.6460
21030,0.6512
21031,0.6719
21032,0.5224
21033,0.6827
21034,0.6439
21035,1.1093
21036,0.7245
21037,0.7569
21038,0.8940
21039,0.6657
21040,0.7079
21041,0.7209
21042,1.0515
21043,0.1936
21044,0.9402
21045,0.7026
21046,0.6572
21047,0.4642
21048,0.7871
21049,0.6243
21050,0.4726
21051,0.8059
21052,0.6303
21053,0.5503
21054,0.6080
21055,1.1226
21056,0.7537
21057,0.5351
21058,0.7520
21059,0.4982
21060,0.6457
21061,0.7151
21062,0.5627
21063,0.6012
21064,0.5913
21065,1.0998
21066,0.6905
21067,0.6167
21068,0.6052
21069,0.6245
21070,0.5834
21071,0.6589
21072,0.6799
21073,0.6522
21074,0.5862
21075,0.6518
21076,0.9275
21077,0.7029
21078,0.7803
21079,0.6874
21080,0.5406
21081,0.6132
21082,0.6220
21083,0.7390
21084,0.5636
21085,0.6197
21086,1.1039
21087,1.1533
21088,0.7179
21089,0.7440
21090,0.5542
21091,0.6916
21092,0.7917
21093,0.4066
21094,0.6452
21095,0.9586
21096,0.7551
21097,0.8144
21098,0.5158
21099,0.6800
21100,0.6370
21101,0.5851
21102,0.8120
21103,0.5283
21104,0.6259
21105,1.0209
21106,0.7292
21107,0.6097
21108,0.5408
21109,0.6094
21110,0.9247
21111,0.4010
21112,0.6229
21113,0.6388
21114,0.6457
21115,0.9167
21116,0.7745
21117,0.6509
21118,0.7132
21119,0.7063
21120,0.5235
21121,0.6943
21122,0.5485
21123,0.6470
21124,0.6705
21125,1.0761
21126,0.6715
21127,0.6823
21128,0.5300
21129,0.6065
21130,0.6356
21131,0.6484
21132,0.7035
21133,0.8196
21134,0.5495
21135,0.4582
21136,1.0126
21137,0.6874
21138,0.7018
21139,0.7037
21140,0.5840
21141,0.6297
21142,0.6307
21143,0.8687
21144,0.3936
21145,0.6088
21146,1.0214
21147,0.7373
21148,0.7352
21149,0.8900
21150,0.7319
21151,0.7270
21152,0.6571
21153,0.5627
21154,0.7280
21155,0.5594
21156,0.5797
21157,1.2472
21158,0.5562
21159,0.6680
21160,0.5563
21161,0.5807
21162,0.6856
21163,0.6879
21164,0.5512
21165,0.6448
21166,0.9582
21167,0.7125
21168,0.6261
21169,0.6195
21170,0.6789
21171,0.5836
21172,0.5301
21173,0.8959
21174,0.4381
21175,0.6430
21176,1.0708
21177,0.7368
21178,1.1344
21179,0.3268
21180,0.3326
21181,0.7317
21182,0.5692
21183,0.6545
21184,0.5413
21185,0.6637
21186,0.9819
21187,0.7367
21188,0.5039
21189,0.7363
21190,0.5282
21191,0.6501
21192,0.6018
21193,0.6169
21194,0.8489
21195,0.4752
21196,0.7177
21197,0.9155
21198,0.6258
21199,0.6161
21200,0.7007
21201,0.6348
21202,0.5627
21203,0.6340
21204,0.8795
21205,0.4239
21206,0.6322
21207,1.1036
21208,0.7351
21209,0.7685
21210,0.8478
21211,0.7817
21212,0.7391
21213,0.5891
21214,0.5759
21215,0.6753
21216,0.9226
21217,0.7299
21218,0.7300
21219,0.6941
21220,0.5743
21221,0.7082
21222,0.5470
21223,0.5837
21224,0.7949
21225,0.5605
21226,1.0264
21227,0.7721
21228,0.5039
21229,0.7223
21230,0.6129
21231,0.5903
21232,0.5644
21233,0.6728
21234,0.7213
21235,0.5771
21236,0.5657
21237,0.9657
21238,0.8208
21239,0.6806
21240,0.7490
21241,0.5416
21242,0.5990
21243,0.6904
21244,0.7090
21245,0.5179
21246,0.8179
21247,0.9481
21248,0.6122
21249,0.5700
21250,0.7135
21251,0.5324
21252,0.7186
21253,0.6251
21254,0.5697
21255,0.6265
21256,0.6421
21257,0.9636
21258,0.7942
21259,0.7144
21260,0.6110
21261,0.5644
21262,0.6545
21263,0.6388
21264,0.7028
21265,0.5256
21266,0.6678
21267,1.0022
21268,1.1941
21269,0.2583
21270,0.7674
21271,0.6791
21272,0.9825
21273,0.6837
21274,0.6059
21275,0.6886
21276,1.0933
21277,0.6226
21278,0.6577
21279,0.6615
21280,0.5898
21281,0.5901
21282,0.6053
21283,0.6667
21284,0.7152
21285,0.5842
21286,0.5895
21287,0.9666
21288,0.7843
21289,0.6641
21290,0.8899
21291,0.4336
21292,0.6956
21293,0.5359
21294,0.8291
21295,0.3992
21296,0.5932
21297,1.1488
21298,0.7252
21299,0.5753
21300,0.6652
21301,0.5709
21302,0.6646
21303,0.6432
21304,0.5326
21305,0.6914
21306,0.6774
21307,0.9454
21308,0.7302
21309,0.5986
21310,0.5576
21311,0.6834
21312,0.5841
21313,0.7903
21314,0.4829
21315,0.7370
21316,0.6795
21317,0.4563
21318,0.9836
21319,0.6428
21320,0.8154
21321,0.8575
21322,0.7912
21323,0.7017
21324,0.7748
21325,0.4438
21326,0.6481
21327,1.0616
21328,0.8394
21329,0.4685
21330,0.6092
21331,0.6781
21332,0.5758
21333,0.6909
21334,0.5409
21335,1.4564
21336,0.2275
21337,0.8377
21338,0.4310
21339,0.7198
21340,0.5667
21341,0.7101
21342,0.6033
21343,0.5435
21344,0.5981
21345,0.8074
21346,0.7856
21347,0.3973
21348,1.0247
21349,0.7889
21350,0.7298
21351,0.5164
21352,0.7410
21353,0.6225
21354,0.5207
21355,0.7713
21356,0.5653
21357,0.9337
21358,0.8598
21359,0.4318
21360,0.6556
21361,0.7888
21362,0.7384
21363,0.6327
21364,0.5475
21365,0.6792
21366,0.6066
21367,0.6602
21368,0.9936
21369,0.7892
21370,0.7680
21371,0.6150
21372,0.6230
21373,0.5614
21374,0.6770
21375,0.6942
21376,0.5508
21377,0.6157
21378,1.1027
21379,0.8750
21380,0.8972
21381,1.1579
21382,0.1154
21383,0.5845
21384,0.7150
21385,0.5498
21386,0.6430
21387,0.9592
21388,0.6718
21389,0.7800
21390,0.5968
21391,0.7882
21392,0.5455
21393,0.5995
21394,0.7120
21395,0.5470
21396,0.6449
21397,1.0860
21398,0.7175
21399,0.6563
21400,0.5225
21401,0.8082
21402,0.5268
21403,0.9546
21404,0.2528
21405,0.7238
21406,0.6059
21407,0.9368
21408,0.6188
21409,0.7456
21410,0.5559
21411,0.5803
21412,0.6208
21413,0.6533
21414,0.7103
21415,0.5031
21416,0.6629
21417,0.6683
21418,1.1117
21419,0.6795
21420,0.5730
21421,0.6455
21422,0.6310
21423,0.6985
21424,0.6208
21425,0.5580
21426,0.7477
21427,0.6204
21428,0.6367
21429,0.9058
21430,0.6127
21431,0.6375
21432,0.7189
21433,0.6234
21434,0.5055
21435,0.6303
21436,1.4163
21437,0.1930
21438,0.4901
21439,1.1039
21440,0.8048
21441,0.6524
21442,0.8052
21443,0.6458
21444,0.6770
21445,0.5253
21446,0.6510
21447,0.6728
21448,1.1594
21449,0.5618
21450,0.6717
21451,0.5903
21452,0.7209
21453,0.6007
21454,0.5468
21455,0.7284
21456,0.5634
21457,0.5929
21458,1.0298
21459,0.7452
21460,0.4985
21461,0.8067
21462,0.4782
21463,0.5839
21464,0.6279
21465,0.6680
21466,0.7046
21467,0.6264
21468,0.8749
21469,0.7728
21470,1.0409
21471,0.4684
21472,0.6056
21473,0.7180
21474,0.6286
21475,0.5299
21476,0.8856
21477,0.4365
21478,0.5595
21479,1.0079
21480,0.6695
21481,0.6608
21482,0.5976
21483,0.6131
21484,0.6003
21485,0.6187
21486,0.6649
21487,0.6344
21488,0.6315
21489,1.1193
21490,0.6210
21491,0.6278
21492,0.6754
21493,0.7430
21494,0.5180
21495,0.6498
21496,0.5723
21497,0.6308
21498,0.6709
21499,1.0831
21500,0.6852
21501,0.9436
21502,0.7100
21503,0.6616
21504,0.6062
21505,0.5907
21506,0.7930
21507,0.5075
21508,0.6771
21509,0.9199
21510,0.6934
21511,0.6073
21512,0.6927
21513,0.5618
21514,0.6797
21515,0.6388
21516,0.7016
21517,0.5466
21518,0.6427
21519,1.0545
21520,0.6556
21521,0.6035
21522,0.6914
21523,0.5641
21524,0.5918
21525,0.7490
21526,0.7988
21527,0.4732
21528,0.5809
21529,0.9502
21530,0.7178
21531,0.7857
21532,0.6514
21533,0.5061
21534,0.7296
21535,0.6285
21536,0.5557
21537,0.8457
21538,0.4321
21539,0.7401
21540,1.2679
21541,0.4596
21542,0.6839
21543,0.5386
21544,0.6593
21545,0.6823
21546,0.5180
21547,0.6041
21548,0.6254
21549,0.7252
21550,0.9056
21551,0.7579
21552,0.7702
21553,0.8451
21554,0.7998
21555,0.6646
21556,0.6708
21557,0.5289
21558,0.8036
21559,0.8599
21560,0.7163
21561,0.7157
21562,0.4530
21563,0.6497
21564,0.6571
21565,0.8228
21566,0.6037
21567,0.7351
21568,0.5018
21569,0.6390
21570,1.0775
21571,0.7647
21572,0.5993
21573,0.6153
21574,0.6459
21575,0.5181
21576,0.6338
21577,0.8559
21578,0.4415
21579,0.6094
21580,0.9942
21581,0.9348
21582,0.5509
21583,0.6255
21584,0.8171
21585,0.4602
21586,0.6578
21587,0.8141
21588,0.4082
21589,0.6220
21590,1.1060
21591,0.7341
21592,0.5623
21593,0.5813
21594,0.5985
21595,0.6219
21596,0.7368
21597,0.6174
21598,0.5945
21599,0.6643
21600,0.9628
21601,0.7469
21602,0.7971
21603,0.5075
21604,0.7694
21605,0.5289
21606,0.6670
21607,0.7798
21608,0.4494
21609,0.6364
21610,1.0278
21611,0.7044
21612,0.9096
21613,0.7111
21614,0.7072
21615,0.9152
21616,0.7178
21617,0.6894
21618,0.6844
21619,0.9436
21620,0.7095
21621,0.5376
21622,0.6615
21623,0.6812
21624,0.5846
21625,0.5964
21626,0.6078
21627,0.7767
21628,0.5323
21629,0.5771
21630,1.4472
21631,0.2117
21632,0.8970
21633,0.5888
21634,0.5550
21635,0.7063
21636,0.6198
21637,0.6713
21638,0.5790
21639,0.5424
21640,1.1659
21641,0.7210
21642,0.6211
21643,0.6055
21644,0.6240
21645,0.5565
21646,0.6592
21647,0.6112
21648,0.6386
21649,0.6635
21650,0.9463
21651,0.7378
21652,0.6122
21653,0.5640
21654,0.6912
21655,0.6003
21656,0.6421
21657,0.6621
21658,0.5223
21659,0.8629
21660,0.9309
21661,0.6379
21662,0.7143
21663,0.5495
21664,0.7153
21665,0.5527
21666,0.7556
21667,0.4912
21668,0.7310
21669,0.5503
21670,0.9866
21671,0.7472
21672,0.6537
21673,0.9984
21674,0.7239
21675,0.7994
21676,0.4837
21677,0.6441
21678,0.6179
21679,0.7158
21680,0.9186
21681,0.7037
21682,0.5548
21683,0.6469
21684,0.6977
21685,0.5582
21686,0.6131
21687,0.7807
21688,0.4991
21689,0.6719
21690,1.0609
21691,0.7232
21692,0.5574
21693,0.6916
21694,0.5959
21695,0.5590
21696,0.6162
21697,0.6401
21698,1.2647
21699,0.1892
21700,0.5380
21701,0.6199
21702,1.0571
21703,0.7257
21704,0.4556
21705,0.6944
21706,0.6054
21707,0.5462
21708,0.6209
21709,0.6767
21710,0.6884
21711,1.0766
21712,0.6564
21713,0.5933
21714,0.5862
21715,0.6153
21716,0.6281
21717,0.6629
21718,0.7510
21719,0.4820
21720,0.7280
21721,0.9634
21722,0.7248
21723,0.5202
21724,0.5818
21725,0.7220
21726,0.6561
21727,0.5500
21728,0.6583
21729,0.7139
21730,0.6323
21731,0.8822
21732,0.9602
21733,0.7805
21734,0.7528
21735,0.6375
21736,0.6928
21737,0.6679
21738,0.6303
21739,0.5981
21740,0.6415
21741,0.9873
21742,0.7103
21743,0.7603
21744,0.5890
21745,0.6576
21746,0.5919
21747,0.5882
21748,0.7420
21749,0.5408
21750,0.6597
21751,0.9901
21752,0.5708
21753,0.8953
21754,0.6627
21755,0.5147
21756,0.6371
21757,0.6645
21758,0.6099
21759,0.7277
21760,0.7741
21761,0.9053
21762,0.5997
21763,0.7427
21764,0.6024
21765,0.5388
21766,0.8889
21767,0.4426
21768,0.5894
21769,0.8804
21770,0.3623
21771,0.6385
21772,0.9596
21773,1.2902
21774,0.0931
21775,0.7751
21776,0.5233
21777,0.5805
21778,0.7208
21779,0.5351
21780,0.7941
21781,0.9449
21782,0.6496
21783,1.2820
21784,0.8090
21785,0.4987
21786,0.7631
21787,0.5867
21788,0.6073
21789,0.5763
21790,0.6399
21791,0.9493
21792,0.8045
21793,0.6989
21794,0.6394
21795,0.5513
21796,0.6272
21797,0.6728
21798,0.6364
21799,0.6016
21800,0.6677
21801,1.0482
21802,0.6955
21803,0.6464
21804,0.6088
21805,0.7856
21806,0.5361
21807,0.5529
21808,1.2974
21809,0.1401
21810,0.7555
21811,0.9596
21812,0.6164
21813,0.6212
21814,0.7230
21815,0.5659
21816,0.6032
21817,0.6587
21818,0.5595
21819,0.9373
21820,0.3206
21821,0.6696
21822,0.9743
21823,0.7735
21824,0.7810
21825,0.3429
21826,0.7010
21827,0.5918
21828,0.7312
21829,0.5229
21830,0.6144
21831,0.6849
21832,1.3281
21833,0.3815
21834,0.7939
21835,0.7985
21836,0.6108
21837,0.6521
21838,1.3297
21839,0.0938
21840,0.8285
21841,0.7549
21842,0.8207
21843,0.6361
21844,1.0118
21845,0.8744
21846,0.4489
21847,0.7756
21848,0.8852
21849,0.2419
21850,0.6681
21851,1.0208
21852,0.7958
21853,1.0542
21854,0.3656
21855,0.9289
21856,0.4038
21857,0.7499
21858,0.5470
21859,0.7470
21860,0.4316
21861,0.8277
21862,0.7701
21863,0.5950
21864,0.6851
21865,0.6120
21866,0.7336
21867,0.4963
21868,0.6221
21869,1.1316
21870,0.5421
21871,0.6930
21872,0.5872
21873,0.6427
21874,0.8129
21875,0.3948
21876,0.6629
21877,0.6158
21878,0.6257
21879,0.8813
21880,0.4667
21881,0.5374
21882,1.1062
21883,0.7812
21884,0.4758
21885,0.6243
21886,0.6406
21887,0.6711
21888,0.5518
21889,0.7224
21890,0.6222
21891,0.7306
21892,1.0220
21893,0.5987
21894,0.8310
21895,0.5299
21896,0.5895
21897,0.7248
21898,0.5554
21899,0.8401
21900,0.6983
21901,1.2196
21902,0.2551
21903,1.2190
21904,0.6985
21905,0.6964
21906,0.5621
21907,0.6874
21908,0.5652
21909,0.6295
21910,0.6535
21911,0.9581
21912,0.7191
21913,0.6773
21914,0.5242
21915,1.0988
21916,0.1559
21917,0.6576
21918,0.5996
21919,1.1773
21920,0.3381
21921,0.3845
21922,0.9622
21923,0.8010
21924,0.7283
21925,0.6024
21926,1.0666
21927,0.1095
21928,0.5903
21929,0.8224
21930,0.8860
21931,0.7765
21932,0.4433
21933,0.9503
21934,0.7312
21935,0.5997
21936,0.5593
21937,0.7543
21938,0.7814
21939,0.3089
21940,0.7062
21941,0.7564
21942,0.8213
21943,0.7312
21944,0.5487
21945,0.6305
21946,0.6204
21947,0.6503
21948,0.7028
21949,0.5387
21950,0.6172
21951,0.6507
21952,1.0806
21953,0.7369
21954,0.8848
21955,0.2787
21956,0.6262
21957,0.6131
21958,0.6184
21959,0.7067
21960,0.6382
21961,0.7915
21962,0.8841
21963,1.1408
21964,0.3939
21965,0.7337
21966,0.8321
21967,0.7418
21968,0.5006
21969,1.1356
21970,0.1025
21971,0.5966
21972,1.1149
21973,0.6237
21974,0.6445
21975,0.7641
21976,0.5021
21977,0.6082
21978,0.6332
21979,0.5927
21980,0.7135
21981,0.5756
21982,1.0149
21983,0.7325
21984,0.5386
21985,0.6310
21986,1.8136
21987,0.3421
21988,0.1695
21989,1.1964
21990,0.1101
21991,0.8040
21992,0.8446
21993,0.6126
21994,0.7264
21995,0.6303
21996,0.6254
21997,0.7742
21998,0.5409
21999,0.8165
22000,0.9084
22001,0.1657
22002,0.9251
22003,1.0226
22004,0.6762
22005,0.7642
22006,0.6087
22007,0.7268
22008,0.5164
22009,1.1030
22010,0.1080
22011,0.9075
22012,0.7655
22013,0.6183
22014,0.7961
22015,0.9695
22016,0.6195
22017,0.8011
22018,0.5977
22019,0.6281
22020,0.6380
22021,1.1404
22022,0.6791
22023,0.6430
22024,0.6084
22025,0.7617
22026,0.4034
22027,0.9124
22028,0.3481
22029,0.6451
22030,0.6733
22031,1.4232
22032,0.1636
22033,0.7916
22034,0.4743
22035,0.6777
22036,0.5989
22037,0.7246
22038,0.4995
22039,0.8605
22040,0.4245
22041,0.6470
22042,0.9820
22043,0.6617
22044,0.7595
22045,0.6750
22046,0.5719
22047,0.7190
22048,0.5298
22049,0.8911
22050,0.4276
22051,0.8579
22052,1.2255
22053,0.2254
22054,0.9008
22055,0.6547
22056,1.0598
22057,0.0985
22058,0.6834
22059,0.7500
22060,0.6296
22061,0.5177
22062,0.6934
22063,0.9357
22064,0.6392
22065,0.6218
22066,0.7421
22067,0.7689
22068,0.3836
22069,0.7548
22070,0.4836
22071,0.6253
22072,1.2572
22073,0.8175
22074,0.7940
22075,0.7151
22076,0.7166
22077,0.6427
22078,0.6097
22079,0.7043
22080,0.5504
22081,0.5064
22082,1.0978
22083,0.5242
22084,0.5959
22085,0.7128
22086,0.5542
22087,0.6128
22088,0.6307
22089,0.7475
22090,0.7403
22091,0.5723
22092,0.5412
22093,1.1670
22094,0.5771
22095,0.6810
22096,0.5000
22097,0.6795
22098,0.5498
22099,0.6655
22100,0.6804
22101,0.6326
22102,0.5840
22103,1.0636
22104,0.6609
22105,0.7838
22106,0.6194
22107,0.6512
22108,0.5318
22109,0.7230
22110,0.6088
22111,0.5944
22112,0.5812
22113,1.0677
22114,0.6287
22115,0.7257
22116,0.7402
22117,0.4937
22118,0.7163
22119,1.1056
22120,0.3511
22121,0.4698
22122,0.5654
22123,1.1167
22124,0.7886
22125,0.5436
22126,0.6630
22127,0.6164
22128,0.5388
22129,0.6328
22130,0.6709
22131,0.5861
22132,0.7030
22133,0.9619
22134,0.6703
22135,0.7408
22136,0.9561
22137,0.6042
22138,0.8770
22139,0.6547
22140,0.6142
22141,0.6400
22142,0.7629
22143,0.8917
22144,0.7803
22145,0.7779
22146,0.5463
22147,0.6496
22148,0.6088
22149,0.6481
22150,0.6888
22151,0.5463
22152,0.5957
22153,1.0978
22154,0.6330
22155,0.5932
22156,0.5788
22157,0.7453
22158,0.6081
22159,0.5363
22160,0.6033
22161,0.6678
22162,0.6212
22163,1.0193
22164,0.7550
22165,0.4738
22166,0.6752
22167,0.6175
22168,0.6872
22169,0.6190
22170,0.6295
22171,0.5578
22172,0.6937
22173,0.5971
22174,1.0837
22175,0.7329
22176,0.5792
22177,0.5786
22178,0.6526
22179,0.6067
22180,0.6259
22181,0.8012
22182,0.4750
22183,0.6003
22184,0.9914
22185,0.8246
22186,0.7567
22187,1.7699
22188,0.1461
22189,0.0857
22190,0.6581
22191,0.6261
22192,0.6611
22193,1.0833
22194,0.6996
22195,0.7002
22196,0.9494
22197,0.6275
22198,0.8602
22199,0.6638
22200,0.6542
22201,0.6086
22202,0.5351
22203,0.9446
22204,0.6676
22205,0.6160
22206,0.6919
22207,0.5934
22208,0.6380
22209,0.5842
22210,0.8398
22211,0.4284
22212,0.7249
22213,1.0014
22214,0.6385
22215,0.6372
22216,0.6131
22217,0.6539
22218,0.5785
22219,0.6855
22220,0.5993
22221,0.6211
22222,0.6811
22223,0.9588
22224,0.7431
22225,0.5311
22226,0.7096
22227,0.5303
22228,0.6589
22229,0.6820
22230,0.5235
22231,1.0747
22232,0.2263
22233,0.6659
22234,0.9510
22235,0.6913
22236,0.6821
22237,0.5205
22238,0.7734
22239,0.5256
22240,0.6645
22241,0.5381
22242,0.6687
22243,0.6001
22244,1.1297
22245,0.7757
22246,0.8074
22247,0.7527
22248,0.7698
22249,0.6797
22250,0.6715
22251,0.6355
22252,0.6270
22253,0.9188
22254,1.3093
22255,0.1196
22256,0.5327
22257,0.6313
22258,0.6930
22259,0.4943
22260,0.7082
22261,0.6907
22262,0.5668
22263,0.5684
22264,1.1588
22265,0.7360
22266,0.6882
22267,0.4890
22268,0.6826
22269,0.5063
22270,0.6217
22271,0.7453
22272,0.5497
22273,0.6600
22274,0.9878
22275,0.6603
22276,1.1913
22277,0.1460
22278,0.5018
22279,0.7618
22280,0.6081
22281,0.5511
22282,1.3128
22283,1.3985
22284,0.5230
22285,0.3306
22286,0.8146
22287,0.4326
22288,0.5091
22289,0.6157
22290,0.4896
22291,0.5337
22292,0.8267
22293,0.4524
22294,0.7306
22295,0.9416
22296,0.8504
22297,0.4067
22298,0.7557
22299,0.4888
22300,0.6344
22301,0.6929
22302,0.7787
22303,0.3770
22304,0.6564
22305,0.9635
22306,0.8593
22307,0.6901
22308,0.8212
22309,0.7954
22310,0.6684
22311,0.7633
22312,0.6418
22313,0.6142
22314,0.9784
22315,0.8039
22316,0.9133
22317,0.5965
22318,0.6287
22319,0.5126
22320,0.8126
22321,0.4532
22322,0.6529
22323,0.6861
22324,0.9315
22325,0.8076
22326,0.6602
22327,0.6970
22328,0.6074
22329,0.7268
22330,0.5042
22331,0.7490
22332,0.5220
22333,0.5915
22334,1.1155
22335,0.6587
22336,0.7008
22337,0.5755
22338,0.6218
22339,0.6632
22340,0.6264
22341,0.6209
22342,0.5706
22343,0.8974
22344,0.7918
22345,0.7944
22346,0.4389
22347,0.6950
22348,0.6133
22349,0.5643
22350,0.6552
22351,0.7904
22352,0.5986
22353,0.6672
22354,0.9292
22355,0.5543
22356,0.6658
22357,0.6537
22358,0.5381
22359,0.7205
22360,0.5721
22361,0.5524
22362,0.7578
22363,0.5743
22364,0.7505
22365,0.9934
22366,0.7856
22367,1.3034
22368,0.2499
22369,0.8297
22370,0.7194
22371,0.5784
22372,0.5945
22373,0.7093
22374,0.8754
22375,0.8335
22376,0.7024
22377,0.5311
22378,0.7119
22379,0.6700
22380,0.5291
22381,0.6138
22382,0.7878
22383,0.4905
22384,0.6561
22385,1.0668
22386,0.7108
22387,0.6925
22388,0.6994
22389,0.6792
22390,0.5583
22391,0.6273
22392,0.9027
22393,0.4396
22394,0.5778
22395,0.9219
22396,0.7088
22397,0.8432
22398,0.6192
22399,0.6220
22400,1.2019
22401,0.6390
22402,0.1199
22403,0.5813
22404,0.9909
22405,0.6518
22406,0.7024
22407,0.5512
22408,0.6819
22409,0.5493
22410,0.5934
22411,0.7471
22412,0.6141
22413,1.0831
22414,0.1706
22415,1.2248
22416,0.5730
22417,0.6577
22418,0.4981
22419,0.7273
22420,0.5172
22421,0.7472
22422,0.5325
22423,0.6753
22424,0.6693
22425,1.0398
22426,0.7180
22427,0.8842
22428,0.7485
22429,0.6658
22430,0.6233
22431,0.5679
22432,0.8455
22433,0.4713
22434,0.5989
22435,1.3885
22436,0.4992
22437,0.7327
22438,0.6376
22439,0.6950
22440,0.5415
22441,0.5475
22442,0.8955
22443,0.3741
22444,0.6987
22445,0.9755
22446,0.7074
22447,0.5351
22448,0.7010
22449,0.6132
22450,0.6410
22451,0.6257
22452,0.6289
22453,0.5987
22454,0.7040
22455,0.9087
22456,0.8124
22457,0.9243
22458,0.5570
22459,0.6216
22460,0.5838
22461,0.6848
22462,0.8357
22463,0.3721
22464,0.6064
22465,0.6303
22466,1.0029
22467,0.8397
22468,0.5186
22469,0.6802
22470,0.6010
22471,0.5921
22472,0.6541
22473,0.7468
22474,0.4405
22475,0.6288
22476,1.0496
22477,0.5770
22478,0.8131
22479,0.8037
22480,0.7156
22481,0.8170
22482,0.9206
22483,0.5294
22484,0.6371
22485,1.0965
22486,0.7021
22487,0.6265
22488,0.5306
22489,0.6649
22490,0.6279
22491,0.6705
22492,0.7400
22493,0.4638
22494,0.6167
22495,1.0410
22496,0.7272
22497,0.5733
22498,0.6349
22499,0.6543
22500,0.7005
22501,0.5619
22502,0.5543
22503,0.8076
22504,0.5328
22505,0.5441
22506,1.1548
22507,0.7892
22508,0.4623
22509,0.6731
22510,0.5928
22511,0.6360
22512,0.6769
22513,0.7652
22514,0.4575
22515,0.6018
22516,1.0054
22517,0.7058
22518,0.6238
22519,0.5694
22520,0.6223
22521,0.6935
22522,0.6291
22523,0.5214
22524,0.6790
22525,0.7705
22526,0.9091
22527,0.7099
22528,0.8198
22529,0.4805
22530,0.7383
22531,0.5657
22532,0.6403
22533,0.5290
22534,0.6822
22535,0.7248
22536,0.9564
22537,0.7235
22538,1.0999
22539,0.7938
22540,0.5994
22541,0.7435
22542,0.5566
22543,0.6511
22544,0.6936
22545,0.5777
22546,0.6005
22547,1.5852
22548,0.3206
22549,0.5912
22550,0.5334
22551,0.8235
22552,0.5231
22553,0.7918
22554,0.4126
22555,0.7196
22556,1.0191
22557,0.6039
22558,0.7308
22559,0.5957
22560,0.5380
22561,0.7562
22562,0.8092
22563,0.4947
22564,0.8222
22565,0.4152
22566,0.8225
22567,0.7477
22568,0.6068
22569,0.5262
22570,0.7175
22571,0.6779
22572,0.5909
22573,0.6506
22574,0.5243
22575,0.7082
22576,0.9933
22577,0.7446
22578,0.9370
22579,0.5727
22580,0.5312
22581,0.7303
22582,0.6153
22583,0.6751
22584,0.5057
22585,0.6912
22586,0.6597
22587,0.9992
22588,0.7514
22589,0.5699
22590,0.5842
22591,0.6377
22592,0.6568
22593,0.5566
22594,0.7585
22595,0.5210
22596,0.6517
22597,1.1152
22598,1.2055
22599,0.6086
22600,0.7096
22601,0.7094
22602,0.5815
22603,0.3749
22604,0.6789
22605,0.7392
22606,0.7913
22607,1.0070
22608,0.5721
22609,0.7214
22610,1.0668
22611,0.2547
22612,0.6178
22613,0.8975
22614,0.2993
22615,1.0565
22616,0.6200
22617,0.7041
22618,0.4848
22619,0.6904
22620,0.6181
22621,0.6404
22622,0.6168
22623,0.6331
22624,0.5736
22625,0.6968
22626,0.5598
22627,1.1544
22628,0.7375
22629,0.5200
22630,0.5708
22631,0.6376
22632,0.6293
22633,0.7092
22634,0.7107
22635,0.5866
22636,0.5958
22637,1.6233
22638,0.1639
22639,0.6383
22640,0.5476
22641,0.6147
22642,0.7425
22643,0.5971
22644,0.6387
22645,0.6062
22646,0.7300
22647,1.0934
22648,0.5654
22649,0.7841
22650,0.4956
22651,0.7638
22652,0.5055
22653,0.6492
22654,0.6247
22655,0.6451
22656,0.6390
22657,1.4311
22658,0.4005
22659,1.1908
22660,0.6856
22661,0.5923
22662,0.5999
22663,0.5896
22664,0.5858
22665,0.7458
22666,0.9254
22667,0.6703
22668,0.8238
22669,0.6313
22670,0.5342
22671,0.5843
22672,0.6188
22673,0.6788
22674,0.6743
22675,0.6056
22676,0.5236
22677,0.5699
22678,1.2359
22679,0.6301
22680,0.6378
22681,0.6070
22682,0.8370
22683,0.5575
22684,0.4437
22685,0.6431
22686,0.6179
22687,0.9328
22688,0.7612
22689,0.8020
22690,0.6159
22691,0.6186
22692,1.3353
22693,0.2049
22694,0.4852
22695,0.6656
22696,0.6489
22697,1.1778
22698,0.5623
22699,0.6771
22700,1.1125
22701,0.5039
22702,0.5611
22703,0.5944
22704,0.6548
22705,0.4538
22706,0.8224
22707,0.8111
22708,0.6666
22709,0.6318
22710,0.8279
22711,0.4771
22712,0.9074
22713,0.4367
22714,0.7345
22715,0.6978
22716,0.5391
22717,0.6279
22718,0.7033
22719,0.9947
22720,0.8673
22721,0.6568
22722,0.7467
22723,0.6392
22724,0.8175
22725,0.3618
22726,0.8030
22727,0.9408
22728,0.6880
22729,0.6180
22730,0.5544
22731,0.6649
22732,0.6472
22733,0.5888
22734,0.7344
22735,0.5414
22736,0.6008
22737,0.9535
22738,0.7556
22739,0.6794
22740,0.5576
22741,0.6559
22742,0.7377
22743,0.5340
22744,0.6133
22745,0.7405
22746,0.4903
22747,1.0400
22748,0.6894
22749,0.5750
22750,0.8186
22751,0.4650
22752,0.6674
22753,0.6239
22754,0.6055
22755,0.8258
22756,0.5770
22757,0.5219
22758,1.0499
22759,0.6110
22760,0.6172
22761,0.6142
22762,0.5999
22763,0.6528
22764,0.6130
22765,0.7398
22766,0.5171
22767,0.8262
22768,0.8971
22769,0.6616
22770,0.7558
22771,0.6513
22772,0.5141
22773,1.0335
22774,0.3435
22775,0.4260
22776,0.6277
22777,0.7227
22778,1.0787
22779,0.6701
22780,0.8081
22781,0.8574
22782,1.2488
22783,0.1804
22784,0.6868
22785,0.5349
22786,0.6186
22787,0.6621
22788,1.0047
22789,0.6921
22790,0.8424
22791,0.5470
22792,0.6404
22793,0.7244
22794,0.4883
22795,2.7516
22796,0.5156
22797,0.4530
22798,0.5107
22799,1.0260
22800,0.5152
22801,0.8462
22802,0.7525
22803,0.4145
22804,0.5466
22805,1.0333
22806,0.5927
22807,0.7368
22808,0.5816
22809,0.5610
22810,0.6108
22811,0.7956
22812,0.6643
22813,0.4267
22814,0.6649
22815,0.6770
22816,1.1690
22817,0.5844
22818,0.6001
22819,0.8321
22820,0.6996
22821,0.6367
22822,0.5087
22823,0.6502
22824,0.6772
22825,1.0617
22826,0.6945
22827,0.9658
22828,0.6750
22829,0.6783
22830,0.6695
22831,0.6596
22832,0.5783
22833,0.6965
22834,0.6130
22835,0.9747
22836,0.8261
22837,0.4400
22838,0.7726
22839,0.5498
22840,0.5753
22841,0.6286
22842,0.5902
22843,0.6640
22844,0.6758
22845,0.6063
22846,0.7119
22847,1.0666
22848,0.6004
22849,0.6067
22850,0.6197
22851,0.7929
22852,0.5241
22853,0.6358
22854,0.5850
22855,0.6741
22856,0.9275
22857,0.6847
22858,0.5902
22859,0.6372
22860,0.6346
22861,1.3867
22862,0.2876
22863,0.9373
22864,0.4639
22865,0.7666
22866,0.3251
22867,0.4908
22868,0.4966
22869,0.9590
22870,0.9316
22871,0.6346
22872,0.6228
22873,0.6183
22874,0.7529
22875,0.5997
22876,0.5425
22877,0.7231
22878,0.9594
22879,0.5983
22880,0.6279
22881,0.5862
22882,0.6717
22883,0.6268
22884,0.6460
22885,0.6713
22886,1.0530
22887,1.1725
22888,0.6394
22889,0.3888
22890,0.4734
22891,0.9283
22892,0.7809
22893,0.6912
22894,0.6427
22895,0.6021
22896,1.1112
22897,0.5882
22898,0.8932
22899,0.6142
22900,0.7365
22901,0.5247
22902,0.6891
22903,0.6691
22904,0.5043
22905,0.6672
22906,1.0831
22907,0.6243
22908,0.7359
22909,0.5851
22910,0.6629
22911,0.6180
22912,0.6330
22913,0.7108
22914,0.6083
22915,0.6102
22916,1.0347
22917,0.7786
22918,0.5067
22919,0.6490
22920,0.5834
22921,0.6476
22922,0.6342
22923,0.5755
22924,0.6196
22925,0.6870
22926,0.9687
22927,0.6861
22928,0.6119
22929,0.6350
22930,0.8689
22931,0.4097
22932,0.7005
22933,0.5513
22934,0.7368
22935,0.5663
22936,0.5752
22937,1.1508
22938,0.7273
22939,0.7682
22940,0.5380
22941,0.6507
22942,0.6444
22943,0.5856
22944,0.8282
22945,0.4175
22946,0.6862
22947,0.9192
22948,0.7147
22949,0.8058
22950,0.8913
22951,0.7821
22952,0.6587
22953,0.8917
22954,0.3602
22955,0.7555
22956,0.8943
22957,0.7673
22958,0.5670
22959,0.6040
22960,0.6012
22961,0.6332
22962,0.5630
22963,0.6515
22964,0.6418
22965,0.6187
22966,0.9026
22967,0.7980
22968,0.9538
22969,0.5584
22970,0.6344
22971,0.5890
22972,0.6709
22973,0.5775
22974,0.7500
22975,0.5469
22976,0.6281
22977,0.9316
22978,0.7819
22979,0.6974
22980,0.6703
22981,0.7124
22982,0.8173
22983,0.2727
22984,0.6849
22985,0.6186
22986,0.6170
22987,1.0972
22988,0.6595
22989,0.6842
22990,0.6251
22991,0.5357
22992,0.6883
22993,0.5451
22994,0.8057
22995,0.6083
22996,0.8979
22997,0.6690
22998,0.7273
22999,0.5498
23000,0.6764
23001,0.5157
23002,0.7327
23003,0.6113
23004,0.5734
23005,0.6187
23006,0.6354
23007,1.0267
23008,0.6741
23009,0.7880
23010,0.8942
23011,0.7945
23012,0.6068
23013,0.6009
23014,0.8494
23015,0.4835
23016,0.5840
23017,1.1319
23018,0.7962
23019,0.6238
23020,0.5642
23021,0.5483
23022,0.6696
23023,0.5759
23024,0.8973
23025,0.5935
23026,0.6641
23027,0.8836
23028,0.6931
23029,0.8385
23030,0.6491
23031,0.5213
23032,0.6652
23033,0.5689
23034,0.8328
23035,0.5015
23036,0.5679
23037,1.1237
23038,0.6736
23039,0.6730
23040,0.6888
23041,0.5097
23042,0.5970
23043,0.9078
23044,0.4051
23045,0.8351
23046,0.4524
23047,0.6786
23048,0.8794
23049,0.6206
23050,0.7286
23051,0.5403
23052,0.5784
23053,0.6946
23054,0.5574
23055,0.6872
23056,0.7119
23057,1.0221
23058,0.7471
23059,0.7416
23060,0.8996
23061,0.7529
23062,0.7147
23063,0.5256
23064,0.8706
23065,0.8415
23066,0.2512
23067,1.0464
23068,0.5299
23069,0.6880
23070,0.6179
23071,0.5200
23072,0.7293
23073,0.5850
23074,0.6063
23075,0.6219
23076,0.6782
23077,0.9692
23078,0.6362
23079,0.7409
23080,0.5286
23081,0.6795
23082,0.5625
23083,0.6048
23084,0.6159
23085,0.7482
23086,0.6258
23087,0.5646
23088,1.6617
23089,0.2464
23090,0.4462
23091,0.7194
23092,0.6100
23093,0.5717
23094,0.6713
23095,0.8000
23096,0.4710
23097,0.5736
23098,0.9657
23099,0.7568
23100,0.6158
23101,0.5139
23102,0.7459
23103,0.5930
23104,0.6237
23105,0.6330
23106,0.6362
23107,0.6436
23108,0.6287
23109,1.0639
23110,0.6888
23111,0.9640
23112,0.5968
23113,0.6106
23114,0.6170
23115,0.8447
23116,0.4885
23117,0.5716
23118,0.9837
23119,0.6531
23120,0.8557
23121,0.6939
23122,0.7414
23123,0.8585
23124,0.7439
23125,0.6611
23126,0.6655
23127,1.4461
23128,0.1189
23129,0.8574
23130,0.5471
23131,0.6694
23132,0.6848
23133,0.7894
23134,0.6226
23135,0.4094
23136,0.6715
23137,1.0948
23138,0.7539
23139,0.5577
23140,0.6690
23141,0.5431
23142,0.5905
23143,0.6246
23144,0.6540
23145,1.0652
23146,0.1967
23147,0.6960
23148,0.9664
23149,0.6549
23150,0.7573
23151,0.6341
23152,0.7010
23153,0.5461
23154,0.6305
23155,0.7325
23156,0.5926
23157,1.1081
23158,0.6195
23159,0.5945
23160,0.7096
23161,0.5760
23162,0.7019
23163,0.5942
23164,0.6472
23165,0.5053
23166,0.6605
23167,0.6312
23168,1.0246
23169,0.7645
23170,0.6703
23171,0.7040
23172,0.6228
23173,0.5134
23174,0.7342
23175,0.6419
23176,0.5869
23177,0.6421
23178,1.0925
23179,0.7893
23180,0.7453
23181,0.8009
23182,0.8144
23183,0.7257
23184,0.5829
23185,0.5765
23186,0.7071
23187,0.5972
23188,1.0010
23189,0.7349
23190,0.6907
23191,0.6766
23192,0.6216
23193,0.5464
23194,0.6198
23195,0.8578
23196,0.4512
23197,0.5699
23198,0.9784
23199,0.6806
23200,0.7439
23201,0.8548
23202,0.5054
23203,0.6044
23204,0.6044
23205,0.7781
23206,0.5276
23207,0.9017
23208,0.6891
23209,1.0103
23210,0.6486
23211,0.5428
23212,0.6129
23213,0.6340
23214,0.6945
23215,0.8255
23216,0.4030
23217,0.6358
23218,0.9363
23219,0.6676
23220,0.5900
23221,0.6848
23222,0.5925
23223,0.6292
23224,0.6177
23225,0.7585
23226,0.4971
23227,0.6766
23228,1.0742
23229,0.6461
23230,0.6444
23231,0.6165
23232,0.6630
23233,0.6762
23234,0.5272
23235,0.7103
23236,0.5469
23237,0.6827
23238,0.9709
23239,0.7400
23240,0.8403
23241,0.7626
23242,0.8026
23243,0.7674
23244,0.6521
23245,0.9110
23246,0.9452
23247,0.2124
23248,0.5598
23249,0.9703
23250,0.5188
23251,0.6476
23252,0.7054
23253,0.6141
23254,0.6419
23255,0.6210
23256,0.5929
23257,0.6462
23258,1.0570
23259,0.6184
23260,0.7312
23261,0.5010
23262,0.7183
23263,0.5361
23264,0.6910
23265,0.7274
23266,0.5074
23267,0.6657
23268,1.0603
23269,0.7817
23270,0.5754
23271,0.7436
23272,0.5348
23273,0.6216
23274,0.7133
23275,0.5359
23276,0.9903
23277,0.3974
23278,0.5537
23279,1.0692
23280,0.6553
23281,0.8726
23282,0.6035
23283,0.5516
23284,0.7089
23285,0.5098
23286,0.7015
23287,0.7086
23288,0.8984
23289,0.6856
23290,0.7879
23291,0.8375
23292,0.7957
23293,0.7242
23294,0.5852
23295,0.5882
23296,0.6714
23297,0.6580
23298,1.1151
23299,0.7892
23300,0.7113
23301,0.5269
23302,0.5972
23303,0.7343
23304,0.6722
23305,0.6434
23306,0.5454
23307,0.6012
23308,0.9648
23309,0.8164
23310,0.4741
23311,0.7304
23312,0.5446
23313,0.6966
23314,0.6082
23315,0.5796
23316,0.6397
23317,0.6529
23318,1.1067
23319,0.6360
23320,0.5684
23321,0.6433
23322,0.5463
23323,0.6954
23324,0.5674
23325,0.7420
23326,0.6608
23327,0.5010
23328,0.6681
23329,1.0697
23330,0.6675
23331,0.5840
23332,0.6432
23333,0.6933
23334,0.5585
23335,0.7070
23336,0.8252
23337,0.9118
23338,0.3713
23339,0.8780
23340,0.4804
23341,0.6071
23342,0.7231
23343,0.5282
23344,0.7297
23345,0.4864
23346,0.6408
23347,0.6985
23348,0.6217
23349,1.1032
23350,0.7601
23351,1.1256
23352,0.6677
23353,0.7193
23354,0.5972
23355,0.5863
23356,0.8081
23357,0.5431
23358,0.6029
23359,1.3146
23360,0.2794
23361,0.7328
23362,0.5779
23363,0.6328
23364,0.6002
23365,0.6796
23366,0.6989
23367,0.5328
23368,0.7411
23369,0.8134
23370,0.6693
23371,0.5955
23372,0.7259
23373,0.6712
23374,0.6423
23375,0.5706
23376,0.5233
23377,0.6503
23378,0.6717
23379,1.0985
23380,0.8504
23381,0.4866
23382,0.8224
23383,0.3664
23384,0.6131
23385,0.7424
23386,0.5939
23387,0.6257
23388,0.6303
23389,0.9434
23390,0.7811
23391,0.8793
23392,0.3913
23393,0.6901
23394,0.6583
23395,0.6313
23396,0.5057
23397,0.7834
23398,0.6035
23399,0.5849
23400,1.1929
23401,0.5121
23402,0.5969
23403,0.7197
23404,0.9003
23405,0.2880
23406,0.6093
23407,0.6822
23408,0.5844
23409,0.6485
23410,1.0109
23411,0.6733
23412,0.8550
23413,0.8203
23414,0.6355
23415,0.8532
23416,0.6260
23417,0.6336
23418,0.6460
23419,0.9287
23420,0.8280
23421,0.8811
23422,0.6136
23423,0.6344
23424,0.4958
23425,0.6701
23426,0.8646
23427,0.3833
23428,0.6620
23429,1.0082
23430,0.7408
23431,0.6176
23432,0.5358
23433,0.6422
23434,0.6218
23435,0.6302
23436,0.6004
23437,0.8141
23438,0.4746
23439,0.6413
23440,1.0606
23441,0.5096
23442,0.6626
23443,0.5374
23444,0.6661
23445,0.6182
23446,0.6358
23447,0.6415
23448,0.6198
23449,0.6866
23450,1.5120
23451,0.2782
23452,0.6911
23453,0.5205
23454,0.6833
23455,0.5826
23456,0.7258
23457,0.5402
23458,0.5940
23459,0.7476
23460,0.8801
23461,0.7819
23462,0.5194
23463,0.6923
23464,0.5969
23465,0.5522
23466,0.6134
23467,0.7312
23468,0.6340
23469,0.5454
23470,1.1265
23471,0.7128
23472,1.2205
23473,0.6611
23474,0.6289
23475,0.7184
23476,0.6216
23477,0.7566
23478,0.4281
23479,0.6360
23480,1.0074
23481,0.6998
23482,0.7845
23483,0.7450
23484,0.4684
23485,0.6766
23486,0.5743
23487,0.6270
23488,0.6391
23489,0.7319
23490,0.8417
23491,0.7888
23492,0.6545
23493,0.6577
23494,0.6541
23495,0.6319
23496,0.6813
23497,0.6416
23498,0.4911
23499,0.7215
23500,1.0692
23501,0.7383
23502,0.5711
23503,0.5648
23504,0.6231
23505,0.5997
23506,0.7410
23507,0.6002
23508,0.8213
23509,0.4038
23510,0.6464
23511,1.0547
23512,0.6187
23513,0.7009
23514,0.5031
23515,0.6792
23516,0.6077
23517,1.1791
23518,0.6181
23519,0.1739
23520,0.6100
23521,1.0640
23522,0.8409
23523,0.5861
23524,0.9826
23525,0.7126
23526,0.6877
23527,0.5751
23528,0.6534
23529,0.6225
23530,1.0015
23531,0.6553
23532,0.7045
23533,0.5893
23534,0.5397
23535,0.7447
23536,0.5156
23537,0.6845
23538,0.7107
23539,0.6046
23540,0.6271
23541,1.2052
23542,0.5183
23543,0.5832
23544,0.6445
23545,0.6277
23546,0.6951
23547,0.5090
23548,0.7566
23549,0.5851
23550,0.5836
23551,1.1499
23552,0.5266
23553,0.5864
23554,0.7174
23555,0.5326
23556,0.6778
23557,0.6026
23558,0.6996
23559,0.5557
23560,0.6975
23561,0.9530
23562,0.7147
23563,0.7288
23564,0.4752
23565,0.5975
23566,0.6028
23567,0.6663
23568,0.6759
23569,0.6840
23570,0.5203
23571,0.5862
23572,1.1560
23573,0.6801
23574,0.5591
23575,0.7308
23576,0.6225
23577,0.5556
23578,0.6217
23579,0.7852
23580,0.4931
23581,1.0723
23582,0.7563
23583,0.9279
23584,0.6634
23585,1.3050
23586,0.1938
23587,0.4154
23588,0.6051
23589,0.8245
23590,0.5092
23591,0.5946
23592,1.0791
23593,0.7166
23594,0.7350
23595,0.5154
23596,0.5848
23597,0.5928
23598,0.7990
23599,0.6007
23600,0.5903
23601,0.5395
23602,1.0104
23603,0.7454
23604,0.5691
23605,0.5627
23606,0.6532
23607,0.7193
23608,1.1142
23609,0.1191
23610,0.6283
23611,0.6096
23612,0.9904
23613,0.7529
23614,0.5952
23615,0.6226
23616,0.5135
23617,0.8097
23618,0.5524
23619,0.5590
23620,0.7428
23621,0.6044
23622,0.5928
23623,1.0886
23624,0.6173
23625,0.6581
23626,0.6030
23627,0.6015
23628,0.6344
23629,0.6561
23630,0.8244
23631,0.5740
23632,0.5528
23633,0.6984
23634,0.8889
23635,0.6160
23636,0.7303
23637,0.5881
23638,0.6401
23639,0.5151
23640,0.7395
23641,0.5703
23642,0.6285
23643,1.1263
23644,0.7152
23645,0.7526
23646,0.9118
23647,0.7463
23648,0.7322
23649,0.5546
23650,0.7476
23651,0.5588
23652,0.6006
23653,0.9494
23654,1.2924
23655,0.2507
23656,0.3962
23657,0.7062
23658,0.6174
23659,0.6315
23660,0.7079
23661,0.4709
23662,0.6938
23663,1.0113
23664,0.7268
23665,0.8062
23666,0.5557
23667,0.7360
23668,0.6165
23669,0.6102
23670,0.7276
23671,0.5011
23672,0.6371
23673,0.9699
23674,0.7430
23675,0.5583
23676,0.6826
23677,0.6410
23678,0.5817
23679,0.6263
23680,0.6868
23681,0.5469
23682,0.7153
23683,0.8736
23684,0.7186
23685,0.7760
23686,0.6676
23687,0.5273
23688,0.6094
23689,0.7308
23690,0.5169
23691,0.7573
23692,0.6100
23693,0.5180
23694,1.2023
23695,0.6724
23696,0.6186
23697,0.5188
23698,0.6761
23699,0.5749
23700,0.6833
23701,0.8109
23702,0.5545
23703,1.0706
23704,0.5760
23705,0.8990
23706,0.7825
23707,0.7409
23708,0.6187
23709,0.5225
23710,0.6327
23711,0.6514
23712,0.6848
23713,1.2841
23714,0.3579
23715,0.9588
23716,0.7225
23717,0.5665
23718,0.6798
23719,0.5872
23720,0.5958
23721,0.6046
23722,0.6594
23723,1.0449
23724,0.6172
23725,0.6027
23726,0.6952
23727,0.5484
23728,0.6953
23729,0.5814
23730,0.5927
23731,0.7425
23732,0.5667
23733,0.5340
23734,1.1354
23735,0.5365
23736,0.7092
23737,0.5406
23738,0.5934
23739,0.7415
23740,0.6141
23741,0.5648
23742,1.7376
23743,0.2056
23744,0.7942
23745,0.5140
23746,0.6376
23747,0.7010
23748,0.5261
23749,0.6544
23750,0.6150
23751,0.9168
23752,0.3983
23753,0.6342
23754,1.1150
23755,0.8197
23756,0.6664
23757,0.8280
23758,0.6622
23759,0.6524
23760,0.5255
23761,0.6849
23762,0.6714
23763,1.0170
23764,0.6934
23765,0.6760
23766,0.6213
23767,0.6170
23768,0.5898
23769,0.6070
23770,0.6483
23771,0.6908
23772,0.5810
23773,0.9637
23774,0.7277
23775,0.6361
23776,0.5140
23777,0.6566
23778,0.5985
23779,0.6345
23780,0.6449
23781,0.6817
23782,0.6106
23783,0.6627
23784,1.0870
23785,0.6375
23786,0.5970
23787,0.6372
23788,0.5876
23789,0.6523
23790,0.6278
23791,0.8790
23792,0.6199
23793,0.5472
23794,0.5553
23795,1.0325
23796,0.5378
23797,0.5785
23798,0.7037
23799,0.6172
23800,0.7170
23801,0.4569
23802,0.7782
23803,0.5132
23804,0.7684
23805,0.7885
23806,0.6661
23807,0.6593
23808,0.6385
23809,0.5981
23810,0.7316
23811,0.5415
23812,0.6245
23813,0.6821
23814,0.6588
23815,1.2521
23816,0.6094
23817,1.0388
23818,0.5988
23819,0.6404
23820,0.7011
23821,0.5509
23822,0.7193
23823,0.5807
23824,0.6212
23825,0.9339
23826,0.7692
23827,0.7788
23828,0.5384
23829,0.6387
23830,0.6149
23831,0.7038
23832,0.7188
23833,0.4851
23834,0.7101
23835,1.0178
23836,0.7383
23837,0.6210
23838,0.5938
23839,0.6202
23840,0.6480
23841,0.6192
23842,0.5701
23843,0.6285
23844,0.6610
23845,0.9941
23846,0.6877
23847,0.7711
23848,0.6549
23849,0.6303
23850,0.5543
23851,0.6601
23852,0.7973
23853,0.4165
23854,0.8267
23855,0.8045
23856,0.7444
23857,0.6489
23858,1.0738
23859,0.2995
23860,0.8281
23861,0.5792
23862,0.4084
23863,0.6619
23864,0.7009
23865,0.5558
23866,0.6168
23867,1.2791
23868,0.5251
23869,0.5719
23870,0.7329
23871,0.5826
23872,0.6806
23873,0.6530
23874,0.4767
23875,0.6706
23876,1.0596
23877,0.8858
23878,0.7528
23879,0.7922
23880,0.5275
23881,1.2654
23882,0.3782
23883,0.2509
23884,0.6781
23885,1.0622
23886,0.6421
23887,0.6401
23888,0.6323
23889,0.6572
23890,0.6180
23891,0.5503
23892,0.6990
23893,0.6681
23894,0.5783
23895,0.6284
23896,1.0652
23897,0.5940
23898,0.6191
23899,0.6315
23900,0.6373
23901,0.6033
23902,0.6445
23903,0.7036
23904,0.5178
23905,0.6976
23906,1.3054
23907,0.5059
23908,0.7553
23909,0.6170
23910,0.5494
23911,0.7001
23912,0.6261
23913,0.7177
23914,0.4778
23915,0.6382
23916,0.9629
23917,0.7815
23918,0.7479
23919,0.5562
23920,0.7209
23921,0.5559
23922,0.6799
23923,0.6065
23924,0.5964
23925,0.6738
23926,0.9773
23927,0.7334
23928,0.6002
23929,0.6296
23930,0.6070
23931,0.6718
23932,0.5206
23933,0.7172
23934,0.6732
23935,0.6266
23936,0.6411
23937,1.1843
23938,0.7985
23939,0.7909
23940,0.7157
23941,0.6450
23942,0.6159
23943,0.7255
23944,0.4925
23945,0.6219
23946,1.0077
23947,0.7994
23948,0.4410
23949,1.2074
23950,0.2571
23951,0.5787
23952,0.5330
23953,0.6628
23954,0.5613
23955,0.6927
23956,0.9807
23957,0.7759
23958,0.9282
23959,0.5890
23960,0.5886
23961,0.6616
23962,0.5936
23963,0.6586
23964,0.5847
23965,0.6118
23966,1.0372
23967,0.7034
23968,0.6185
23969,0.5483
23970,0.6877
23971,0.6080
23972,0.6572
23973,0.5812
23974,0.8546
23975,0.5814
23976,0.4714
23977,1.0057
23978,0.7092
23979,0.5289
23980,0.6319
23981,0.5843
23982,0.6373
23983,0.7083
23984,0.5253
23985,0.6593
23986,0.6825
23987,1.0339
23988,0.7254
23989,0.9108
23990,0.7750
23991,0.7954
23992,0.6057
23993,0.6626
23994,0.5840
23995,0.8275
23996,0.8078
23997,0.7234
23998,0.5634
23999,0.7507
24000,0.5080
24001,0.6001
24002,0.6234
24003,0.6710
24004,0.7007
24005,0.5273
24006,0.7347
24007,1.0078
24008,0.7298
24009,0.4978
24010,0.7048
24011,0.6201
24012,0.5491
24013,0.7040
24014,0.5350
24015,0.6819
24016,0.6683
24017,1.3286
24018,0.2786
24019,0.6237
24020,0.6526
24021,0.6811
24022,0.5928
24023,0.6615
24024,0.6310
24025,0.5921
24026,0.6665
24027,1.0325
24028,0.7588
24029,0.6189
24030,0.6130
24031,0.5641
24032,0.6893
24033,0.5314
24034,0.6924
24035,0.7414
24036,0.5366
24037,0.6163
24038,0.9514
24039,0.7947
24040,0.7600
24041,0.5610
24042,0.6866
24043,0.5504
24044,0.6829
24045,0.7041
24046,0.5075
24047,0.6528
24048,1.0490
24049,0.8369
24050,0.7454
24051,0.7847
24052,0.6246
24053,0.5670
24054,0.6881
24055,0.6179
24056,0.6596
24057,0.9031
24058,0.7564
24059,0.8418
24060,0.6917
24061,0.6514
24062,0.6628
24063,0.5449
24064,0.6527
24065,0.5807
24066,0.6884
24067,0.8942
24068,0.7574
24069,0.7067
24070,0.6472
24071,0.6098
24072,0.8005
24073,0.4740
24074,0.6126
24075,0.7247
24076,0.5718
24077,0.6284
24078,1.1073
24079,0.7057
24080,0.6173
24081,0.5878
24082,0.5822
24083,0.6338
24084,0.6555
24085,0.9768
24086,0.2643
24087,0.6621
24088,0.9319
24089,0.7631
24090,0.6786
24091,0.7186
24092,0.5201
24093,0.7518
24094,0.5714
24095,0.8296
24096,0.4451
24097,0.6842
24098,0.8787
24099,0.8212
24100,0.6810
24101,0.5624
24102,0.7260
24103,0.5412
24104,0.7249
24105,0.5731
24106,0.6852
24107,0.5906
24108,0.9155
24109,0.7621
24110,0.8361
24111,0.8274
24112,0.7119
24113,0.8807
24114,0.7143
24115,0.6639
24116,0.6535
24117,1.0046
24118,0.7242
24119,0.5776
24120,0.6054
24121,0.6118
24122,0.6305
24123,0.6757
24124,0.6598
24125,0.5953
24126,0.6426
24127,1.0939
24128,0.7307
24129,0.5156
24130,0.6642
24131,0.6482
24132,0.6598
24133,0.6162
24134,0.6138
24135,0.6420
24136,0.6675
24137,0.9202
24138,0.7154
24139,0.5274
24140,0.6942
24141,0.6245
24142,0.5938
24143,0.5792
24144,0.7340
24145,0.6048
24146,0.5800
24147,0.6556
24148,1.1192
24149,0.6854
24150,0.5188
24151,0.7157
24152,0.7725
24153,0.6134
24154,0.4665
24155,0.6304
24156,0.6256
24157,0.5907
24158,1.0024
24159,0.6819
24160,0.6101
24161,0.5967
24162,0.6547
24163,0.5557
24164,0.7129
24165,0.5394
24166,0.7420
24167,0.8141
24168,0.8582
24169,0.7375
24170,0.8690
24171,0.7467
24172,0.7471
24173,0.5391
24174,1.1107
24175,0.1606
24176,0.6490
24177,0.5864
24178,0.9964
24179,0.6617
24180,0.9402
24181,0.6160
24182,0.6611
24183,0.7312
24184,0.4695
24185,0.6473
24186,0.6351
24187,0.6674
24188,0.9211
24189,0.6836
24190,0.6766
24191,0.6006
24192,0.6317
24193,0.5267
24194,0.6613
24195,0.5884
24196,0.8054
24197,0.5181
24198,0.6180
24199,1.1001
24200,0.6540
24201,0.5990
24202,0.6018
24203,0.7403
24204,0.6316
24205,0.5019
24206,0.6521
24207,0.6906
24208,0.6553
24209,0.9152
24210,0.7106
24211,0.7332
24212,0.6978
24213,0.5408
24214,0.6226
24215,0.5870
24216,0.6225
24217,0.6574
24218,0.6873
24219,0.9520
24220,0.6784
24221,0.8247
24222,0.8320
24223,0.7021
24224,0.7832
24225,0.6983
24226,0.6217
24227,0.5141
24228,0.6456
24229,1.0439
24230,0.7463
24231,0.8069
24232,0.5650
24233,0.6646
24234,0.5359
24235,0.6428
24236,0.9353
24237,0.3402
24238,0.6215
24239,0.9353
24240,0.7345
24241,0.7862
24242,0.7057
24243,0.5056
24244,0.7093
24245,0.6316
24246,0.7985
24247,0.3747
24248,0.6751
24249,1.0131
24250,0.7278
24251,0.5521
24252,0.6421
24253,0.6532
24254,0.5482
24255,0.7463
24256,0.6096
24257,0.5652
24258,0.7285
24259,0.8538
24260,0.6883
24261,0.8244
24262,0.5867
24263,0.5857
24264,0.7090
24265,0.6125
24266,0.7191
24267,0.5460
24268,0.6071
24269,0.9953
24270,0.8011
24271,0.5727
24272,0.5608
24273,0.7150
24274,0.6279
24275,0.5699
24276,0.5957
24277,0.8062
24278,0.4900
24279,0.6138
24280,1.2534
24281,0.6485
24282,0.7601
24283,0.7378
24284,0.6660
24285,0.5560
24286,0.7049
24287,0.7221
24288,0.6999
24289,0.4548
24290,0.9005
24291,0.6578
24292,0.7916
24293,0.5664
24294,0.7586
24295,0.6217
24296,0.5471
24297,0.8161
24298,0.4203
24299,0.6849
24300,0.9695
24301,0.7974
24302,0.7626
24303,0.7067
24304,0.6303
24305,0.6108
24306,0.6253
24307,0.6000
24308,0.6689
24309,0.8487
24310,0.7651
24311,0.8642
24312,0.3192
24313,0.7253
24314,0.4886
24315,0.8099
24316,0.5283
24317,0.6896
24318,0.5681
24319,0.6357
24320,0.6307
24321,1.0107
24322,0.7741
24323,0.5110
24324,0.7881
24325,0.4451
24326,0.7451
24327,0.6373
24328,0.5300
24329,0.7230
24330,0.6297
24331,0.8243
24332,0.8191
24333,0.5972
24334,0.5388
24335,0.6884
24336,0.6614
24337,0.5443
24338,0.5950
24339,0.6794
24340,0.6791
24341,1.1033
24342,0.7474
24343,0.7423
24344,0.7127
24345,0.5566
24346,0.6530
24347,0.6143
24348,0.7549
24349,0.4229
24350,0.6563
24351,1.0664
24352,0.6149
24353,0.7337
24354,0.5695
24355,0.5803
24356,0.7730
24357,0.5272
24358,0.7455
24359,0.4829
24360,0.7051
24361,0.6065
24362,1.0024
24363,0.7237
24364,0.6124
24365,0.7067
24366,0.6761
24367,0.5102
24368,0.7339
24369,0.5276
24370,0.7453
24371,0.5162
24372,1.0725
24373,0.7392
24374,0.7962
24375,0.6496
24376,0.5757
24377,0.6149
24378,0.6575
24379,1.1045
24380,0.1485
24381,0.6176
24382,0.9340
24383,0.7717
24384,0.5283
24385,0.6553
24386,0.6323
24387,0.5221
24388,0.7902
24389,0.6633
24390,0.5075
24391,0.6350
24392,1.0204
24393,0.8071
24394,0.7532
24395,0.5333
24396,0.6815
24397,0.5862
24398,0.6211
24399,0.7767
24400,0.4859
24401,0.6201
24402,0.9705
24403,0.6854
24404,0.7222
24405,0.9084
24406,0.7697
24407,0.6841
24408,0.7272
24409,0.5878
24410,0.6166
24411,0.6084
24412,1.0559
24413,0.5637
24414,0.6859
24415,0.5172
24416,0.7078
24417,0.6050
24418,0.6886
24419,0.6949
24420,0.4343
24421,0.6785
24422,1.0049
24423,0.7186
24424,0.5697
24425,0.6908
24426,0.5608
24427,0.6755
24428,0.5887
24429,0.6895
24430,0.5566
24431,0.7453
24432,0.8292
24433,0.7653
24434,0.7425
24435,0.5753
24436,0.6739
24437,0.6165
24438,0.5453
24439,0.6921
24440,0.8785
24441,0.4940
24442,0.6940
24443,0.8048
24444,0.6710
24445,0.9006
24446,0.6638
24447,1.4720
24448,0.1991
24449,0.4393
24450,0.6075
24451,0.7443
24452,0.9609
24453,0.6485
24454,0.8324
24455,0.7964
24456,0.6544
24457,0.6810
24458,0.6117
24459,0.6728
24460,0.5528
24461,0.6370
24462,0.9311
24463,0.7473
24464,0.7531
24465,0.5934
24466,0.6623
24467,0.6171
24468,0.6284
24469,0.7275
24470,0.4822
24471,0.6209
24472,1.1279
24473,0.6328
24474,0.7655
24475,0.6605
24476,0.6359
24477,0.6829
24478,0.6048
24479,0.5643
24480,0.6276
24481,0.6669
24482,0.7055
24483,0.8812
24484,0.7299
24485,0.6020
24486,0.6405
24487,0.5768
24488,0.6659
24489,0.5971
24490,0.8166
24491,0.4345
24492,0.9455
24493,0.7140
24494,0.7576
24495,0.6652
24496,0.7842
24497,0.7168
24498,0.5925
24499,0.5982
24500,0.6786
24501,0.5851
24502,1.0164
24503,0.5705
24504,0.6786
24505,0.6539
24506,0.5413
24507,0.6849
24508,0.5950
24509,0.6973
24510,0.7162
24511,0.4977
24512,0.7073
24513,1.0362
24514,0.7673
24515,0.6734
24516,0.8743
24517,0.7364
24518,0.6876
24519,0.9201
24520,0.3952
24521,0.5384
24522,0.6786
24523,0.9078
24524,0.6544
24525,0.7570
24526,0.5783
24527,0.5530
24528,0.7221
24529,0.5316
24530,0.8430
24531,0.4604
24532,0.5873
24533,0.8968
24534,0.6521
24535,0.6173
24536,0.6110
24537,1.4214
24538,0.2345
24539,0.2923
24540,0.6020
24541,0.6811
24542,0.6306
24543,1.1138
24544,0.5654
24545,0.8138
24546,0.6131
24547,0.6120
24548,0.6771
24549,0.5556
24550,0.6967
24551,0.5823
24552,0.6857
24553,0.8887
24554,0.7068
24555,0.7737
24556,0.5674
24557,0.7196
24558,0.7050
24559,0.4577
24560,0.5842
24561,0.6831
24562,0.7054
24563,1.0747
24564,0.7164
24565,0.6306
24566,0.4694
24567,0.7334
24568,0.6119
24569,0.5655
24570,0.6577
24571,0.6036
24572,0.6504
24573,1.0257
24574,0.7648
24575,0.8071
24576,0.7250
24577,0.7564
24578,0.6385
24579,0.6206
24580,0.6392
24581,0.6173
24582,0.6417
24583,0.9784
24584,0.6584
24585,0.6458
24586,0.5717
24587,0.6966
24588,0.6595
24589,0.5621
24590,0.6282
24591,0.6058
24592,0.6204
24593,0.5967
24594,0.6818
24595,1.0106
24596,0.7066
24597,0.6104
24598,0.5628
24599,0.6948
24600,0.5862
24601,0.6681
24602,0.6125
24603,0.7048
24604,0.8464
24605,1.3594
24606,0.2305
24607,0.5513
24608,0.6823
24609,0.6167
24610,0.5462
24611,0.7136
24612,0.5362
24613,0.6504
24614,1.0537
24615,0.6656
24616,0.6506
24617,0.6040
24618,0.6659
24619,0.6287
24620,0.6649
24621,0.5818
24622,0.7556
24623,0.5499
24624,0.5849
24625,0.9241
24626,0.7441
24627,0.7671
24628,0.7955
24629,0.4459
24630,0.6484
24631,0.6302
24632,0.7255
24633,0.5802
24634,0.6146
24635,0.9297
24636,0.6180
24637,1.0174
24638,0.7599
24639,0.6304
24640,0.9088
24641,0.7654
24642,0.6717
24643,0.6553
24644,0.9026
24645,0.8104
24646,0.5764
24647,0.5859
24648,0.6192
24649,0.6202
24650,0.6885
24651,0.5740
24652,0.9872
24653,0.3182
24654,0.6205
24655,0.9433
24656,0.6048
24657,0.6195
24658,0.6446
24659,0.6127
24660,0.5508
24661,0.7125
24662,0.7425
24663,0.4854
24664,0.6786
24665,1.0220
24666,0.6886
24667,0.7923
24668,0.6829
24669,1.0558
24670,0.1843
24671,0.5922
24672,0.5951
24673,1.5560
24674,0.6688
24675,0.6728
24676,0.4186
24677,0.2380
24678,0.5929
24679,0.7931
24680,0.5022
24681,0.6126
24682,0.6369
24683,0.6395
24684,0.6457
24685,0.9261
24686,0.5036
24687,1.1092
24688,0.9703
24689,0.6729
24690,0.7735
24691,0.6648
24692,0.6640
24693,0.6797
24694,0.5391
24695,0.5833
24696,1.0959
24697,0.5114
24698,0.6631
24699,0.5676
24700,0.6414
24701,0.6077
24702,0.6657
24703,0.5544
24704,0.7320
24705,0.9167
24706,0.6601
24707,0.6010
24708,0.6272
24709,0.6267
24710,0.5958
24711,0.6305
24712,0.6994
24713,0.6362
24714,0.6142
24715,0.5546
24716,1.0413
24717,0.6526
24718,0.8450
24719,0.7128
24720,0.5817
24721,0.5992
24722,0.6220
24723,0.6989
24724,0.6063
24725,0.5376
24726,0.9250
24727,0.6844
24728,0.7493
24729,0.5669
24730,0.6905
24731,0.7097
24732,0.5382
24733,0.6214
24734,0.6148
24735,0.6557
24736,1.0199
24737,0.7846
24738,0.7656
24739,1.2511
24740,0.1122
24741,0.6332
24742,0.8070
24743,0.5271
24744,0.5880
24745,0.9408
24746,0.7165
24747,0.6805
24748,0.9674
24749,0.7174
24750,0.7282
24751,0.6426
24752,0.5288
24753,0.6341
24754,0.7820
24755,0.9661
24756,0.6925
24757,0.6277
24758,0.5262
24759,0.7314
24760,0.5792
24761,0.6687
24762,0.6439
24763,0.5933
24764,0.6636
24765,1.0358
24766,0.5598
24767,0.5879
24768,0.6869
24769,0.5905
24770,0.6161
24771,0.6849
24772,0.5198
24773,0.7544
24774,0.5524
24775,0.6479
24776,0.9211
24777,0.8071
24778,0.5249
24779,0.6582
24780,0.6344
24781,0.6322
24782,0.6182
24783,0.5953
24784,0.6385
24785,0.7668
24786,0.5559
24787,0.5492
24788,1.2334
24789,0.6845
24790,0.6015
24791,0.6333
24792,0.6232
24793,0.6395
24794,0.5942
24795,0.6978
24796,0.8463
24797,0.6923
24798,0.6915
24799,0.6231
24800,0.6422
24801,0.6052
24802,0.6102
24803,0.6696
24804,0.6684
24805,0.7040
24806,0.4778
24807,0.5850
24808,1.2570
24809,0.8778
24810,0.6999
24811,1.1121
24812,0.2659
24813,0.6883
24814,0.6423
24815,0.6040
24816,1.0269
24817,0.5693
24818,0.6244
24819,0.5420
24820,0.6204
24821,0.6332
24822,0.5687
24823,0.6794
24824,0.7143
24825,0.5928
24826,0.5589
24827,0.9572
24828,0.7306
24829,0.5862
24830,0.6602
24831,0.6389
24832,0.5477
24833,0.6565
24834,0.7147
24835,0.7073
24836,0.5553
24837,0.5736
24838,1.0561
24839,0.6771
24840,0.6374
24841,0.5843
24842,0.5994
24843,0.6905
24844,0.5807
24845,0.7634
24846,0.5744
24847,0.5568
24848,1.0118
24849,0.6664
24850,0.7323
24851,0.5951
24852,0.6777
24853,0.6214
24854,0.6550
24855,0.6637
24856,0.8689
24857,0.3609
24858,0.6310
24859,1.0110
24860,0.6693
24861,0.6255
24862,0.6198
24863,0.6601
24864,0.5920
24865,0.6008
24866,0.7791
24867,0.6277
24868,0.8984
24869,0.6628
24870,0.7749
24871,0.8917
24872,0.7447
24873,0.6991
24874,0.5910
24875,0.7409
24876,0.5401
24877,0.6453
24878,1.0506
24879,0.7160
24880,0.8981
24881,0.5838
24882,0.6292
24883,0.5728
24884,0.6480
24885,0.6939
24886,0.6212
24887,0.6413
24888,0.8876
24889,0.6517
24890,0.6560
24891,0.5925
24892,0.6284
24893,0.7950
24894,0.4564
24895,0.7164
24896,0.5426
24897,0.6330
24898,1.0822
24899,0.5813
24900,0.5646
24901,1.3259
24902,0.2833
24903,0.3998
24904,0.5437
24905,0.6328
24906,0.9288
24907,0.7427
24908,0.2994
24909,0.8908
24910,0.9833
24911,0.6426
24912,0.6034
24913,0.6356
24914,0.5845
24915,0.6378
24916,0.7590
24917,0.5862
24918,0.9740
24919,0.6491
24920,0.9208
24921,0.7378
24922,0.7631
24923,0.7779
24924,0.5334
24925,0.4679
24926,0.7530
24927,0.5343
24928,0.6242
24929,1.0113
24930,0.7463
24931,0.7933
24932,0.5841
24933,0.6503
24934,0.6268
24935,0.6085
24936,0.6375
24937,0.6685
24938,0.9158
24939,0.6789
24940,0.7366
24941,0.6630
24942,0.6294
24943,0.5731
24944,0.6564
24945,0.6410
24946,1.0887
24947,0.2542
24948,0.6365
24949,1.0246
24950,0.5205
24951,0.7363
24952,0.8695
24953,0.6744
24954,0.5154
24955,0.7413
24956,0.4937
24957,0.6594
24958,0.9203
24959,0.6888
24960,0.6329
24961,0.6590
24962,0.5608
24963,0.6237
24964,0.6529
24965,0.6723
24966,0.9172
24967,0.3291
24968,0.7255
24969,0.8898
24970,0.6197
24971,0.6343
24972,0.6297
24973,0.6240
24974,0.6351
24975,0.5931
24976,0.6370
24977,0.6415
24978,0.7219
24979,0.9740
24980,0.6555
24981,1.1576
24982,0.7341
24983,0.6940
24984,0.6201
24985,0.7565
24986,0.5573
24987,0.6226
24988,0.8814
24989,0.7022
24990,0.7679
24991,0.7368
24992,0.5549
24993,0.6276
24994,0.5961
24995,0.6013
24996,0.8934
24997,0.3596
24998,0.6177
24999,1.0269
25000,0.7180
25001,0.6272
25002,0.6000
25003,0.6433
25004,0.6505
25005,0.5909
25006,0.7065
25007,0.5604
25008,0.6626
25009,1.0383
25010,0.5814
25011,0.6441
25012,0.5870
25013,0.6293
25014,0.7163
25015,0.6582
25016,0.5305
25017,0.7146
25018,0.5734
25019,0.5903
25020,0.6581
25021,0.9094
25022,0.6577
25023,0.6261
25024,0.6209
25025,0.6398
25026,0.7285
25027,0.5727
25028,0.5716
25029,0.5987
25030,0.6640
25031,1.0031
25032,0.7209
25033,0.8006
25034,0.7783
25035,0.4536
25036,0.6464
25037,1.1243
25038,0.6826
25039,1.0490
25040,0.2300
25041,0.5045
25042,0.8657
25043,0.7553
25044,0.6919
25045,0.5724
25046,0.9106
25047,0.5615
25048,0.4490
25049,0.6703
25050,0.9001
25051,0.6559
25052,1.0933
25053,0.6517
25054,0.5233
25055,0.6102
25056,0.6449
25057,0.7378
25058,0.5619
25059,0.5810
25060,0.9805
25061,0.6104
25062,0.6314
25063,0.6255
25064,0.5656
25065,0.6224
25066,0.6341
25067,0.5975
25068,0.6797
25069,0.7868
25070,0.8139
25071,0.6973
25072,0.6172
25073,0.5796
25074,0.6750
25075,0.6000
25076,0.6169
25077,0.6199
25078,0.7591
25079,0.6352
25080,0.5562
25081,1.0533
25082,1.0256
25083,0.9725
25084,0.2652
25085,0.2452
25086,0.6855
25087,0.6087
25088,0.9306
25089,0.2991
25090,0.6514
25091,0.8784
25092,0.7362
25093,0.5848
25094,0.6519
25095,0.6686
25096,0.5435
25097,0.7102
25098,0.7513
25099,0.5567
25100,0.5571
25101,0.9620
25102,0.7583
25103,1.1952
25104,1.3508
25105,0.2143
25106,0.4705
25107,0.6986
25108,0.7406
25109,0.5258
25110,0.5679
25111,0.8941
25112,0.7025
25113,0.5930
25114,0.6597
25115,0.6246
25116,0.6176
25117,0.5859
25118,0.7678
25119,0.5199
25120,0.6369
25121,1.0266
25122,0.5851
25123,0.9950
25124,0.6379
25125,0.6209
25126,0.6026
25127,0.6536
25128,0.7343
25129,0.6111
25130,0.6800
25131,0.4281
25132,1.0913
25133,0.5909
25134,0.6317
25135,0.5690
25136,0.6747
25137,0.6092
25138,0.5996
25139,0.6527
25140,0.7675
25141,0.7785
25142,0.6741
25143,0.6077
25144,0.6341
25145,0.6679
25146,0.6272
25147,0.6486
25148,0.5533
25149,0.6095
25150,0.7814
25151,0.7473
25152,1.0992
25153,0.5757
25154,0.5708
25155,0.5607
25156,0.5589
25157,0.6646
25158,0.6707
25159,0.6128
25160,0.5635
25161,0.6637
25162,0.8997
25163,0.7487
25164,0.7825
25165,0.9043
25166,0.7158
25167,0.7343
25168,0.6265
25169,0.9186
25170,0.3768
25171,0.7147
25172,0.8483
25173,0.7544
25174,0.9347
25175,0.6292
25176,0.5955
25177,0.6477
25178,0.5777
25179,0.8662
25180,0.4146
25181,0.6953
25182,0.8540
25183,0.6901
25184,0.7704
25185,0.7085
25186,0.5453
25187,0.6598
25188,0.6174
25189,0.6680
25190,0.5867
25191,0.6219
25192,0.9925
25193,0.6636
25194,0.7429
25195,0.6699
25196,0.7591
25197,0.4643
25198,0.6902
25199,0.6795
25200,0.6329
25201,0.6200
25202,0.8019
25203,0.7059
25204,0.9547
25205,0.6415
25206,0.6200
25207,0.6883
25208,0.5437
25209,0.5928
25210,0.7842
25211,0.5505
25212,1.2059
25213,0.6236
25214,0.7852
25215,0.6089
25216,0.6567
25217,0.5499
25218,0.6659
25219,0.8303
25220,0.5660
25221,0.5730
25222,0.5781
25223,1.1489
25224,0.5690
25225,0.6409
25226,0.6747
25227,0.5401
25228,0.6225
25229,0.5899
25230,0.9069
25231,0.5451
25232,0.4891
25233,1.0436
25234,0.5103
25235,0.6587
25236,0.5784
25237,0.6231
25238,0.6533
25239,0.6063
25240,0.7347
25241,0.5628
25242,0.6324
25243,1.3139
25244,0.3779
25245,0.6706
25246,0.6061
25247,0.5802
25248,0.6790
25249,0.6317
25250,0.5767
25251,0.6607
25252,0.6657
25253,1.1219
25254,0.4859
25255,0.8110
25256,0.6229
25257,0.6038
25258,0.6709
25259,0.5157
25260,0.6881
25261,0.6249
25262,0.6396
25263,0.9220
25264,0.6791
25265,0.6635
25266,0.8914
25267,0.3410
25268,0.7457
25269,0.5125
25270,0.6312
25271,0.6184
25272,0.6790
25273,1.1479
25274,0.4682
25275,1.1598
25276,0.7373
25277,0.7030
25278,0.5712
25279,0.7292
25280,0.5121
25281,0.6699
25282,0.6177
25283,0.9421
25284,0.7286
25285,0.7377
25286,0.6647
25287,0.7562
25288,0.8711
25289,0.3037
25290,0.6541
25291,0.5434
25292,0.7056
25293,0.5592
25294,0.6326
25295,1.1757
25296,0.5902
25297,0.6137
25298,0.6242
25299,0.6340
25300,0.6344
25301,0.6792
25302,0.7580
25303,0.4026
25304,0.9408
25305,0.7045
25306,0.7516
25307,0.6653
25308,0.5968
25309,0.6314
25310,0.8136
25311,0.8895
25312,0.2777
25313,0.6637
25314,0.5030
25315,1.0480
25316,0.5323
25317,0.7215
25318,0.5330
25319,0.6529
25320,0.6348
25321,0.6159
25322,0.6349
25323,0.6406
25324,0.6136
25325,1.1282
25326,0.6559
25327,0.5906
25328,0.6219
25329,0.6420
25330,0.6196
25331,0.5697
25332,0.8086
25333,0.5918
25334,0.9481
25335,0.7051
25336,0.8667
25337,0.6665
25338,0.7726
25339,0.6197
25340,0.6401
25341,0.5863
25342,0.6809
25343,0.6437
25344,1.0009
25345,0.7888
25346,0.8514
25347,0.5998
25348,0.5740
25349,0.6192
25350,0.6195
25351,0.6111
25352,0.6434
25353,0.6622
25354,0.9294
25355,1.0940
25356,0.3370
25357,0.5574
25358,0.5756
25359,0.8314
25360,0.5816
25361,0.6118
25362,0.6725
25363,0.6201
25364,0.5913
25365,0.9343
25366,0.6596
25367,1.1375
25368,0.5184
25369,0.6171
25370,0.6508
25371,0.5898
25372,0.6520
25373,0.6403
25374,0.6028
25375,1.0349
25376,0.6139
25377,0.9342
25378,0.4759
25379,0.8871
25380,0.3270
25381,0.6353
25382,0.8531
25383,0.7676
25384,0.6166
25385,0.7653
25386,0.5050
25387,0.6493
25388,0.6154
25389,0.6244
25390,0.5930
25391,0.5882
25392,0.7010
25393,0.7251
25394,0.9167
25395,0.6602
25396,1.1532
25397,0.7474
25398,0.7164
25399,1.2895
25400,0.4097
25401,0.3543
25402,0.6338
25403,0.5429
25404,1.0163
25405,0.5644
25406,0.5288
25407,0.6621
25408,0.6423
25409,0.5718
25410,0.5681
25411,0.6692
25412,0.8419
25413,0.4781
25414,0.5955
25415,0.9891
25416,0.6367
25417,0.9462
25418,0.7675
25419,0.5014
25420,0.6325
25421,0.6097
25422,0.8619
25423,0.4427
25424,0.6054
25425,0.8686
25426,0.6919
25427,0.7035
25428,0.5612
25429,0.7688
25430,0.4912
25431,0.6383
25432,0.6490
25433,0.6543
25434,0.7209
25435,0.9029
25436,0.6261
25437,0.6195
25438,0.6342
25439,0.6109
25440,0.6100
25441,0.6098
25442,0.6685
25443,0.7364
25444,0.6477
25445,0.7139
25446,0.9964
25447,1.1183
25448,0.5250
25449,0.7725
25450,0.6495
25451,0.6001
25452,0.7696
25453,0.4815
25454,0.6732
25455,0.9218
25456,0.6975
25457,0.6193
25458,0.7219
25459,0.4970
25460,0.6744
25461,0.5693
25462,0.8903
25463,0.4355
25464,0.6415
25465,0.6188
25466,1.4001
25467,0.4225
25468,0.7901
25469,0.6043
25470,0.5790
25471,0.6322
25472,0.6024
25473,0.6272
25474,0.6400
25475,0.9636
25476,0.6606
25477,0.6007
25478,0.6117
25479,0.6465
25480,0.6353
25481,0.6256
25482,0.6533
25483,0.7196
25484,0.5208
25485,0.6407
25486,0.9378
25487,0.6450
25488,1.1984
25489,0.4298
25490,0.6602
25491,0.5969
25492,0.7059
25493,0.8711
25494,0.4114
25495,0.5392
25496,0.6211
25497,0.9771
25498,0.5885
25499,0.6526
25500,0.5700
25501,0.7024
25502,0.6014
25503,0.6492
25504,0.6336
25505,0.7393
25506,1.0331
25507,0.4920
25508,0.7884
25509,0.8624
25510,0.7078
25511,0.9208
25512,0.4654
25513,0.7930
25514,0.4549
25515,0.6887
25516,0.9327
25517,0.6626
25518,0.9285
25519,0.6234
25520,0.7342
25521,0.6561
25522,0.5741
25523,0.7514
25524,0.4692
25525,0.6687
25526,0.9982
25527,0.5083
25528,0.7885
25529,0.6787
25530,0.5569
25531,0.7565
25532,0.4691
25533,1.1500
25534,0.3012
25535,1.0167
25536,0.2188
25537,0.8359
25538,0.9597
25539,0.6220
25540,0.6579
25541,0.6322
25542,0.5984
25543,0.7162
25544,0.5350
25545,0.6882
25546,1.0678
25547,0.5576
25548,0.5819
25549,0.5860
25550,0.6261
25551,0.6814
25552,0.6689
25553,0.5667
25554,0.6198
25555,0.8140
25556,0.6319
25557,0.5153
25558,1.0057
25559,0.4936
25560,0.6945
25561,0.6016
25562,0.6313
25563,0.5970
25564,0.6691
25565,0.6598
25566,0.5896
25567,1.0810
25568,0.6281
25569,1.1002
25570,0.7650
25571,0.6268
25572,0.6521
25573,0.7775
25574,0.5038
25575,0.6720
25576,0.5993
25577,1.0614
25578,0.6322
25579,0.8370
25580,0.5279
25581,0.7119
25582,0.4745
25583,0.6895
25584,0.5840
25585,0.6939
25586,0.8702
25587,0.7150
25588,0.8973
25589,0.7146
25590,0.5834
25591,0.6655
25592,0.5377
25593,0.7489
25594,0.5648
25595,0.6703
25596,0.9282
25597,0.6428
25598,0.5576
25599,0.6790
25600,0.6247
25601,0.6363
25602,0.6093
25603,0.7873
25604,0.6184
25605,0.5066
25606,0.5925
25607,0.9715
25608,0.8240
25609,0.8561
25610,0.5360
25611,0.6657
25612,0.6270
25613,0.5802
25614,0.9052
25615,0.5007
25616,0.5573
25617,0.6980
25618,0.8741
25619,0.6488
25620,0.5923
25621,0.6609
25622,0.6340
25623,1.5011
25624,0.4885
25625,0.3215
25626,0.2755
25627,1.0222
25628,0.8389
25629,0.6981
25630,0.7095
25631,0.6751
25632,0.6267
25633,0.5884
25634,0.8509
25635,0.4385
25636,0.6379
25637,1.1185
25638,0.6629
25639,0.6815
25640,0.7768
25641,0.6707
25642,0.6347
25643,0.6270
25644,0.9319
25645,0.4615
25646,0.5162
25647,0.6449
25648,0.9358
25649,0.6329
25650,0.6276
25651,0.7639
25652,0.6055
25653,0.4984
25654,0.6281
25655,0.6397
25656,0.6470
25657,0.6129
25658,1.1863
25659,0.5872
25660,0.5997
25661,0.6495
25662,0.6001
25663,0.6593
25664,0.6215
25665,0.6662
25666,0.7729
25667,0.4260
25668,1.0344
25669,0.6189
25670,0.6175
25671,0.6093
25672,0.7317
25673,0.6204
25674,0.5511
25675,0.6217
25676,0.7072
25677,0.6754
25678,0.8445
25679,0.6635
25680,0.8020
25681,0.9143
25682,0.8114
25683,0.5958
25684,0.6429
25685,0.8165
25686,0.4350
25687,0.6224
25688,1.0381
25689,0.6854
25690,1.0634
25691,0.3319
25692,0.4448
25693,0.6721
25694,0.5423
25695,1.2514
25696,0.1709
25697,0.5819
25698,0.6312
25699,0.8957
25700,0.6719
25701,0.6216
25702,0.8245
25703,0.4323
25704,0.6324
25705,0.7754
25706,0.4995
25707,0.5951
25708,0.9804
25709,0.6427
25710,1.0897
25711,0.5514
25712,0.6348
25713,0.7435
25714,0.6304
25715,0.8346
25716,0.2785
25717,0.6523
25718,0.9209
25719,0.6422
25720,0.6425
25721,0.6126
25722,0.6520
25723,0.5597
25724,0.6691
25725,0.8050
25726,0.7541
25727,0.3972
25728,0.6774
25729,0.9930
25730,0.7352
25731,0.7231
25732,0.5614
25733,0.6757
25734,0.6059
25735,0.6028
25736,1.0449
25737,0.3480
25738,0.5663
25739,1.0423
25740,0.5752
25741,0.7813
25742,0.7977
25743,0.7168
25744,0.7523
25745,0.6508
25746,0.6212
25747,0.6668
25748,0.9887
25749,0.6322
25750,0.6003
25751,0.6487
25752,0.5491
25753,0.6993
25754,0.5863
25755,0.6836
25756,0.6839
25757,0.6142
25758,0.5912
25759,2.0409
25760,0.4205
25761,0.3845
25762,0.7025
25763,0.4418
25764,0.5819
25765,0.7830
25766,0.6298
25767,0.6875
25768,0.9143
25769,0.6825
25770,0.5857
25771,0.6674
25772,0.5474
25773,0.6620
25774,0.6291
25775,0.6090
25776,0.7057
25777,0.6306
25778,0.7256
25779,0.8763
25780,0.7781
25781,0.8851
25782,0.5994
25783,0.6001
25784,0.5858
25785,0.6129
25786,0.7906
25787,0.4822
25788,0.6053
25789,0.9360
25790,0.6130
25791,0.8320
25792,0.5608
25793,0.6498
25794,0.6596
25795,0.6039
25796,0.6836
25797,0.7534
25798,0.7858
25799,0.7877
25800,0.6168
25801,0.8960
25802,0.7526
25803,0.9281
25804,0.3857
25805,0.7549
25806,0.8646
25807,0.3431
25808,0.6595
25809,0.6405
25810,0.8919
25811,0.9085
25812,0.6180
25813,0.6930
25814,0.5474
25815,0.6648
25816,0.6886
25817,0.5814
25818,0.6339
25819,0.8759
25820,0.6967
25821,0.6837
25822,0.5670
25823,0.6278
25824,0.6315
25825,0.5875
25826,1.7048
25827,0.2822
25828,0.1815
25829,0.8046
25830,0.9081
25831,0.6632
25832,0.7579
25833,0.4544
25834,0.7915
25835,0.4213
25836,0.8428
25837,0.4649
25838,0.6500
25839,0.9210
25840,0.8639
25841,0.4327
25842,0.6753
25843,0.6513
25844,0.5715
25845,0.6686
25846,0.5833
25847,0.8471
25848,0.4262
25849,1.0072
25850,0.7215
25851,0.7560
25852,0.4742
25853,0.6853
25854,0.6246
25855,0.6910
25856,0.5069
25857,0.9240
25858,0.3688
25859,0.6625
25860,1.0580
25861,0.8219
25862,0.7565
25863,0.7603
25864,0.6073
25865,0.6675
25866,0.6017
25867,0.5903
25868,0.7106
25869,1.0122
25870,0.5264
25871,0.6441
25872,0.7140
25873,0.5504
25874,0.5877
25875,0.6454
25876,0.6234
25877,0.7253
25878,0.5425
25879,0.6669
25880,0.9536
25881,0.7741
25882,0.7472
25883,0.6379
25884,0.7537
25885,0.4780
25886,0.6509
25887,0.6755
25888,0.5874
25889,0.6065
25890,0.9383
25891,0.6784
25892,0.8122
25893,1.1140
25894,0.3032
25895,0.5233
25896,0.5452
25897,0.8246
25898,0.4302
25899,0.8181
25900,0.4613
25901,1.0167
25902,0.6641
25903,0.8533
25904,0.5939
25905,0.6553
25906,0.6017
25907,0.7798
25908,0.5484
25909,0.6087
25910,1.0011
25911,0.6395
25912,0.7616
25913,0.9479
25914,0.8788
25915,0.4958
25916,0.6358
25917,0.8404
25918,0.4215
25919,0.6639
25920,0.8262
25921,0.7027
25922,0.6718
25923,0.5908
25924,0.6265
25925,0.5925
25926,0.6286
25927,0.7059
25928,0.6907
25929,0.5303
25930,0.6328
25931,1.0642
25932,0.6194
25933,0.5915
25934,0.6630
25935,0.6318
25936,0.5954
25937,0.6713
25938,1.3702
25939,0.2858
25940,0.4297
25941,1.3841
25942,0.7472
25943,0.4591
25944,0.4168
25945,0.5911
25946,0.6538
25947,0.5145
25948,0.9747
25949,0.3816
25950,0.5572
25951,0.6833
25952,1.0814
25953,0.5869
25954,0.6420
25955,0.6230
25956,0.5468
25957,0.6912
25958,0.8168
25959,0.4607
25960,0.7177
25961,0.8213
25962,0.7028
25963,0.6271
25964,0.6059
25965,0.5751
25966,0.6604
25967,0.6536
25968,0.6175
25969,0.6540
25970,0.6668
25971,0.9898
25972,0.7876
25973,1.0264
25974,0.6934
25975,0.7263
25976,0.5738
25977,0.6879
25978,0.5770
25979,0.6769
25980,0.5691
25981,1.0091
25982,0.6878
25983,1.2281
25984,0.1819
25985,0.4415
25986,0.7863
25987,0.4380
25988,0.8107
25989,0.4457
25990,0.6712
25991,1.0348
25992,0.5723
25993,0.8412
25994,0.5606
25995,0.5768
25996,0.7603
25997,0.5630
25998,0.6054
25999,0.6491
26000,0.6626
26001,0.5943
26002,1.0428
26003,0.7889
26004,0.5326
26005,0.5883
26006,0.6325
26007,0.5877
26008,0.7416
26009,0.6044
26010,0.6938
26011,0.8594
26012,0.6928
26013,0.5997
26014,0.6259
26015,0.5931
26016,0.6398
26017,0.6361
26018,0.5935
26019,0.8145
26020,0.4613
26021,0.6532
26022,1.0661
26023,0.7224
26024,0.5739
26025,0.6261
26026,0.5819
26027,0.6337
26028,0.6921
26029,0.6217
26030,0.7956
26031,0.5647
26032,1.2382
26033,0.4804
26034,0.6268
26035,0.8915
26036,0.7065
26037,0.6988
26038,0.5597
26039,0.8435
26040,0.5590
26041,0.5288
26042,0.9206
26043,0.8372
26044,0.6952
26045,0.5626
26046,0.6537
26047,0.6321
26048,0.6278
26049,0.6621
26050,0.5432
26051,0.7309
26052,0.8656
26053,0.8628
26054,0.8492
26055,0.5625
26056,0.6291
26057,0.5015
26058,0.7466
26059,0.6428
26060,0.5376
26061,0.7289
26062,0.8518
26063,0.7244
26064,0.6133
26065,0.6173
26066,0.5852
26067,0.6973
26068,0.6183
26069,0.6319
26070,0.6577
26071,0.7292
26072,0.5136
26073,0.6492
26074,1.2812
26075,0.4106
26076,0.7955
26077,0.4328
26078,0.6174
26079,0.6560
26080,0.7280
26081,0.5944
26082,0.5275
26083,0.9122
26084,0.6489
26085,0.7554
26086,0.5894
26087,0.6135
26088,0.6790
26089,0.5678
26090,0.7261
26091,0.5778
26092,0.7774
26093,0.9133
26094,0.6108
26095,1.2356
26096,0.6935
26097,0.7101
26098,0.6113
26099,0.6080
26100,0.8359
26101,0.4207
26102,0.8497
26103,0.8082
26104,0.6105
26105,0.5897
26106,0.6622
26107,0.6178
26108,0.5685
26109,0.6098
26110,0.6965
26111,0.6428
26112,0.6149
26113,0.8874
26114,0.6785
26115,0.6958
26116,0.6153
26117,0.5988
26118,0.8185
26119,0.4944
26120,0.6997
26121,0.5842
26122,0.7903
26123,1.1797
26124,0.2597
26125,0.9680
26126,0.5730
26127,0.6880
26128,0.5724
26129,0.5889
26130,0.6496
26131,0.6823
26132,0.6356
26133,0.9015
26134,0.7141
26135,0.6229
26136,0.6520
26137,0.4959
26138,0.6681
26139,0.6959
26140,0.5739
26141,0.7573
26142,0.4504
26143,0.6878
26144,1.0405
26145,0.6791
26146,1.1214
26147,0.8574
26148,0.6184
26149,0.6220
26150,0.7001
26151,0.5147
26152,0.6670
26153,0.9047
26154,0.7521
26155,0.6282
26156,0.6017
26157,0.6434
26158,0.5824
26159,0.6523
26160,0.6206
26161,0.7159
26162,0.5880
26163,0.8781
26164,0.6810
26165,0.7591
26166,0.6687
26167,0.5755
26168,0.6652
26169,0.6284
26170,0.7304
26171,0.5868
26172,0.6514
26173,0.5515
26174,0.6503
26175,1.0800
26176,0.6285
26177,0.6326
26178,0.6056
26179,0.6413
26180,0.6206
26181,0.6227
26182,0.6364
26183,0.6772
26184,0.9499
26185,0.6462
26186,0.6232
26187,0.5940
26188,0.6300
26189,0.6644
26190,0.6115
26191,0.6343
26192,0.7347
26193,0.6507
26194,1.3011
26195,0.3464
26196,0.8102
26197,0.7323
26198,0.5531
26199,0.6375
26200,0.6535
26201,0.5836
26202,0.8249
26203,0.4480
26204,0.6190
26205,1.0290
26206,0.6570
26207,0.7416
26208,0.8332
26209,0.8135
26210,0.6830
26211,0.9212
26212,0.4604
26213,0.6669
26214,1.2197
26215,0.5147
26216,0.6375
26217,0.5845
26218,0.6205
26219,0.6393
26220,0.5772
26221,0.6869
26222,0.5888
26223,0.5926
26224,1.0498
26225,0.6473
26226,0.7469
26227,0.6005
26228,0.6478
26229,0.6032
26230,0.7025
26231,0.6310
26232,0.5597
26233,0.7064
26234,0.9293
26235,0.6458
26236,0.6243
26237,0.6447
26238,0.6696
26239,0.5682
26240,0.6043
26241,1.2506
26242,0.1998
26243,0.4253
26244,0.6030
26245,1.1670
26246,0.5472
26247,0.6212
26248,0.5844
26249,0.6494
26250,0.6297
26251,0.6343
26252,0.6068
26253,0.6646
26254,0.6282
26255,0.9609
26256,0.6642
26257,0.6115
26258,0.6215
26259,0.5546
26260,0.6944
26261,0.5594
26262,0.7850
26263,0.5292
26264,0.6101
26265,1.1715
26266,0.7312
26267,0.7557
26268,0.8211
26269,0.7508
26270,0.6159
26271,0.5888
26272,0.7214
26273,0.5227
26274,0.6261
26275,0.9521
26276,0.7107
26277,0.7646
26278,0.6492
26279,0.5964
26280,0.6205
26281,0.6713
26282,0.6340
26283,0.5631
26284,0.6859
26285,1.0268
26286,0.6221
26287,0.6002
26288,0.7042
26289,0.6194
26290,0.6251
26291,0.5509
26292,0.6972
26293,0.7906
26294,0.4454
26295,0.6654
26296,0.8659
26297,0.7591
26298,0.8973
26299,0.6081
26300,0.6221
26301,0.5989
26302,0.7069
26303,0.7710
26304,0.4946
26305,0.5638
26306,1.1672
26307,0.4253
26308,0.9390
26309,0.6520
26310,0.5650
26311,0.5616
26312,0.6027
26313,0.6742
26314,0.6840
26315,0.6215
26316,0.9784
26317,0.6558
26318,0.9206
26319,0.6272
26320,0.6652
26321,0.5844
26322,0.5932
26323,0.7021
26324,0.6451
26325,0.6417
26326,0.9946
26327,0.8825
26328,0.6873
26329,0.7502
26330,0.6536
26331,0.6473
26332,0.6020
26333,0.7906
26334,0.5087
26335,0.6460
26336,0.9441
26337,0.6876
26338,0.9193
26339,0.6058
26340,0.6199
26341,0.5945
26342,0.6165
26343,0.7375
26344,0.6783
26345,0.8660
26346,0.6274
26347,0.6425
26348,0.6144
26349,0.5802
26350,0.5953
26351,0.6805
26352,1.0009
26353,0.3911
26354,0.7546
26355,0.4503
26356,0.5771
26357,1.0799
26358,0.4021
26359,0.6785
26360,0.6802
26361,0.6322
26362,0.6213
26363,0.6322
26364,0.6921
26365,0.6541
26366,0.8492
26367,0.7356
26368,0.9214
26369,0.5913
26370,0.6164
26371,0.5898
26372,0.6711
26373,0.6100
26374,0.6366
26375,0.6388
26376,0.9636
26377,0.6793
26378,0.7716
26379,0.8698
26380,0.7178
26381,0.7439
26382,0.5882
26383,0.8700
26384,0.4517
26385,0.5932
26386,1.1297
26387,0.6844
26388,0.5850
26389,0.6840
26390,0.5940
26391,0.5608
26392,0.6212
26393,0.6761
26394,0.6073
26395,0.7609
26396,0.8153
26397,0.6617
26398,0.6714
26399,0.6037
26400,0.5805
26401,0.6771
26402,0.5863
26403,0.7262
26404,0.7537
26405,0.5218
26406,0.6203
26407,1.1215
26408,0.7290
26409,0.6259
26410,0.7666
26411,0.5052
26412,0.6949
26413,0.5094
26414,0.5926
26415,0.5693
26416,0.5726
26417,1.0526
26418,0.7669
26419,0.5382
26420,0.9104
26421,0.3851
26422,0.6183
26423,0.6268
26424,0.5875
26425,0.7178
26426,0.6483
26427,0.5538
26428,0.9468
26429,0.7566
26430,0.7422
26431,0.5606
26432,0.6919
26433,0.5299
26434,0.7228
26435,0.6570
26436,0.6091
26437,1.0607
26438,0.6844
26439,1.0784
26440,0.6999
26441,0.7688
26442,0.5905
26443,0.6236
26444,0.6737
26445,0.6333
26446,0.5360
26447,1.0331
26448,0.5165
26449,0.7088
26450,0.6283
26451,0.5556
26452,0.6383
26453,0.6455
26454,0.6147
26455,0.6379
26456,0.6547
26457,1.0726
26458,0.6904
26459,0.5699
26460,0.6447
26461,0.6037
26462,0.6379
26463,0.5811
26464,0.6783
26465,0.7239
26466,0.7934
26467,0.8733
26468,0.6585
26469,0.6645
26470,0.5754
26471,0.5149
26472,0.6173
26473,0.5853
26474,0.6260
26475,0.7629
26476,0.5076
26477,0.6610
26478,0.9213
26479,0.8222
26480,0.4660
26481,0.6339
26482,0.6066
26483,0.8193
26484,0.4965
26485,0.6358
26486,0.6917
26487,0.5532
26488,0.6986
26489,0.8845
26490,1.9175
26491,0.2425
26492,0.3582
26493,0.5700
26494,0.6479
26495,0.6651
26496,0.5886
26497,0.5960
26498,0.9172
26499,0.7153
26500,0.8008
26501,0.8354
26502,0.7729
26503,0.6663
26504,0.7144
26505,0.7297
26506,0.5359
26507,0.5824
26508,1.1586
26509,0.6092
26510,0.5790
26511,0.9210
26512,0.3791
26513,1.0680
26514,0.4068
26515,0.5054
26516,0.9884
26517,0.2175
26518,0.5828
26519,0.8909
26520,0.6448
26521,0.6170
26522,0.5755
26523,0.6269
26524,0.6614
26525,0.6032
26526,0.6974
26527,0.7962
26528,0.7048
26529,0.7049
26530,0.6477
26531,0.6041
26532,0.5870
26533,0.6280
26534,0.7804
26535,0.7910
26536,0.3877
26537,0.6476
26538,0.5971
26539,0.9530
26540,0.9232
26541,0.8699
26542,0.5797
26543,0.6442
26544,0.6164
26545,0.6024
26546,0.9055
26547,0.4971
26548,0.6072
26549,0.5990
26550,0.9302
26551,0.6659
26552,0.6715
26553,0.5133
26554,0.6795
26555,0.8246
26556,0.5319
26557,0.6366
26558,1.1533
26559,0.2972
26560,0.6877
26561,0.9750
26562,0.7511
26563,0.7080
26564,1.0197
26565,0.7304
26566,0.5480
26567,0.6617
26568,0.9499
26569,0.6584
26570,0.7425
26571,0.5478
26572,0.5785
26573,0.6515
26574,0.6169
26575,0.6314
26576,0.7550
26577,0.6308
26578,0.5516
26579,0.5835
26580,1.1821
26581,0.9979
26582,0.3495
26583,0.5845
26584,0.6167
26585,0.6689
26586,0.6764
26587,0.5824
26588,0.6071
26589,0.8606
26590,0.8233
26591,0.7130
26592,0.5939
26593,0.6758
26594,0.6109
26595,0.5551
26596,0.9606
26597,0.3490
26598,0.5747
26599,1.0967
26600,0.5629
26601,0.7446
26602,0.6640
26603,0.6055
26604,0.6210
26605,0.6553
26606,0.6753
26607,0.5907
26608,0.6051
26609,1.0450
26610,0.6850
26611,0.5809
26612,0.6411
26613,0.5961
26614,0.6835
26615,0.6383
26616,0.6258
26617,0.6939
26618,0.5325
26619,0.6145
26620,1.1216
26621,0.8774
26622,0.6280
26623,0.7934
26624,0.5785
26625,1.1585
26626,0.1877
26627,0.5531
26628,0.6535
26629,0.9597
26630,0.8491
26631,0.8509
26632,0.5462
26633,0.6613
26634,0.6136
26635,0.6222
26636,0.6269
26637,0.6503
26638,0.6432
26639,0.8691
26640,0.7139
26641,0.6164
26642,0.5746
26643,0.6354
26644,0.7222
26645,0.6665
26646,0.5986
26647,0.5197
26648,0.9412
26649,0.6806
26650,0.7682
26651,0.7357
26652,0.7653
26653,0.4026
26654,0.5764
26655,0.7631
26656,0.6664
26657,0.5968
26658,0.5642
26659,0.6037
26660,1.0772
26661,0.7593
26662,0.5080
26663,0.7417
26664,0.5581
26665,0.5970
26666,0.6189
26667,0.5578
26668,0.7389
26669,0.6624
26670,0.8967
26671,0.7903
26672,0.5047
26673,0.5858
26674,0.7806
26675,0.5601
26676,0.5579
26677,0.7323
26678,0.6004
26679,0.5717
26680,1.2067
26681,0.5926
26682,1.1930
26683,0.6815
26684,0.7076
26685,0.5527
26686,0.5999
26687,0.9231
26688,0.3469
26689,0.6343
26690,0.9788
26691,0.6663
26692,0.5883
26693,0.6664
26694,0.6010
26695,0.6251
26696,0.6488
26697,0.6361
26698,0.5428
26699,0.7540
26700,0.9934
26701,0.6884
26702,0.6128
26703,0.6292
26704,0.6399
26705,0.6126
26706,0.5697
26707,0.6525
26708,0.5703
26709,0.7072
26710,0.5442
26711,1.0323
26712,0.5837
26713,0.6865
26714,0.5815
26715,0.6781
26716,1.0592
26717,0.2860
26718,1.0004
26719,0.3362
26720,0.7007
26721,0.4358
26722,1.0249
26723,0.6103
26724,0.6343
26725,0.6274
26726,0.6067
26727,0.6082
26728,0.6240
26729,0.6900
26730,0.5911
26731,1.1684
26732,0.5784
26733,1.0280
26734,0.7801
26735,0.6170
26736,1.0179
26737,0.4275
26738,0.6850
26739,0.6174
26740,1.1841
26741,0.3596
26742,0.7743
26743,0.5479
26744,0.5880
26745,0.7795
26746,0.4204
26747,0.7045
26748,0.6543
26749,0.5139
26750,0.6830
26751,1.0166
26752,0.7583
26753,0.5641
26754,0.6465
26755,0.6072
26756,0.6395
26757,0.6409
26758,0.5436
26759,0.7196
26760,0.6172
26761,0.9701
26762,0.6040
26763,0.8265
26764,0.5678
26765,0.5762
26766,0.5131
26767,0.6224
26768,0.6120
26769,0.7729
26770,0.5589
26771,0.5766
26772,1.0282
26773,0.6137
26774,0.7135
26775,0.5714
26776,0.6475
26777,0.5960
26778,0.6836
26779,0.5992
26780,0.5727
26781,0.8644
26782,0.8615
26783,0.5937
26784,0.6313
26785,1.3177
26786,0.3218
26787,0.5005
26788,0.6788
26789,0.4392
26790,0.6517
26791,0.6002
26792,1.0238
26793,0.6599
26794,0.8890
26795,0.7721
26796,0.7021
26797,0.6049
26798,0.5942
26799,0.6441
26800,0.6324
26801,0.7100
26802,0.9786
26803,0.6354
26804,0.6966
26805,0.5950
26806,0.6716
26807,0.5806
26808,0.6874
26809,0.5914
26810,0.7684
26811,0.6793
26812,1.0474
26813,0.5854
26814,0.5703
26815,0.6472
26816,0.6210
26817,0.5997
26818,0.6715
26819,0.5580
26820,0.7525
26821,0.6146
26822,0.5855
26823,1.0822
26824,0.6472
26825,0.6043
26826,0.6107
26827,0.7750
26828,0.5572
26829,0.6025
26830,0.6552
26831,0.5199
26832,0.9915
26833,0.6351
26834,0.6241
26835,0.6655
26836,0.6344
26837,0.6072
26838,0.6067
26839,1.2693
26840,0.1053
26841,0.9504
26842,1.1126
26843,0.1816
26844,0.6962
26845,0.5694
26846,0.5703
26847,0.6088
26848,0.7118
26849,0.5535
26850,0.5567
26851,0.7574
26852,0.5809
26853,1.0530
26854,0.8217
26855,0.8183
26856,0.6815
26857,0.7555
26858,0.5875
26859,0.6243
26860,0.6285
26861,0.7168
26862,0.5676
26863,0.9941
26864,0.6574
26865,0.5647
26866,0.8177
26867,0.5085
26868,0.6150
26869,0.7545
26870,0.5346
26871,0.7283
26872,0.6995
26873,0.3848
26874,0.7466
26875,1.0149
26876,0.5907
26877,0.6931
26878,0.6394
26879,0.5616
26880,0.6535
26881,0.6365
26882,0.6051
26883,0.5940
26884,0.9673
26885,0.6606
26886,0.6401
26887,0.6480
26888,0.6438
26889,0.5924
26890,0.6113
26891,0.6295
26892,0.7617
26893,0.6466
26894,0.4799
26895,0.9255
26896,0.7333
26897,0.5832
26898,0.7627
26899,0.4524
26900,0.6178
26901,0.7494
26902,0.5654
26903,0.5276
26904,0.7031
26905,1.1305
26906,0.6047
26907,0.5465
26908,0.7213
26909,0.5567
26910,0.6930
26911,0.6329
26912,0.5907
26913,0.7766
26914,0.5675
26915,0.5344
26916,1.0525
26917,1.0496
26918,0.5150
26919,0.8095
26920,0.5990
26921,0.6064
26922,0.9771
26923,0.2947
26924,0.6306
26925,1.2341
26926,0.5420
26927,0.6615
26928,0.5746
26929,0.6218
26930,0.6345
26931,0.6279
26932,0.7540
26933,0.4936
26934,0.6591
26935,0.9217
26936,0.7176
26937,0.7348
26938,0.6290
26939,0.6790
26940,0.5538
26941,0.6396
26942,0.5922
26943,0.7817
26944,0.5603
26945,0.5269
26946,1.0828
26947,0.6895
26948,0.5945
26949,0.6971
26950,0.6161
26951,0.6246
26952,0.5774
26953,0.6583
26954,0.5698
26955,0.6966
26956,0.8995
26957,0.6940
26958,0.5511
26959,0.6829
26960,0.5936
26961,0.7000
26962,0.6590
26963,0.5777
26964,0.7437
26965,0.5558
26966,0.5649
26967,1.1130
26968,0.9282
26969,0.5732
26970,0.8367
26971,0.6084
26972,0.6079
26973,0.6281
26974,0.6198
26975,0.6594
26976,1.0461
26977,0.6787
26978,0.6155
26979,0.6110
26980,0.5638
26981,0.6886
26982,0.5705
26983,0.7302
26984,0.5347
26985,0.6474
26986,0.9991
26987,0.6743
26988,0.6062
26989,1.1000
26990,0.5380
26991,0.2334
26992,0.6851
26993,0.6052
26994,0.6651
26995,0.6036
26996,0.6109
26997,1.0356
26998,0.6881
26999,0.6397
27000,0.6190
27001,0.6212
27002,0.5791
27003,0.6803
27004,0.6218
27005,0.6364
27006,0.6825
27007,0.8782
27008,0.6787
27009,0.6048
27010,0.6279
27011,0.6449
27012,0.5938
27013,0.6580
27014,0.6405
27015,0.6176
27016,0.6598
27017,0.5797
27018,0.9526
27019,0.6863
27020,0.6055
27021,0.6290
27022,0.6968
27023,0.5951
27024,0.5638
27025,0.6835
27026,0.6276
27027,0.7457
27028,0.9331
27029,0.7666
27030,0.9863
27031,0.7581
27032,0.7441
27033,0.6384
27034,0.6229
27035,0.6686
27036,0.5576
27037,0.9412
27038,0.6171
27039,0.6186
27040,0.7352
27041,0.6415
27042,0.5019
27043,0.6477
27044,0.7309
27045,0.6897
27046,0.5733
27047,0.6002
27048,1.1433
27049,0.6081
27050,0.6205
27051,0.5704
27052,0.5590
27053,0.6816
27054,0.5994
27055,0.7214
27056,0.5508
27057,0.6068
27058,0.9493
27059,0.6929
27060,0.8076
27061,0.6757
27062,0.6194
27063,0.6359
27064,0.6164
27065,0.6315
27066,0.8232
27067,0.4631
27068,0.5726
27069,1.1385
27070,0.6435
27071,0.6299
27072,0.6354
27073,0.5566
27074,0.6276
27075,0.6009
27076,0.6596
27077,0.6569
27078,0.6171
27079,0.9065
27080,0.6831
27081,0.6751
27082,0.9251
27083,0.3589
27084,0.8667
27085,0.3862
27086,0.6097
27087,0.5848
27088,0.6869
27089,0.8806
27090,0.7549
27091,0.6697
27092,1.0000
27093,0.7167
27094,0.7261
27095,0.6245
27096,0.8665
27097,0.4342
27098,0.5793
27099,1.0684
27100,0.6785
27101,0.6266
27102,0.5423
27103,0.7135
27104,0.5962
27105,0.7502
27106,0.5789
27107,0.5461
27108,0.6630
27109,0.9517
27110,0.5904
27111,0.6548
27112,0.5958
27113,0.6309
27114,0.6837
27115,0.7808
27116,0.5007
27117,0.7608
27118,0.5714
27119,0.5849
27120,0.8590
27121,0.8162
27122,0.8985
27123,0.6064
27124,0.6252
27125,0.5995
27126,0.6580
27127,0.7582
27128,0.5027
27129,0.7039
27130,0.8861
27131,0.6342
27132,0.6147
27133,0.5223
27134,0.7405
27135,0.6224
27136,0.7323
27137,0.5590
27138,0.5606
27139,0.6606
27140,0.8860
27141,0.7167
27142,0.6504
27143,0.7335
27144,0.4990
27145,0.6077
27146,0.6701
27147,0.6321
27148,0.6506
27149,0.6986
27150,1.5991
27151,0.3059
27152,0.9184
27153,0.6376
27154,0.7184
27155,0.6128
27156,0.6543
27157,0.7306
27158,0.5566
27159,0.6290
27160,0.9015
27161,0.6838
27162,0.6387
27163,0.5740
27164,0.5974
27165,0.6687
27166,0.6134
27167,0.6538
27168,0.6192
27169,0.6307
27170,1.0649
27171,0.6191
27172,0.8349
27173,0.4290
27174,0.6886
27175,0.5556
27176,0.6873
27177,0.6183
27178,0.8545
27179,0.4353
27180,0.5774
27181,1.0271
27182,0.6511
27183,0.6887
27184,0.6426
27185,0.5937
27186,0.6319
27187,0.8123
27188,0.5427
27189,0.6731
27190,0.5453
27191,1.0552
27192,0.6830
27193,0.6209
27194,0.5549
27195,0.6535
27196,0.9050
27197,0.4289
27198,0.5374
27199,0.7300
27200,0.6344
27201,0.9014
27202,0.6632
27203,0.8086
27204,0.7819
27205,0.6829
27206,0.8008
27207,0.6714
27208,0.7158
27209,0.5593
27210,0.9067
27211,0.6951
27212,0.7338
27213,0.5144
27214,0.6110
27215,0.6189
27216,0.7949
27217,0.5508
27218,0.6442
27219,0.5349
27220,1.0449
27221,0.6452
27222,0.6331
27223,0.9247
27224,0.6116
27225,0.6216
27226,0.6438
27227,0.6109
27228,0.6655
27229,0.5787
27230,0.6208
27231,0.9337
27232,0.7245
27233,0.6222
27234,0.6063
27235,0.6377
27236,0.6071
27237,0.6155
27238,0.6344
27239,0.6551
27240,0.6503
27241,0.6250
27242,1.0470
27243,0.8521
27244,0.5486
27245,0.5612
27246,0.8385
27247,0.6047
27248,0.6347
27249,0.5553
27250,0.7171
27251,0.5931
27252,0.9364
27253,0.7213
27254,0.6326
27255,0.5310
27256,0.6695
27257,0.6435
27258,0.5523
27259,0.6736
27260,0.6563
27261,1.1134
27262,0.5938
27263,0.9125
27264,0.7063
27265,0.8509
27266,0.4992
27267,0.7058
27268,0.6205
27269,0.5748
27270,0.6984
27271,0.6009
27272,0.9874
27273,0.7183
27274,0.7134
27275,0.5502
27276,0.5305
27277,0.5596
27278,0.6801
27279,0.7169
27280,0.5907
27281,0.5575
27282,0.9912
27283,0.7110
27284,0.7352
27285,0.6342
27286,0.6625
27287,0.6360
27288,1.1596
27289,0.6875
27290,0.2496
27291,0.5652
27292,0.5862
27293,0.9468
27294,0.7610
27295,0.7251
27296,0.7120
27297,0.6534
27298,0.5969
27299,0.6982
27300,0.6174
27301,0.6335
27302,0.9121
27303,0.6427
27304,0.8946
27305,0.5639
27306,0.6314
27307,0.5947
27308,0.6280
27309,0.6287
27310,0.6431
27311,0.8203
27312,0.7590
27313,0.5927
27314,0.7693
27315,0.9823
27316,0.6230
27317,0.6328
27318,0.6134
27319,0.7137
27320,0.6596
27321,0.5631
27322,1.0267
27323,0.8245
27324,0.7659
27325,0.6742
27326,0.6781
27327,0.6466
27328,0.5413
27329,0.8297
27330,0.4900
27331,0.6175
27332,0.9562
27333,0.7026
27334,0.5777
27335,0.6192
27336,0.6240
27337,0.6185
27338,0.6494
27339,0.6503
27340,0.5895
27341,0.6351
27342,1.0155
27343,0.6955
27344,0.6286
27345,0.5985
27346,0.6635
27347,0.7008
27348,0.5023
27349,0.6551
27350,0.6283
27351,0.6664
27352,0.9205
27353,0.6451
27354,0.6484
27355,0.6017
27356,1.1762
27357,0.1924
27358,0.5728
27359,0.5976
27360,0.8884
27361,0.4051
27362,0.7493
27363,0.8542
27364,0.6227
27365,0.9704
27366,0.6457
27367,0.6231
27368,0.6218
27369,0.6173
27370,0.8259
27371,0.4842
27372,0.5777
27373,1.0392
27374,0.7344
27375,0.7441
27376,0.6762
27377,0.5689
27378,0.6963
27379,0.5143
27380,0.6672
27381,0.5430
27382,0.7175
27383,0.9661
27384,0.6690
27385,0.8730
27386,0.7196
27387,0.6825
27388,0.6554
27389,0.6198
27390,0.7357
27391,0.5580
27392,0.5984
27393,1.0171
27394,0.6300
27395,0.8581
27396,0.6075
27397,0.6126
27398,0.6512
27399,0.6177
27400,0.7630
27401,0.4922
27402,0.9154
27403,0.8349
27404,0.4726
27405,0.7950
27406,1.3132
27407,0.1349
27408,0.5878
27409,0.6826
27410,0.7066
27411,0.5475
27412,0.6243
27413,0.9114
27414,0.6886
27415,0.9862
27416,0.6232
27417,0.6096
27418,0.6130
27419,0.6458
27420,0.7843
27421,0.5962
27422,0.5817
27423,0.8677
27424,0.8317
27425,0.6361
27426,0.5330
27427,0.5966
27428,0.8542
27429,0.4624
27430,0.5787
27431,0.5375
27432,0.7239
27433,0.9763
27434,0.8102
27435,0.6140
27436,0.9223
27437,0.7508
27438,1.2388
27439,0.1697
27440,0.5527
27441,0.7029
27442,0.5796
27443,0.9410
27444,0.6725
27445,0.7804
27446,0.9308
27447,0.3266
27448,0.7863
27449,0.4911
27450,0.6954
27451,0.6615
27452,0.6985
27453,0.4079
27454,1.0459
27455,0.5020
27456,0.6853
27457,0.6057
27458,0.5989
27459,0.6349
27460,0.6077
27461,0.6562
27462,0.6045
27463,0.6402
27464,1.0901
27465,0.7190
27466,0.7240
27467,0.7314
27468,0.9035
27469,1.4873
27470,0.1741
27471,0.6879
27472,0.7401
27473,0.6933
27474,0.7590
27475,0.6319
27476,0.6230
27477,0.5714
27478,0.7804
27479,0.5143
27480,0.8174
27481,0.4614
27482,0.5173
27483,1.1004
27484,0.6210
27485,0.7220
27486,0.5887
27487,0.6517
27488,0.5910
27489,0.6524
27490,0.9420
27491,0.3846
27492,0.6506
27493,1.0413
27494,0.7965
27495,0.7107
27496,0.7707
27497,0.6257
27498,0.6321
27499,0.7427
27500,0.5102
27501,0.6716
27502,0.6282
27503,0.8546
27504,0.7323
27505,0.7660
27506,0.6297
27507,0.7389
27508,0.5534
27509,0.6210
27510,0.7813
27511,0.5300
27512,0.5986
27513,1.0222
27514,0.8089
27515,0.8478
27516,0.5952
27517,0.4952
27518,0.6417
27519,0.6360
27520,0.7351
27521,0.5694
27522,0.6923
27523,0.4798
27524,1.0454
27525,0.6059
27526,0.6330
27527,0.6250
27528,0.6094
27529,0.5917
27530,1.1016
27531,0.1729
27532,0.7609
27533,0.8577
27534,0.7173
27535,1.5068
27536,0.2870
27537,0.4246
27538,0.5773
27539,0.5684
27540,0.7301
27541,0.5591
27542,0.6757
27543,0.8729
27544,0.8203
27545,0.4858
27546,0.6268
27547,0.6232
27548,0.6720
27549,0.6306
27550,0.7181
27551,0.5903
27552,0.6383
27553,0.5773
27554,1.1213
27555,1.0769
27556,0.5848
27557,0.8419
27558,0.6614
27559,0.6280
27560,0.8990
27561,0.3613
27562,0.6694
27563,0.9254
27564,0.6452
27565,0.6040
27566,0.6190
27567,0.6455
27568,0.6200
27569,0.6110
27570,0.6538
27571,0.6734
27572,0.6809
27573,0.8828
27574,0.6563
27575,0.5933
27576,0.6586
27577,0.6154
27578,0.5969
27579,0.6573
27580,0.5933
27581,1.5595
27582,0.5052
27583,0.2431
27584,0.6254
27585,0.9022
27586,0.6764
27587,0.5915
27588,0.6292
27589,0.6586
27590,0.5911
27591,0.8527
27592,0.4604
27593,0.5848
27594,0.9672
27595,0.6793
27596,0.6982
27597,0.5161
27598,0.6402
27599,0.6305
27600,0.5656
27601,0.6649
27602,0.6467
27603,0.6536
27604,0.7980
27605,0.8781
27606,0.7001
27607,0.6387
27608,0.7334
27609,0.4924
27610,0.6524
27611,0.5509
27612,0.6671
27613,0.6632
27614,0.9771
27615,0.7284
27616,0.8937
27617,0.7519
27618,0.6723
27619,0.6502
27620,0.7609
27621,0.7317
27622,0.4437
27623,0.5984
27624,0.6439
27625,0.8616
27626,0.8084
27627,0.7810
27628,0.5369
27629,0.6121
27630,0.5933
27631,0.6476
27632,0.5786
27633,0.7045
27634,0.8571
27635,0.6780
27636,0.9658
27637,0.5799
27638,0.6564
27639,0.6718
27640,0.6104
27641,0.6282
27642,0.6044
27643,0.6036
27644,0.6600
27645,0.9341
27646,0.6792
27647,0.6306
27648,0.8422
27649,1.5122
27650,0.3186
27651,0.2122
27652,0.5639
27653,0.6185
27654,0.8633
27655,0.7924
27656,0.8311
27657,0.5302
27658,0.6577
27659,0.6343
27660,0.5670
27661,0.6424
27662,0.6561
27663,0.6699
27664,0.9032
27665,0.7447
27666,0.7279
27667,0.7588
27668,0.8856
27669,0.7230
27670,0.9137
27671,0.5726
27672,0.5748
27673,0.6019
27674,1.1197
27675,0.5191
27676,0.6899
27677,0.6716
27678,0.5394
27679,0.6602
27680,0.6458
27681,0.6949
27682,0.5836
27683,0.5485
27684,1.0658
27685,0.7472
27686,0.4670
27687,0.6351
27688,0.6388
27689,0.6578
27690,0.5626
27691,0.6663
27692,0.6537
27693,0.6582
27694,0.9529
27695,0.7136
27696,0.6000
27697,0.5805
27698,0.6333
27699,0.6342
27700,0.5823
27701,0.6717
27702,0.6497
27703,0.5960
27704,0.6373
27705,1.0980
27706,0.6070
27707,0.6474
27708,0.5854
27709,0.6301
27710,0.6754
27711,0.5765
27712,0.6953
27713,0.7489
27714,0.5301
27715,0.8999
27716,1.1707
27717,0.2779
27718,0.7035
27719,0.5737
27720,0.6619
27721,0.6766
27722,0.5393
27723,0.5987
27724,0.7207
27725,0.9643
27726,0.7799
27727,1.1327
27728,0.6705
27729,0.6249
27730,0.6621
27731,0.6649
27732,0.8555
27733,0.3767
27734,0.5671
27735,1.0974
27736,0.5675
27737,0.7248
27738,0.5185
27739,0.7769
27740,0.4673
27741,0.6807
27742,0.6986
27743,0.7513
27744,0.4314
27745,0.6657
27746,0.9049
27747,0.9407
27748,0.5965
27749,0.4807
27750,0.6318
27751,0.6509
27752,0.8195
27753,1.3770
27754,0.1236
27755,0.2565
27756,0.6689
27757,1.0093
27758,0.6634
27759,0.6465
27760,0.6851
27761,0.5222
27762,0.6263
27763,0.8159
27764,0.3884
27765,0.7618
27766,0.9270
27767,0.5864
27768,0.8950
27769,0.4782
27770,0.6000
27771,0.6583
27772,0.7682
27773,0.5123
27774,0.5810
27775,0.6598
27776,1.0420
27777,0.7874
27778,0.8477
27779,0.6804
27780,0.6639
27781,0.5102
27782,0.6372
27783,1.2844
27784,0.5606
27785,0.1728
27786,1.1002
27787,0.8102
27788,0.8278
27789,0.7512
27790,0.5973
27791,0.5436
27792,0.6949
27793,0.6692
27794,0.4337
27795,0.6225
27796,1.2535
27797,0.7017
27798,0.5704
27799,0.6277
27800,0.5805
27801,0.6236
27802,0.6201
27803,0.9047
27804,0.2732
27805,0.7065
27806,0.8877
27807,0.7324
27808,0.6291
27809,0.6141
27810,0.6237
27811,0.6504
27812,0.6341
27813,0.6176
27814,0.5806
27815,0.6873
27816,0.9388
27817,0.6545
27818,0.5712
27819,0.6766
27820,0.5626
27821,0.6569
27822,0.6438
27823,0.7529
27824,0.6042
27825,0.4963
27826,0.7430
27827,0.9524
27828,1.4094
27829,0.1452
27830,0.8177
27831,0.5275
27832,0.6431
27833,0.6128
27834,0.7017
27835,0.6055
27836,0.5529
27837,1.0691
27838,0.6602
27839,0.5656
27840,0.5625
27841,0.8131
27842,0.4243
27843,0.6319
27844,0.7218
27845,0.6783
27846,0.5420
27847,0.9998
27848,0.7066
27849,1.2057
27850,0.6725
27851,0.7330
27852,0.5832
27853,0.6091
27854,0.5721
27855,0.9069
27856,0.7719
27857,0.8084
27858,0.5779
27859,0.6812
27860,0.5566
27861,0.7122
27862,0.5724
27863,0.6658
27864,0.6246
27865,0.6929
27866,0.9531
27867,0.6078
27868,0.9354
27869,0.4002
27870,0.6897
27871,0.6689
27872,0.7090
27873,0.6049
27874,0.9760
27875,0.1697
27876,0.7283
27877,1.2346
27878,0.6091
27879,0.7269
27880,0.5895
27881,0.5856
27882,0.5376
27883,0.6659
27884,0.7105
27885,0.6025
27886,0.6393
27887,0.6878
27888,0.7416
27889,0.7252
27890,0.6222
27891,0.7315
27892,0.6513
27893,0.5382
27894,0.7495
27895,0.5090
27896,0.7936
27897,0.9814
27898,0.5991
27899,0.9572
27900,0.7292
27901,0.6824
27902,0.7878
27903,0.7057
27904,0.4958
27905,0.8403
27906,0.9175
27907,0.6577
27908,0.6014
27909,0.7899
27910,0.4298
27911,0.6400
27912,0.6789
27913,0.7978
27914,0.5317
27915,0.5027
27916,0.6938
27917,0.9657
27918,0.7337
27919,0.9202
27920,0.6219
27921,0.7822
27922,0.3078
27923,0.6506
27924,0.5897
27925,0.6821
27926,0.8787
27927,0.7477
27928,0.6869
27929,0.6869
27930,0.6647
27931,0.5126
27932,0.6503
27933,0.7208
27934,0.7433
27935,0.4077
27936,0.6525
27937,0.9461
27938,0.7589
27939,0.4934
27940,0.7407
27941,0.7619
27942,0.6945
27943,0.3802
27944,0.6457
27945,0.5983
27946,0.6535
27947,0.6310
27948,1.1515
27949,0.5879
27950,0.6282
27951,0.7036
27952,0.5328
27953,0.7399
27954,0.5335
27955,0.8206
27956,0.4689
27957,0.6670
27958,0.9589
27959,0.9187
27960,0.6164
27961,0.8388
27962,0.6264
27963,0.6143
27964,0.6048
27965,0.9399
27966,0.3611
27967,0.6472
27968,1.0377
27969,0.6696
27970,0.6069
27971,0.5538
27972,0.6708
27973,0.7028
27974,0.5476
27975,0.8311
27976,0.5046
27977,0.5503
27978,1.0436
27979,0.5730
27980,0.6580
27981,0.6272
27982,0.6182
27983,0.5394
27984,0.7063
27985,0.6227
27986,0.5649
27987,0.7897
27988,0.9054
27989,0.5834
27990,0.8564
27991,0.6223
27992,0.5685
27993,0.6149
27994,0.5841
27995,0.6681
27996,0.6736
27997,0.6762
27998,0.6252
27999,0.5603
28000,1.1617
28001,0.7416
28002,0.4162
28003,0.5969
28004,0.6452
28005,0.6461
28006,0.6356
28007,0.7035
28008,0.8484
28009,0.7508
28010,0.6209
28011,0.5508
28012,0.6974
28013,1.4329
28014,0.3338
28015,0.2400
28016,0.4464
28017,0.8922
28018,0.8023
28019,0.6387
28020,1.1446
28021,0.7693
28022,0.7614
28023,0.5635
28024,0.5708
28025,0.6509
28026,0.7353
28027,0.6131
28028,0.9682
28029,0.5506
28030,0.9297
28031,0.5372
28032,0.6062
28033,0.6812
28034,0.6091
28035,0.8112
28036,1.2209
28037,0.1532
28038,0.6092
28039,0.5558
28040,0.9753
28041,0.9163
28042,0.7064
28043,0.7450
28044,0.8142
28045,0.5730
28046,0.5594
28047,0.7092
28048,0.8909
28049,0.6817
28050,0.6425
28051,0.5745
28052,0.6041
28053,0.6230
28054,0.6733
28055,0.6366
28056,0.8708
28057,0.4488
28058,0.8456
28059,0.3278
28060,1.1546
28061,0.4791
28062,0.6821
28063,0.4941
28064,0.6937
28065,0.6569
28066,0.7313
28067,0.4664
28068,0.6672
28069,0.9068
28070,0.7987
28071,0.8339
28072,0.6338
28073,0.6241
28074,0.6316
28075,0.5918
28076,0.7184
28077,0.6619
28078,0.6485
28079,0.8418
28080,1.4587
28081,0.2393
28082,0.9000
28083,0.6195
28084,0.6515
28085,0.5675
28086,0.6677
28087,0.6458
28088,0.7209
28089,0.8579
28090,0.6310
28091,0.9588
28092,0.7496
28093,0.6836
28094,0.5946
28095,0.6067
28096,0.6978
28097,0.6517
28098,0.9127
28099,0.6617
28100,0.6262
28101,0.7557
28102,0.5381
28103,0.6819
28104,0.5525
28105,0.6482
28106,0.6856
28107,0.5671
28108,0.5910
28109,1.0828
28110,0.5729
28111,0.5665
28112,0.6621
28113,0.5946
28114,0.6796
28115,0.6190
28116,1.4115
28117,0.2069
28118,0.5084
28119,0.5474
28120,1.2249
28121,0.5432
28122,0.7245
28123,0.5566
28124,0.6102
28125,0.6003
28126,0.6325
28127,0.7004
28128,0.6678
28129,0.9900
28130,0.8115
28131,0.8393
28132,0.7570
28133,0.6153
28134,0.6453
28135,0.5974
28136,0.8055
28137,0.3606
28138,0.6209
28139,1.0242
28140,0.6570
28141,0.7630
28142,0.5481
28143,0.6552
28144,0.5306
28145,0.6756
28146,0.7692
28147,0.4793
28148,0.6411
28149,0.8976
28150,0.7788
28151,0.7497
28152,0.5691
28153,0.5960
28154,0.7115
28155,0.5832
28156,0.6719
28157,0.6511
28158,0.6213
28159,1.0833
28160,0.6123
28161,0.6679
28162,0.6305
28163,0.5950
28164,0.5817
28165,0.6868
28166,0.5812
28167,1.1224
28168,0.3250
28169,0.5809
28170,0.9357
28171,0.6406
28172,0.7564
28173,0.5441
28174,0.6692
28175,0.6208
28176,0.6510
28177,0.6917
28178,0.8098
28179,0.4052
28180,0.5959
28181,0.9544
28182,0.6141
28183,0.7045
28184,0.6328
28185,0.5493
28186,0.6292
28187,0.6625
28188,0.6067
28189,0.6345
28190,1.1801
28191,0.9786
28192,0.7944
28193,0.6958
28194,0.6783
28195,0.6118
28196,0.5560
28197,0.9423
28198,0.3663
28199,0.5820
28200,0.9481
28201,0.7201
28202,0.6006
28203,0.6724
28204,0.7835
28205,0.4380
28206,0.6062
28207,1.0096
28208,0.2770
28209,0.6483
28210,0.6128
28211,1.0842
28212,0.6863
28213,0.7414
28214,0.5567
28215,0.5795
28216,0.6067
28217,0.7033
28218,0.5283
28219,0.6984
28220,0.8568
28221,0.7115
28222,0.5606
28223,0.5629
28224,0.6819
28225,0.6155
28226,0.6101
28227,0.6214
28228,0.7388
28229,0.6168
28230,0.5844
28231,0.5417
28232,1.0511
28233,0.6823
28234,0.5445
28235,0.6708
28236,0.5748
28237,0.5610
28238,0.7181
28239,0.5923
28240,0.6737
28241,1.0187
28242,0.7610
28243,0.5342
28244,0.6366
28245,0.6246
28246,0.6831
28247,0.6323
28248,0.5397
28249,0.7294
28250,0.6528
28251,0.9576
28252,0.7250
28253,0.8937
28254,0.6657
28255,0.6235
28256,0.8023
28257,0.5490
28258,0.7128
28259,0.6886
28260,0.5463
28261,0.6801
28262,0.9994
28263,0.6496
28264,0.5674
28265,0.7144
28266,0.5402
28267,0.7200
28268,0.4986
28269,0.7432
28270,0.6129
28271,0.8924
28272,0.7934
28273,0.5777
28274,0.5422
28275,0.6887
28276,0.5931
28277,0.6287
28278,0.6480
28279,0.5959
28280,0.6974
28281,0.8542
28282,0.8573
28283,0.7013
28284,0.7882
28285,0.5849
28286,0.6471
28287,0.5917
28288,0.6098
28289,0.5978
28290,0.7056
28291,0.6171
28292,0.9186
28293,0.6997
28294,0.6962
28295,0.5847
28296,0.6228
28297,0.5755
28298,0.6844
28299,0.6290
28300,0.6422
28301,0.6301
28302,0.8857
28303,0.7173
28304,0.8170
28305,0.4463
28306,0.6004
28307,0.6785
28308,0.7464
28309,0.5349
28310,0.6258
28311,0.6259
28312,0.5947
28313,1.0593
28314,0.6821
28315,0.7619
28316,0.8458
28317,0.7441
28318,0.7375
28319,0.6210
28320,0.5971
28321,0.6198
28322,1.0975
28323,0.5682
28324,0.6354
28325,0.6129
28326,1.0633
28327,0.2904
28328,0.6365
28329,0.5492
28330,0.6431
28331,0.6143
28332,0.5674
28333,1.7023
28334,0.1309
28335,0.6986
28336,0.5993
28337,0.6260
28338,0.6701
28339,0.6461
28340,0.6201
28341,0.6217
28342,0.6079
28343,0.8952
28344,0.6959
28345,0.8369
28346,0.6078
28347,0.6035
28348,0.6335
28349,0.8625
28350,0.4337
28351,0.6087
28352,0.6531
28353,1.0060
28354,0.6583
28355,0.7042
28356,0.6505
28357,0.6230
28358,0.5842
28359,0.6728
28360,0.5577
28361,0.8118
28362,0.6205
28363,0.5479
28364,1.0924
28365,1.1076
28366,0.6878
28367,0.7585
28368,0.6343
28369,0.6289
28370,0.9263
28371,0.3490
28372,0.6715
28373,0.8314
28374,0.7250
28375,0.7928
28376,0.6164
28377,0.6244
28378,0.6426
28379,0.5942
28380,0.8406
28381,0.4069
28382,0.6624
28383,1.0712
28384,0.5227
28385,1.0155
28386,0.5988
28387,0.6571
28388,0.6291
28389,0.6143
28390,0.8958
28391,0.4166
28392,1.3645
28393,0.2829
28394,0.7408
28395,0.4562
28396,0.6031
28397,0.6175
28398,0.6597
28399,0.6309
28400,0.5950
28401,0.7403
28402,0.5988
28403,1.0009
28404,0.6362
28405,0.8970
28406,0.6429
28407,0.6366
28408,0.9249
28409,0.9091
28410,0.2765
28411,0.7757
28412,0.6075
28413,0.8364
28414,0.4990
28415,0.9905
28416,0.4548
28417,0.6142
28418,0.5796
28419,0.6342
28420,0.6278
28421,0.6306
28422,0.6494
28423,1.0046
28424,0.6598
28425,0.9292
28426,0.7160
28427,0.8272
28428,0.4643
28429,0.6453
28430,0.8044
28431,0.5126
28432,0.6543
28433,0.9826
28434,0.6477
28435,0.9451
28436,0.7149
28437,0.6629
28438,0.5185
28439,0.6122
28440,0.6393
28441,0.5677
28442,0.6303
28443,0.8779
28444,0.6887
28445,0.6556
28446,0.5931
28447,0.8153
28448,0.4700
28449,0.5961
28450,0.6798
28451,0.6536
28452,0.5868
28453,0.6755
28454,1.0694
28455,0.6378
28456,0.6397
28457,0.5484
28458,0.6725
28459,0.6290
28460,1.8201
28461,0.2074
28462,0.2036
28463,0.7951
28464,0.2831
28465,1.0678
28466,0.5090
28467,0.6252
28468,0.7564
28469,0.6311
28470,0.6279
28471,0.6514
28472,0.6056
28473,1.0930
28474,0.4596
28475,0.6312
28476,0.6132
28477,0.5994
28478,0.6208
28479,0.6549
28480,0.6423
28481,0.7497
28482,0.5206
28483,1.3028
28484,0.4877
28485,0.5669
28486,0.7981
28487,0.8563
28488,0.6734
28489,0.8267
28490,0.6283
28491,0.7128
28492,0.6452
28493,0.5294
28494,0.6184
28495,0.9284
28496,0.6656
28497,0.6983
28498,0.7327
28499,0.4732
28500,0.7422
28501,0.6044
28502,0.4712
28503,0.6786
28504,1.0781
28505,1.2582
28506,0.2881
28507,0.5349
28508,0.6542
28509,0.6025
28510,0.7040
28511,0.5641
28512,0.5812
28513,0.7002
28514,0.8442
28515,0.6877
28516,0.6633
28517,0.6277
28518,0.7272
28519,0.4677
28520,0.6705
28521,0.6582
28522,0.7635
28523,0.6253
28524,0.5665
28525,0.8414
28526,1.1400
28527,0.5191
28528,0.6556
28529,0.5735
28530,0.6884
28531,0.6145
28532,0.6201
28533,0.6828
28534,0.9361
28535,0.7013
28536,0.5918
28537,0.5954
28538,0.5588
28539,0.6774
28540,0.5990
28541,0.6582
28542,0.7565
28543,0.5605
28544,0.5610
28545,1.0937
28546,0.9265
28547,0.6874
28548,0.7497
28549,0.5841
28550,0.6475
28551,0.5621
28552,1.4402
28553,0.2218
28554,0.3679
28555,0.9665
28556,0.9030
28557,0.3701
28558,0.6613
28559,0.6137
28560,0.6044
28561,0.6737
28562,0.6247
28563,0.6143
28564,0.6263
28565,1.1038
28566,0.5142
28567,0.7835
28568,0.7412
28569,0.4891
28570,0.6667
28571,0.6497
28572,0.6580
28573,0.5343
28574,0.6516
28575,0.6242
28576,1.2554
28577,0.5237
28578,1.0667
28579,0.3604
28580,0.3903
28581,0.6608
28582,0.7083
28583,0.5999
28584,0.6223
28585,0.9928
28586,0.6043
28587,0.5537
28588,0.6486
28589,0.5348
28590,0.6875
28591,0.6510
28592,0.6314
28593,0.7150
28594,0.5393
28595,0.9057
28596,0.8603
28597,0.8571
28598,0.6984
28599,0.7372
28600,0.7080
28601,0.5128
28602,0.6624
28603,0.6511
28604,0.6774
28605,0.8606
28606,0.6936
28607,0.9317
28608,0.6199
28609,0.6131
28610,0.5559
28611,0.6970
28612,0.6432
28613,0.6961
28614,0.5337
28615,0.6649
28616,0.9356
28617,0.7146
28618,0.6940
28619,0.7377
28620,0.5394
28621,1.0655
28622,0.2142
28623,0.7655
28624,0.4578
28625,0.6561
28626,1.1151
28627,0.7229
28628,0.4933
28629,0.6752
28630,0.5841
28631,0.6020
28632,0.6915
28633,0.6507
28634,0.5433
28635,0.6681
28636,0.8991
28637,0.7354
28638,0.6015
28639,0.5993
28640,0.6232
28641,0.6834
28642,0.6973
28643,0.5651
28644,0.9119
28645,0.4371
28646,0.5376
28647,1.0915
28648,0.6787
28649,0.7406
28650,0.6461
28651,0.6401
28652,0.6387
28653,0.7068
28654,0.7730
28655,0.3897
28656,0.5855
28657,1.1293
28658,0.7569
28659,0.7372
28660,0.7873
28661,0.6228
28662,0.5163
28663,0.6612
28664,0.6915
28665,0.6415
28666,1.0714
28667,0.5324
28668,0.6754
28669,0.6473
28670,0.5964
28671,0.5630
28672,0.6239
28673,0.6484
28674,0.7339
28675,0.5589
28676,0.5447
28677,1.0800
28678,0.7070
28679,0.6228
28680,0.6050
28681,1.0202
28682,0.1762
28683,0.6940
28684,0.6765
28685,0.6408
28686,0.6584
28687,0.8563
28688,0.6998
28689,1.3460
28690,0.2187
28691,0.2928
28692,0.6909
28693,0.7794
28694,0.4312
28695,0.6586
28696,0.6496
28697,0.6237
28698,1.0068
28699,0.7492
28700,0.5793
28701,0.6233
28702,0.5805
28703,0.6591
28704,0.6285
28705,0.8370
28706,0.4902
28707,0.5282
28708,0.9151
28709,0.8273
28710,0.7488
28711,0.5732
28712,0.7481
28713,0.6134
28714,0.5132
28715,0.6767
28716,0.8259
28717,0.6180
28718,1.0828
28719,0.8297
28720,0.6727
28721,0.7907
28722,0.5640
28723,0.6767
28724,0.6192
28725,0.6094
28726,0.6556
28727,0.6133
28728,1.1037
28729,0.6083
28730,0.6416
28731,0.6822
28732,0.6159
28733,0.6200
28734,0.5964
28735,1.0887
28736,0.3017
28737,0.5350
28738,0.9231
28739,0.6822
28740,0.6103
28741,0.6364
28742,0.5376
28743,0.6321
28744,0.6468
28745,0.7903
28746,0.5516
28747,0.6161
28748,0.6262
28749,1.0350
28750,0.7290
28751,0.5688
28752,0.6231
28753,0.6456
28754,0.5951
28755,0.6289
28756,0.7830
28757,0.5488
28758,0.5669
28759,1.5851
28760,0.3443
28761,0.5124
28762,0.6222
28763,0.5802
28764,0.6604
28765,0.6239
28766,0.8048
28767,0.4567
28768,0.6099
28769,1.0949
28770,0.7232
28771,0.5516
28772,0.6061
28773,0.6445
28774,0.6170
28775,0.6126
28776,0.6878
28777,0.6387
28778,0.6093
28779,1.0217
28780,0.6708
28781,1.5015
28782,0.2827
28783,1.0399
28784,0.3591
28785,0.6058
28786,0.5397
28787,0.5456
28788,0.5755
28789,0.9414
28790,0.6167
28791,0.6614
28792,0.6572
28793,0.6175
28794,0.5877
28795,0.6612
28796,0.6496
28797,0.5778
28798,0.6761
28799,0.9466
28800,0.6931
28801,1.0239
28802,0.4149
28803,1.0983
28804,0.1958
28805,0.5951
28806,0.7104
28807,0.5756
28808,0.8224
28809,0.8176
28810,0.6747
28811,0.5699
28812,0.6679
28813,0.6146
28814,0.5899
28815,0.5943
28816,0.6301
28817,0.8634
28818,0.4330
28819,0.7560
28820,0.9682
28821,0.5783
28822,0.6517
28823,0.7149
28824,0.5715
28825,0.6769
28826,0.5555
28827,0.6298
28828,0.9829
28829,0.3253
28830,1.0706
28831,0.6145
28832,0.9067
28833,0.7538
28834,0.8571
28835,0.5322
28836,0.6428
28837,0.7018
28838,0.7509
28839,0.6449
28840,0.6853
28841,0.8687
28842,0.6032
28843,0.4196
28844,0.6032
28845,0.6656
28846,0.6412
28847,0.7413
28848,0.5380
28849,0.8452
28850,1.9805
28851,0.4474
28852,0.5211
28853,0.4062
28854,0.6315
28855,0.5309
28856,0.6054
28857,1.0265
28858,0.3376
28859,0.8526
28860,0.4633
28861,0.6422
28862,0.8632
28863,0.6292
28864,0.6313
28865,0.5716
28866,0.6800
28867,0.6848
28868,0.6017
28869,0.5986
28870,0.7245
28871,0.9125
28872,0.7969
28873,0.8293
28874,0.4804
28875,0.6339
28876,0.6024
28877,0.9561
28878,0.4698
28879,0.5881
28880,0.7973
28881,0.8876
28882,0.6947
28883,0.6634
28884,0.5583
28885,0.6296
28886,0.6380
28887,0.8228
28888,0.7284
28889,0.5836
28890,0.6591
28891,0.7688
28892,1.0993
28893,1.3731
28894,0.6144
28895,0.3368
28896,0.8106
28897,0.3935
28898,0.7637
28899,0.5641
28900,0.5907
28901,0.6920
28902,0.9333
28903,0.5589
28904,0.5727
28905,0.5809
28906,0.7707
28907,0.8069
28908,0.4825
28909,0.6731
28910,1.3420
28911,0.4572
28912,0.4227
28913,0.5899
28914,0.5475
28915,0.6262
28916,0.5703
28917,0.8198
28918,0.4132
28919,0.9024
28920,0.8867
28921,0.6564
28922,0.6182
28923,0.9393
28924,0.6745
28925,0.5636
28926,0.6326
28927,0.6938
28928,0.5665
28929,0.6525
28930,0.6494
28931,1.3685
28932,0.3260
28933,0.8860
28934,0.5101
28935,0.5095
28936,0.7820
28937,0.4951
28938,0.7675
28939,0.6972
28940,0.7068
28941,0.3851
28942,0.6399
28943,0.9834
28944,1.2155
28945,0.3760
28946,0.6942
28947,0.5504
28948,0.6636
28949,0.5577
28950,0.8328
28951,0.5114
28952,1.1070
28953,0.5499
28954,0.7596
28955,0.7895
28956,0.5259
28957,0.7328
28958,0.5673
28959,0.8217
28960,0.6728
28961,0.5206
28962,1.2393
28963,0.3962
28964,0.4811
28965,0.6504
28966,0.6345
28967,0.5536
28968,0.7874
28969,0.6645
28970,0.6554
28971,0.6190
28972,0.5671
28973,1.0677
28974,1.0764
28975,0.5191
28976,0.5375
28977,0.6166
28978,0.5085
28979,0.7142
28980,1.0262
28981,0.7602
28982,0.4572
28983,0.5875
28984,0.6061
28985,1.3253
28986,0.1335
28987,0.3524
28988,0.8237
28989,0.5089
28990,0.6397
28991,1.0491
28992,0.9410
28993,0.7556
28994,0.5427
28995,0.7894
28996,0.4721
28997,0.6982
28998,0.6267
28999,0.5157
29000,0.6967
29001,0.7386
29002,0.4854
29003,1.0201
29004,0.4697
29005,0.5192
29006,0.6409
29007,0.5907
29008,0.6680
29009,0.6369
29010,0.5713
29011,1.0707
29012,0.6369
29013,1.2738
29014,0.7006
29015,0.6843
29016,0.7727
29017,0.4571
29018,0.9911
29019,0.2520
29020,0.6448
29021,0.9496
29022,0.8252
29023,0.7187
29024,0.5638
29025,0.5880
29026,0.5633
29027,0.7091
29028,0.4551
29029,0.6181
29030,0.8081
29031,0.4761
29032,0.8841
29033,0.7366
29034,0.5972
29035,0.6884
29036,0.6319
29037,0.6015
29038,0.6803
29039,0.9238
29040,0.2624
29041,0.6164
29042,1.0123
29043,0.9245
29044,0.6761
29045,0.5991
29046,0.6214
29047,0.5873
29048,0.6358
29049,0.6223
29050,0.6825
29051,0.5616
29052,0.7838
29053,1.0349
29054,0.8974
29055,0.1325
29056,0.6195
29057,0.6607
29058,0.6506
29059,0.5846
29060,0.6591
29061,0.6999
29062,1.1579
29063,0.5633
29064,0.9057
29065,1.2272
29066,0.5016
29067,0.8231
29068,0.7033
29069,0.4921
29070,0.6113
29071,0.7222
29072,0.5055
29073,0.6462
29074,0.9009
29075,0.5922
29076,0.6511
29077,0.5332
29078,0.5791
29079,0.6400
29080,0.6483
29081,0.8718
29082,0.8549
29083,0.7247
29084,0.7207
29085,0.6014
29086,0.4703
29087,0.7379
29088,0.6294
29089,0.7726
29090,0.5520
29091,0.4170
29092,0.6072
29093,1.4489
29094,0.5455
29095,0.6824
29096,0.6382
29097,0.6336
29098,0.5892
29099,0.5662
29100,0.7106
29101,0.5231
29102,0.5864
29103,0.9645
29104,0.7622
29105,0.5794
29106,0.6200
29107,1.2258
29108,0.2809
29109,0.4439
29110,1.0291
29111,0.2436
29112,0.4962
29113,0.9580
29114,0.8456
29115,1.0759
29116,0.4986
29117,0.5726
29118,0.6382
29119,0.6469
29120,0.6539
29121,0.6998
29122,0.9918
29123,0.5802
29124,0.9344
29125,0.7333
29126,0.8916
29127,0.5497
29128,0.5092
29129,0.6142
29130,0.7728
29131,0.5638
29132,0.5762
29133,1.0248
29134,0.8589
29135,0.4696
29136,0.6557
29137,0.5948
29138,0.5887
29139,0.6929
29140,0.6162
29141,1.0086
29142,0.3976
29143,0.5967
29144,1.2024
29145,0.3115
29146,0.7066
29147,0.6131
29148,0.6403
29149,0.6575
29150,0.7958
29151,0.5684
29152,0.4877
29153,0.7088
29154,1.0454
29155,0.6264
29156,0.6824
29157,0.4650
29158,0.6408
29159,0.6093
29160,0.5771
29161,0.6605
29162,0.6248
29163,0.7974
29164,1.0171
29165,0.5786
29166,1.1423
29167,0.8076
29168,0.1592
29169,0.5881
29170,0.6168
29171,0.5588
29172,1.0210
29173,0.9368
29174,1.1876
29175,0.3676
29176,0.2743
29177,0.5795
29178,0.5762
29179,0.6231
29180,0.4727
29181,0.7474
29182,0.8757
29183,0.3778
29184,0.7529
29185,1.3219
29186,0.6771
29187,0.7268
29188,0.6169
29189,0.5723
29190,0.6486
29191,0.6248
29192,0.6100
29193,1.1648
29194,0.5421
29195,0.8440
29196,0.5501
29197,0.6755
29198,0.5912
29199,0.6485
29200,0.7071
29201,0.5512
29202,0.6343
29203,0.6979
29204,1.1877
29205,0.5633
29206,0.4539
29207,0.5941
29208,0.6554
29209,0.4795
29210,0.6237
29211,0.9072
29212,0.5562
29213,0.4429
29214,0.9464
29215,1.0322
29216,0.7694
29217,0.4648
29218,0.6668
29219,0.5501
29220,0.6663
29221,0.8234
29222,0.4203
29223,0.6079
29224,0.9535
29225,0.7830
29226,0.4797
29227,0.6643
29228,0.6936
29229,0.7201
29230,0.7311
29231,0.4077
29232,0.7606
29233,0.6636
29234,0.6161
29235,0.8861
29236,0.4792
29237,1.0323
29238,0.6247
29239,0.6091
29240,0.7439
29241,0.4398
29242,0.7390
29243,0.6170
29244,0.9380
29245,0.7453
29246,0.8941
29247,0.7422
29248,0.6846
29249,0.6244
29250,0.5901
29251,0.7284
29252,0.5294
29253,0.6586
29254,0.9994
29255,0.7160
29256,0.6281
29257,0.7150
29258,0.4651
29259,0.6424
29260,0.6884
29261,0.5736
29262,0.8192
29263,0.4593
29264,0.6469
29265,0.9581
29266,0.7492
29267,0.6794
29268,0.6990
29269,0.6390
29270,0.6059
29271,0.5685
29272,0.6454
29273,0.6896
29274,0.5453
29275,1.0605
29276,0.6810
29277,0.7390
29278,0.5734
29279,0.6506
29280,0.7204
29281,0.5025
29282,0.7602
29283,0.6049
29284,0.5901
29285,1.5042
29286,0.6810
29287,0.5157
29288,0.5766
29289,0.6244
29290,0.8806
29291,0.1775
29292,1.0946
29293,0.3145
29294,0.5453
29295,1.3715
29296,0.6556
29297,0.7921
29298,0.7072
29299,0.5893
29300,0.5906
29301,1.1349
29302,0.4150
29303,0.4676
29304,0.5975
29305,0.7404
29306,0.7272
29307,0.3571
29308,0.9365
29309,0.9548
29310,0.7840
29311,0.5489
29312,0.4977
29313,0.5765
29314,1.1117
29315,0.6602
29316,0.6786
29317,0.4851
29318,0.5628
29319,0.5924
29320,0.6800
29321,0.6304
29322,0.6892
29323,0.6160
29324,0.7994
29325,0.9094
29326,0.6529
29327,0.6547
29328,0.6057
29329,0.6540
29330,0.5313
29331,0.6332
29332,0.7775
29333,0.7041
29334,0.5243
29335,0.6244
29336,0.6634
29337,1.0309
29338,0.8236
29339,0.6835
29340,0.7400
29341,0.6005
29342,0.8547
29343,0.3816
29344,0.6393
29345,1.0089
29346,0.5595
29347,0.6000
29348,1.1778
29349,0.1299
29350,0.7554
29351,0.5796
29352,0.5935
29353,0.6422
29354,0.6228
29355,0.9205
29356,0.7897
29357,0.9687
29358,0.6349
29359,0.7887
29360,0.8918
29361,0.6339
29362,0.6912
29363,0.6518
29364,0.9083
29365,0.8161
29366,0.7230
29367,0.5251
29368,0.5995
29369,0.7400
29370,0.6310
29371,0.5587
29372,0.6260
29373,0.6268
29374,1.0906
29375,0.7216
29376,0.6105
29377,0.6579
29378,0.5980
29379,0.5191
29380,0.6660
29381,0.5754
29382,0.8043
29383,0.5783
29384,0.6026
29385,1.0166
29386,0.5798
29387,0.8484
29388,0.6118
29389,0.6394
29390,0.8712
29391,0.2519
29392,0.7997
29393,0.5328
29394,0.6210
29395,0.9661
29396,0.7372
29397,0.6792
29398,0.6619
29399,0.6208
29400,0.5879
29401,0.6940
29402,0.6399
29403,0.5710
29404,0.6526
29405,0.9309
29406,0.8043
29407,0.8809
29408,0.5315
29409,0.6747
29410,0.5601
29411,0.5954
29412,0.6212
29413,0.7748
29414,0.6024
29415,0.9031
29416,1.1042
29417,0.3346
29418,0.8985
29419,0.7077
29420,0.7358
29421,0.6247
29422,0.7226
29423,0.6284
29424,0.5647
29425,1.0875
29426,0.7160
29427,0.5159
29428,0.7340
29429,0.6385
29430,0.5473
29431,0.6095
29432,0.6347
29433,0.6677
29434,0.9051
29435,1.2311
29436,0.1468
29437,0.5612
29438,0.9806
29439,0.3845
29440,0.5626
29441,0.6340
29442,0.6014
29443,0.6438
29444,0.8041
29445,0.8892
29446,0.5317
29447,0.6399
29448,0.6429
29449,0.6479
29450,0.5816
29451,0.5936
29452,0.6739
29453,0.7331
29454,0.4789
29455,0.6671
29456,1.0178
29457,0.6567
29458,0.9128
29459,0.5932
29460,0.6710
29461,0.6080
29462,0.9143
29463,0.3181
29464,1.3288
29465,0.3547
29466,0.2715
29467,0.9137
29468,0.6267
29469,0.6133
29470,0.6651
29471,0.5303
29472,0.6569
29473,0.5867
29474,0.7980
29475,0.4889
29476,0.6625
29477,1.0104
29478,1.1055
29479,0.7139
29480,0.7634
29481,0.5762
29482,0.6677
29483,0.7790
29484,1.0740
29485,0.1892
29486,0.7721
29487,0.6947
29488,0.6045
29489,0.6527
29490,0.6430
29491,0.5505
29492,0.6320
29493,0.5609
29494,0.7415
29495,0.6557
29496,1.0638
29497,0.4340
29498,1.1278
29499,0.5356
29500,0.6576
29501,0.6570
29502,0.6102
29503,0.5398
29504,0.7527
29505,0.6721
29506,0.8106
29507,0.8360
29508,0.5026
29509,0.6102
29510,0.5914
29511,0.6713
29512,0.6247
29513,0.6370
29514,0.9009
29515,0.4147
29516,0.6161
29517,0.9255
29518,0.7661
29519,0.5145
29520,0.6355
29521,0.6024
29522,0.6268
29523,0.5872
29524,0.7083
29525,0.5718
29526,0.6169
29527,0.9380
29528,0.8212
29529,0.8572
29530,0.7088
29531,0.5093
29532,0.9417
29533,0.3683
29534,0.7820
29535,0.4154
29536,0.7862
29537,0.8754
29538,0.7017
29539,0.9328
29540,0.7318
29541,0.6749
29542,0.6222
29543,0.5287
29544,1.2401
29545,0.1625
29546,0.5765
29547,0.6277
29548,1.0916
29549,0.5762
29550,0.8744
29551,0.5580
29552,0.6550
29553,0.8587
29554,0.5739
29555,0.4661
29556,0.6121
29557,0.9403
29558,0.7345
29559,0.7770
29560,0.5366
29561,0.6418
29562,0.6521
29563,0.6354
29564,0.6795
29565,0.4905
29566,0.7025
29567,0.9098
29568,0.7080
29569,0.6236
29570,0.6191
29571,0.6038
29572,0.6575
29573,0.6260
29574,0.6245
29575,0.6204
29576,0.8673
29577,0.7810
29578,0.7079
29579,0.9188
29580,0.5151
29581,0.6775
29582,0.5638
29583,0.7007
29584,0.5705
29585,0.6775
29586,0.6241
29587,0.6622
29588,0.9345
29589,0.5706
29590,0.7241
29591,0.6059
29592,0.5934
29593,0.7023
29594,0.5509
29595,0.8833
29596,0.4166
29597,0.6606
29598,1.0792
29599,1.0831
29600,0.7382
29601,0.7648
29602,0.6010
29603,0.6145
29604,0.6295
29605,0.5958
29606,0.6769
29607,0.8664
29608,0.6341
29609,0.9218
29610,0.5858
29611,0.6037
29612,0.6131
29613,0.6051
29614,0.6838
29615,0.6508
29616,0.6519
29617,0.8545
29618,0.7775
29619,0.8295
29620,0.7464
29621,0.5335
29622,0.6740
29623,0.6031
29624,0.6479
29625,0.5557
29626,0.6790
29627,0.5657
29628,1.0231
29629,0.6875
29630,0.6090
29631,0.6238
29632,0.6169
29633,0.5520
29634,0.6879
29635,0.7140
29636,0.6474
29637,0.7940
29638,0.7327
29639,0.5418
29640,0.7625
29641,0.6416
29642,0.6280
29643,0.5377
29644,0.8654
29645,0.4487
29646,0.6640
29647,0.6089
29648,0.9812
29649,0.6951
29650,1.1223
29651,0.7642
29652,0.7018
29653,0.6025
29654,0.6303
29655,0.7934
29656,0.6306
29657,0.4423
29658,0.6938
29659,0.9281
29660,0.6342
29661,0.6581
29662,0.5998
29663,0.5922
29664,0.6741
29665,0.6094
29666,0.5577
29667,0.6770
29668,1.1395
29669,0.6404
29670,0.6041
29671,0.5387
29672,0.6600
29673,0.5657
29674,0.6294
29675,0.8053
29676,0.6396
29677,0.5821
29678,0.9914
29679,0.5834
29680,1.0584
29681,0.1278
29682,0.7116
29683,0.5158
29684,0.6164
29685,0.6677
29686,0.6046
29687,0.7564
29688,0.5721
29689,0.9615
29690,0.6256
29691,0.6464
29692,0.7600
29693,0.4390
29694,0.6441
29695,0.6833
29696,0.5856
29697,0.8787
29698,0.3894
29699,0.6317
29700,1.0772
29701,0.6599
29702,0.6338
29703,0.6315
29704,0.6458
29705,0.5602
29706,0.7240
29707,0.7194
29708,0.4887
29709,0.6234
29710,1.0946
29711,0.7669
29712,0.8179
29713,0.8740
29714,0.4387
29715,0.7104
29716,0.7646
29717,0.4841
29718,0.6261
29719,0.9917
29720,0.7539
29721,0.4711
29722,0.7171
29723,0.5775
29724,0.6253
29725,0.7243
29726,0.5579
29727,0.6600
29728,0.6252
29729,0.9409
29730,0.6995
29731,0.6021
29732,0.6221
29733,0.5340
29734,0.8695
29735,0.4303
29736,0.7239
29737,0.7282
29738,0.6713
29739,0.6018
29740,1.0447
29741,0.7366
29742,0.5353
29743,0.6005
29744,0.6157
29745,0.6712
29746,0.6283
29747,0.6978
29748,0.5563
29749,0.7100
29750,0.9924
29751,0.5564
29752,0.7844
29753,0.6990
29754,0.6242
29755,0.6610
29756,0.5094
29757,0.7799
29758,0.5621
29759,0.6568
29760,0.8954
29761,0.6088
29762,0.7131
29763,0.5306
29764,0.6882
29765,0.5371
29766,0.6304
29767,0.7167
29768,0.6463
29769,0.6502
29770,1.0394
29771,0.6553
29772,1.1423
29773,0.6778
29774,0.7307
29775,0.6116
29776,0.5818
29777,0.6864
29778,0.6498
29779,1.1499
29780,0.4119
29781,0.6412
29782,0.7492
29783,0.5193
29784,0.6839
29785,0.6150
29786,0.7180
29787,0.4655
29788,0.7318
29789,0.6240
29790,0.6202
29791,0.5544
29792,1.2108
29793,0.5045
29794,0.5540
29795,0.6140
29796,0.6588
29797,0.6440
29798,0.8047
29799,0.5226
29800,0.5683
29801,0.9483
29802,0.7215
29803,0.6172
29804,0.6069
29805,0.6686
29806,0.5568
29807,0.6881
29808,0.6250
29809,0.6298
29810,0.6510
29811,0.9199
29812,0.7913
29813,0.4647
29814,0.6051
29815,0.7136
29816,0.6407
29817,0.5437
29818,0.6820
29819,0.5218
29820,0.7732
29821,0.5737
29822,1.0720
29823,0.7047
29824,0.6385
29825,0.6339
29826,0.5594
29827,0.5886
29828,0.7136
29829,0.6084
29830,0.6065
29831,0.6443
29832,1.3561
29833,0.2621
29834,1.0469
29835,0.7153
29836,0.7006
29837,0.6189
29838,0.5927
29839,0.8551
29840,0.8428
29841,0.1983
29842,0.9869
29843,0.9780
29844,0.6070
29845,0.5834
29846,0.6131
29847,0.6220
29848,0.6251
29849,1.0627
29850,0.3978
29851,0.4984
29852,0.9576
29853,0.7418
29854,0.7616
29855,0.5936
29856,0.6766
29857,0.5700
29858,0.6651
29859,0.5451
29860,0.7508
29861,0.6038
29862,1.0512
29863,0.7045
29864,0.6034
29865,0.5521
29866,0.7129
29867,0.6258
29868,0.5165
29869,0.6634
29870,0.6641
29871,0.6268
29872,1.0013
29873,0.6619
29874,0.6087
29875,0.5735
29876,0.6859
29877,0.5950
29878,0.5997
29879,0.6120
29880,0.8819
29881,0.5127
29882,0.5516
29883,1.3256
29884,0.6530
29885,0.6463
29886,0.7643
29887,0.6675
29888,0.5587
29889,0.6804
29890,0.5897
29891,0.6978
29892,0.5355
29893,1.0637
29894,0.8239
29895,0.4647
29896,0.6562
29897,0.6095
29898,0.6601
29899,0.5532
29900,0.8565
29901,0.4986
29902,0.6154
29903,0.8693
29904,0.6964
29905,0.5414
29906,0.6590
29907,0.5995
29908,0.6201
29909,0.8310
29910,0.3968
29911,0.7136
29912,0.6530
29913,1.0874
29914,0.6029
29915,0.7137
29916,0.6295
29917,0.9220
29918,0.2532
29919,0.6256
29920,0.7012
29921,0.5550
29922,0.6720
29923,0.9223
29924,0.6897
29925,0.8065
29926,0.4903
29927,0.7639
29928,0.5619
29929,0.7572
29930,0.5022
29931,0.8032
29932,0.5177
29933,0.5864
29934,0.8719
29935,0.7183
29936,0.6007
29937,0.6444
29938,0.6075
29939,0.6688
29940,0.7747
29941,0.4362
29942,0.6237
29943,1.5555
29944,0.2258
29945,0.8216
29946,0.6924
29947,0.6864
29948,1.0165
29949,0.6884
29950,0.6290
29951,0.7292
29952,0.5246
29953,0.6072
29954,1.0105
29955,0.7410
29956,0.6540
29957,0.5024
29958,0.7963
29959,0.4389
29960,0.6063
29961,0.6197
29962,1.4121
29963,0.3831
29964,0.6829
29965,0.7542
29966,0.6397
29967,0.8732
29968,0.7361
29969,0.2975
29970,0.5869
29971,1.0355
29972,0.3409
29973,0.5166
29974,0.9280
29975,0.8229
29976,0.4472
29977,0.6413
29978,0.6239
29979,1.1642
29980,0.1504
29981,0.5990
29982,0.5929
29983,0.6726
29984,0.9617
29985,0.8310
29986,0.8012
29987,0.9267
29988,0.6917
29989,0.2195
29990,0.6250
29991,0.8659
29992,0.3792
29993,0.6258
29994,1.0352
29995,0.6853
29996,0.6110
29997,0.5577
29998,0.5944
29999,0.6360
30000,0.6722
30001,0.6163
30002,1.3658
30003,0.1701
30004,0.5585
30005,0.9153
30006,0.8933
30007,0.5168
30008,1.4931
30009,0.3030
30010,0.6559
30011,0.6174
30012,0.7711
30013,1.3466
30014,0.2525
30015,0.8443
30016,0.4940
30017,0.6354
30018,0.6431
30019,0.5905
30020,0.6247
30021,0.6324
30022,0.7055
30023,0.9356
30024,0.7101
30025,0.7132
30026,0.6552
30027,0.5889
30028,0.7093
30029,0.8053
30030,0.8198
30031,0.1900
30032,0.9546
30033,0.3287
30034,0.6140
30035,1.0911
30036,1.1540
30037,0.1697
30038,0.5654
30039,1.1295
30040,0.0942
30041,0.7645
30042,0.4734
30043,0.6329
30044,1.0587
30045,0.6056
30046,0.7223
30047,0.8198
30048,0.4996
30049,0.5231
30050,0.6604
30051,0.7263
30052,0.6704
30053,0.7025
30054,0.8048
30055,1.3125
30056,0.1036
30057,0.6056
30058,0.5947
30059,0.6945
30060,0.6676
30061,0.5357
30062,0.7494
30063,0.5532
30064,1.1208
30065,0.6648
30066,0.9483
30067,0.7112
30068,1.2397
30069,0.1139
30070,0.6136
30071,0.6634
30072,0.5448
30073,0.6846
30074,1.6688
30075,0.1964
30076,0.5643
30077,0.5583
30078,0.6216
30079,0.6055
30080,0.7370
30081,0.5287
30082,0.7165
30083,0.7296
30084,0.7557
30085,0.3133
30086,1.0845
30087,0.7791
30088,0.7017
30089,0.6572
30090,0.4988
30091,0.5909
30092,0.9310
30093,0.7327
30094,0.2981
30095,0.6935
30096,0.9472
30097,1.0735
30098,0.1158
30099,0.6351
30100,0.9914
30101,0.7298
30102,0.1141
30103,0.9892
30104,0.2553
30105,0.8597
30106,0.8166
30107,0.7300
30108,0.9012
30109,0.8532
30110,0.7809
30111,0.1111
30112,0.6536
30113,0.6949
30114,0.6430
30115,0.9460
30116,0.6507
30117,0.7813
30118,0.9144
30119,0.7692
30120,0.6966
30121,0.6658
30122,0.5285
30123,0.6224
30124,0.6907
30125,0.9021
30126,0.6464
30127,1.1043
30128,0.6863
30129,0.2428
30130,0.6538
30131,0.6018
30132,0.6721
30133,0.6126
30134,0.7090
30135,1.2160
30136,0.4510
30137,0.8290
30138,0.6200
30139,0.5503
30140,0.6038
30141,1.0011
30142,0.3150
30143,0.7942
30144,0.9929
30145,0.4567
30146,0.6248
30147,0.6374
30148,0.6271
30149,0.5962
30150,0.7265
30151,0.8852
30152,0.2741
30153,0.6028
30154,0.6202
30155,0.6918
30156,1.0968
30157,0.6031
30158,0.6872
30159,0.5610
30160,0.7042
30161,0.5717
30162,0.8099
30163,0.4601
30164,0.6441
30165,0.9650
30166,0.8129
30167,0.6628
30168,0.6437
30169,0.5513
30170,1.0859
30171,0.1021
30172,0.6377
30173,0.5802
30174,1.0672
30175,0.6536
30176,0.7262
30177,0.8366
30178,0.7980
30179,0.6634
30180,0.8232
30181,0.7087
30182,0.4840
30183,0.6502
30184,0.6773
30185,0.5938
30186,1.1697
30187,0.5957
30188,0.6349
30189,0.7322
30190,0.7534
30191,0.5169
30192,0.6803
30193,0.6366
30194,0.6443
30195,0.5709
30196,0.9712
30197,0.7064
30198,0.7245
30199,0.6301
30200,0.6039
30201,0.7320
30202,0.6288
30203,0.9396
30204,0.2664
30205,0.6204
30206,1.0771
30207,0.6898
30208,0.6240
30209,1.1660
30210,0.1686
30211,0.5481
30212,0.6396
30213,0.6837
30214,0.5645
30215,0.6631
30216,0.8532
30217,0.6337
30218,0.9317
30219,0.6060
30220,0.7352
30221,0.4951
30222,0.6522
30223,0.5761
30224,0.6689
30225,0.6414
30226,0.9085
30227,0.6718
30228,0.9542
30229,0.6142
30230,0.6367
30231,0.6368
30232,0.6502
30233,0.7187
30234,0.5511
30235,0.6782
30236,0.9929
30237,0.6803
30238,1.0041
30239,0.6430
30240,0.6844
30241,0.5890
30242,0.6643
30243,0.6506
30244,0.6501
30245,0.5801
30246,1.0074
30247,0.5864
30248,0.7187
30249,0.5708
30250,0.6491
30251,0.5788
30252,0.6704
30253,0.5845
30254,0.7050
30255,0.5964
30256,0.7346
30257,0.9647
30258,0.6681
30259,0.5788
30260,0.6344
30261,0.5530
30262,0.6884
30263,0.6405
30264,0.6634
30265,0.6351
30266,0.9289
30267,0.7123
30268,0.5817
30269,0.5565
30270,0.6733
30271,0.6199
30272,0.7338
30273,0.5313
30274,0.5341
30275,0.7071
30276,0.7533
30277,0.8330
30278,1.2389
30279,0.4267
30280,0.7267
30281,0.4543
30282,0.6891
30283,0.6602
30284,0.5472
30285,0.8289
30286,0.4658
30287,0.9846
30288,0.6891
30289,0.6009
30290,0.5089
30291,0.7300
30292,0.6105
30293,0.6765
30294,0.5911
30295,0.6154
30296,0.6472
30297,0.9185
30298,0.6555
30299,0.7300
30300,0.9235
30301,0.7206
30302,0.7637
30303,0.6043
30304,0.9773
30305,0.5231
30306,0.6568
30307,1.0225
30308,0.6960
30309,0.7713
30310,0.6289
30311,0.6185
30312,0.6632
30313,0.5418
30314,0.7226
30315,0.5936
30316,0.5810
30317,0.9237
30318,0.6880
30319,0.5657
30320,0.7221
30321,0.6670
30322,0.6188
30323,0.6241
30324,0.7749
30325,0.4499
30326,0.6881
30327,0.9091
30328,0.6976
30329,1.0033
30330,0.5877
30331,0.5793
30332,0.6755
30333,0.5940
30334,0.6222
30335,0.6656
30336,0.6327
30337,0.9645
30338,0.6775
30339,0.7672
30340,0.6232
30341,0.6347
30342,0.6108
30343,0.5984
30344,1.2111
30345,0.4935
30346,0.5846
30347,0.9695
30348,0.9330
30349,0.7032
30350,0.6273
30351,0.6109
30352,0.6199
30353,0.6650
30354,0.7581
30355,0.4796
30356,0.6031
30357,1.0468
30358,0.6493
30359,0.7630
30360,0.6224
30361,0.6065
30362,0.5583
30363,0.6817
30364,0.6146
30365,0.6269
30366,0.6593
30367,0.9617
30368,0.5859
30369,0.6564
30370,0.6817
30371,0.5751
30372,0.6118
30373,0.7238
30374,0.5663
30375,0.7012
30376,0.6382
30377,0.9768
30378,0.8051
30379,0.8881
30380,0.5267
30381,0.5797
30382,0.5976
30383,0.6268
30384,0.6303
30385,0.6651
30386,0.6101
30387,0.9673
30388,0.7131
30389,0.6229
30390,0.5403
30391,0.6977
30392,0.5789
30393,0.5624
30394,0.6199
30395,0.7876
30396,0.5562
30397,0.5772
30398,1.0795
30399,0.6189
30400,0.6940
30401,0.5408
30402,0.6204
30403,0.6136
30404,0.6522
30405,0.7067
30406,0.5916
30407,0.6809
30408,0.8810
30409,0.7261
30410,0.8045
30411,0.8805
30412,0.6144
30413,0.8360
30414,0.6115
30415,0.8823
30416,0.3578
30417,0.6718
30418,0.9247
30419,0.7488
30420,0.7220
30421,0.6552
30422,0.5609
30423,0.6175
30424,0.6043
30425,0.7033
30426,0.7764
30427,0.4171
30428,0.6117
30429,1.1605
30430,0.5999
30431,0.6192
30432,0.6282
30433,1.2875
30434,0.2288
30435,0.4273
30436,0.5939
30437,0.7270
30438,0.5473
30439,0.9896
30440,0.6829
30441,0.7669
30442,0.5768
30443,0.6513
30444,0.6022
30445,0.7031
30446,0.5371
30447,0.6811
30448,0.9279
30449,0.6918
30450,0.9803
30451,0.5721
30452,0.6887
30453,0.5550
30454,0.6185
30455,0.9284
30456,1.0653
30457,0.1407
30458,0.6281
30459,0.5646
30460,1.0224
30461,0.5411
30462,0.6984
30463,0.5345
30464,0.6594
30465,0.6442
30466,1.0640
30467,0.2727
30468,0.5469
30469,1.1113
30470,1.0933
30471,0.7471
30472,0.7472
30473,0.6105
30474,0.5913
30475,0.8077
30476,0.4562
30477,0.7601
30478,1.0472
30479,0.6135
30480,0.6178
30481,0.7599
30482,0.5552
30483,0.5921
30484,0.5967
30485,0.5780
30486,0.7161
30487,0.6464
30488,0.9256
30489,0.6721
30490,0.5574
30491,0.6288
30492,0.6336
30493,0.6286
30494,0.6148
30495,0.6400
30496,0.6169
30497,0.7034
30498,0.8992
30499,1.3308
30500,0.3189
30501,0.6635
30502,0.5556
30503,0.6409
30504,0.5827
30505,0.6093
30506,0.6478
30507,0.6647
30508,0.9164
30509,0.7609
30510,0.6265
30511,0.5507
30512,0.6594
30513,0.5824
30514,0.6187
30515,0.6930
30516,0.6467
30517,0.6308
30518,0.6185
30519,0.8971
30520,0.9197
30521,0.8114
30522,0.6687
30523,0.5235
30524,0.6706
30525,0.6296
30526,0.7257
30527,0.5499
30528,0.7778
30529,0.8984
30530,0.8029
30531,0.6954
30532,0.7818
30533,0.6183
30534,0.5941
30535,0.6455
30536,0.8172
30537,0.4663
30538,0.6884
30539,1.4510
30540,0.1543
30541,0.7169
30542,0.6950
30543,0.6184
30544,0.5567
30545,0.9955
30546,0.5262
30547,0.4342
30548,0.6232
30549,0.8569
30550,0.7286
30551,0.8806
30552,0.6129
30553,0.6232
30554,0.6920
30555,0.6037
30556,0.6460
30557,0.6168
30558,0.5739
30559,1.1607
30560,0.4577
30561,0.9333
30562,0.5146
30563,0.7208
30564,0.6395
30565,0.5148
30566,0.7528
30567,0.5040
30568,0.6617
30569,1.2661
30570,0.3864
30571,0.6638
30572,0.9344
30573,0.6027
30574,0.5659
30575,0.6716
30576,0.5696
30577,0.7330
30578,0.9744
30579,0.6925
30580,0.8910
30581,0.8146
30582,0.6174
30583,0.6523
30584,0.6278
30585,0.6635
30586,0.6959
30587,0.5072
30588,0.6367
30589,0.9727
30590,0.8924
30591,0.4378
30592,0.6879
30593,0.6265
30594,0.5459
30595,0.6448
30596,0.6682
30597,0.5597
30598,0.7274
30599,1.2054
30600,0.6172
30601,0.6061
30602,0.5742
30603,0.6058
30604,0.5515
30605,0.5864
30606,0.5964
30607,0.7452
30608,0.5882
30609,0.5927
30610,1.1629
30611,0.6533
30612,0.6900
30613,0.5790
30614,0.7047
30615,0.3107
30616,0.6268
30617,0.8269
30618,0.4998
30619,0.6398
30620,1.0459
30621,0.7309
30622,0.7553
30623,0.5316
30624,0.5879
30625,0.6624
30626,0.6074
30627,0.8442
30628,0.4972
30629,0.6424
30630,0.9092
30631,0.6864
30632,0.6041
30633,0.6957
30634,0.5142
30635,0.5793
30636,0.6958
30637,0.6928
30638,0.5983
30639,0.6040
30640,1.0971
30641,0.7143
30642,0.8281
30643,0.8690
30644,0.6692
30645,0.6741
30646,0.6427
30647,0.7168
30648,0.6101
30649,0.9041
30650,0.7051
30651,0.5439
30652,0.6770
30653,0.5881
30654,0.6107
30655,0.6422
30656,0.6332
30657,0.6978
30658,0.5617
30659,0.7007
30660,0.9422
30661,0.6886
30662,0.5906
30663,0.5987
30664,0.6494
30665,0.5811
30666,0.6809
30667,0.5748
30668,0.7092
30669,0.7808
30670,0.4576
30671,1.0240
30672,0.7661
30673,0.5498
30674,0.6576
30675,0.5587
30676,0.6169
30677,0.5993
30678,0.6851
30679,0.6726
30680,0.5700
30681,0.9643
30682,0.7026
30683,0.7741
30684,0.6589
30685,0.6020
30686,0.5846
30687,0.6912
30688,0.6226
30689,0.6260
30690,0.6214
30691,1.0595
30692,0.7071
30693,0.5578
30694,0.6847
30695,0.5446
30696,0.6621
30697,0.6424
30698,0.5619
30699,0.8129
30700,0.5037
30701,0.9465
30702,0.7567
30703,0.7508
30704,0.8924
30705,0.7482
30706,0.6842
30707,0.6537
30708,0.6726
30709,0.4990
30710,0.6425
30711,1.0489
30712,0.7684
30713,0.8060
30714,0.5971
30715,0.6713
30716,0.6317
30717,0.5513
30718,0.7845
30719,0.4964
30720,0.6343
30721,1.5822
30722,0.1251
30723,0.7609
30724,0.5386
30725,0.6487
30726,0.6284
30727,0.6116
30728,1.3219
30729,0.3104
30730,0.3360
30731,0.6404
30732,0.9301
30733,0.6919
30734,0.4807
30735,0.6777
30736,0.6276
30737,0.5802
30738,0.7040
30739,0.7307
30740,0.5436
30741,0.6953
30742,0.9497
30743,0.6697
30744,0.8507
30745,0.4948
30746,0.7127
30747,0.5966
30748,0.5638
30749,0.8196
30750,0.5773
30751,0.7534
30752,0.7262
30753,0.6686
30754,0.6143
30755,0.6847
30756,0.6324
30757,0.6504
30758,0.5479
30759,0.7182
30760,0.5864
30761,0.5956
30762,1.1064
30763,1.1044
30764,0.8081
30765,0.7617
30766,0.5802
30767,0.6383
30768,0.6039
30769,0.6107
30770,0.7209
30771,0.9417
30772,0.6788
30773,0.7264
30774,0.6201
30775,0.6439
30776,0.6056
30777,0.6345
30778,0.6288
30779,0.7279
30780,0.5597
30781,0.5895
30782,0.9727
30783,0.6277
30784,0.6218
30785,0.6944
30786,0.6457
30787,0.6119
30788,0.6208
30789,0.7197
30790,0.4768
30791,0.6920
30792,0.9973
30793,0.6409
30794,0.9083
30795,0.6795
30796,0.8409
30797,0.5267
30798,0.5775
30799,0.7847
30800,0.5070
30801,0.5975
30802,0.8976
30803,0.7295
30804,0.6196
30805,0.5889
30806,0.7142
30807,0.5801
30808,0.6374
30809,0.6190
30810,0.7232
30811,0.6461
30812,0.8250
30813,0.9049
30814,0.8408
30815,0.6601
30816,0.7003
30817,0.8436
30818,1.6124
30819,0.1256
30820,0.5849
30821,0.7572
30822,0.9094
30823,0.5994
30824,0.6218
30825,0.6316
30826,0.6257
30827,0.5656
30828,0.6286
30829,0.7464
30830,0.6582
30831,0.9799
30832,0.7000
30833,0.6102
30834,0.5652
30835,0.6749
30836,0.6443
30837,0.6192
30838,0.5926
30839,0.7930
30840,0.6717
30841,0.4818
30842,0.6498
30843,0.9183
30844,0.5962
30845,0.6217
30846,0.6498
30847,0.6192
30848,0.6319
30849,0.6318
30850,0.6116
30851,0.6630
30852,1.0029
30853,0.6481
30854,0.5703
30855,0.6400
30856,0.6253
30857,0.5637
30858,0.6248
30859,0.7286
30860,0.8293
30861,0.3533
30862,0.6443
30863,1.0492
30864,1.2303
30865,0.1563
30866,0.5381
30867,0.5803
30868,0.7035
30869,0.6201
30870,0.7103
30871,0.5516
30872,0.7116
30873,0.8843
30874,0.9975
30875,0.7050
30876,0.7876
30877,0.6216
30878,0.5981
30879,0.5640
30880,0.7653
30881,0.6065
30882,0.5773
30883,1.0921
30884,0.7232
30885,0.5896
30886,0.5970
30887,0.5801
30888,0.6800
30889,0.5598
30890,0.8664
30891,0.4685
30892,0.6586
30893,0.9350
30894,0.6409
30895,0.8087
30896,0.5667
30897,0.6017
30898,0.6990
30899,0.5916
30900,0.6923
30901,0.6185
30902,0.5815
30903,1.0769
30904,0.5299
30905,0.6581
30906,0.6341
30907,0.6198
30908,0.6146
30909,0.6306
30910,0.6917
30911,0.6980
30912,0.5449
30913,0.5935
30914,1.0509
30915,0.7343
30916,0.7085
30917,0.6465
30918,0.7317
30919,0.5489
30920,0.5905
30921,0.7305
30922,0.6370
30923,0.5627
30924,0.6821
30925,0.9569
30926,0.5730
30927,0.6273
30928,0.7058
30929,0.5089
30930,0.6327
30931,0.6018
30932,1.3111
30933,0.5335
30934,0.8083
30935,0.7424
30936,0.8644
30937,0.6470
30938,0.7732
30939,0.6239
30940,0.6345
30941,0.5924
30942,0.6417
30943,0.9091
30944,0.6933
30945,0.6690
30946,0.6636
30947,0.6656
30948,0.5373
30949,0.5981
30950,0.7405
30951,0.6505
30952,0.5219
30953,0.7582
30954,0.8965
30955,0.7620
30956,0.8034
30957,0.6100
30958,0.6681
30959,0.5389
30960,0.6568
30961,0.7143
30962,0.6143
30963,0.5665
30964,0.9719
30965,0.6402
30966,0.7477
30967,0.6536
30968,0.5120
30969,0.6900
30970,0.6623
30971,0.5986
30972,0.6882
30973,0.6264
30974,0.8787
30975,0.7928
30976,0.7243
30977,0.6193
30978,0.5950
30979,0.7140
30980,0.5623
30981,0.6075
30982,0.6944
30983,0.6455
30984,0.9240
30985,0.6389
30986,0.9162
30987,0.7047
30988,0.5829
30989,0.6764
30990,0.6617
30991,0.6529
30992,0.5727
30993,0.6304
30994,0.9271
30995,0.7997
30996,0.7181
30997,0.8584
30998,0.7318
30999,0.6501
31000,1.5363
31001,0.2872
31002,0.1779
31003,0.9999
31004,0.4164
31005,0.4900
31006,0.7787
31007,1.0383
31008,0.7548
31009,0.7114
31010,0.6284
31011,0.5763
31012,0.6106
31013,0.9411
31014,0.7617
31015,0.5151
31016,0.5922
31017,0.6573
31018,0.5991
31019,0.6915
31020,0.5967
31021,0.8792
31022,0.4276
31023,0.9084
31024,0.6638
31025,0.6779
31026,0.7630
31027,0.5677
31028,0.6706
31029,0.6245
31030,0.6285
31031,0.6774
31032,0.5716
31033,0.7851
31034,0.9970
31035,0.5060
31036,0.8890
31037,0.6603
31038,0.6176
31039,0.6204
31040,0.6617
31041,0.6451
31042,0.6520
31043,0.6838
31044,0.8306
31045,0.8012
31046,0.7580
31047,0.9525
31048,1.4154
31049,0.2089
31050,0.2364
31051,0.9003
31052,0.4198
31053,0.6111
31054,1.0019
31055,0.7980
31056,0.6204
31057,0.5684
31058,0.6413
31059,0.6266
31060,0.5705
31061,0.7234
31062,0.6609
31063,0.6848
31064,0.7836
31065,0.7086
31066,0.5655
31067,0.6750
31068,0.6515
31069,0.7606
31070,0.4642
31071,0.6261
31072,0.7018
31073,0.5666
31074,1.0214
31075,0.6724
31076,0.9050
31077,0.6576
31078,0.5762
31079,0.6120
31080,0.6447
31081,0.5784
31082,0.6515
31083,0.6200
31084,0.6212
31085,0.9815
31086,0.7515
31087,0.6673
31088,0.6836
31089,0.6132
31090,0.5884
31091,1.2417
31092,0.2001
31093,0.4360
31094,0.6061
31095,0.9266
31096,0.8396
31097,0.7704
31098,0.5323
31099,0.6479
31100,0.6212
31101,0.6319
31102,0.8472
31103,0.4576
31104,0.6259
31105,1.1352
31106,0.5879
31107,1.0944
31108,0.6937
31109,0.7065
31110,0.5767
31111,0.6029
31112,0.7125
31113,0.7325
31114,0.8581
31115,0.7039
31116,0.5673
31117,0.6347
31118,0.5800
31119,0.7240
31120,0.5130
31121,0.5772
31122,0.7446
31123,0.6968
31124,0.5574
31125,0.9927
31126,0.7789
31127,0.4633
31128,0.6546
31129,0.6087
31130,0.5970
31131,0.6718
31132,0.7838
31133,0.5743
31134,0.6297
31135,0.8788
31136,0.6244
31137,0.7145
31138,0.5715
31139,0.6783
31140,0.5479
31141,0.6749
31142,0.6045
31143,0.6197
31144,0.6844
31145,0.8757
31146,0.6039
31147,0.6903
31148,0.6739
31149,0.6871
31150,0.5587
31151,0.6064
31152,0.6638
31153,0.7451
31154,0.4323
31155,0.7087
31156,1.1190
31157,1.1853
31158,0.1659
31159,0.8286
31160,0.6590
31161,0.5598
31162,0.6156
31163,0.7359
31164,0.6338
31165,0.9737
31166,0.6804
31167,0.8973
31168,0.6865
31169,0.7809
31170,0.4969
31171,0.6438
31172,0.6401
31173,0.6712
31174,0.6912
31175,1.0563
31176,0.6925
31177,0.5322
31178,0.7835
31179,0.4656
31180,0.6609
31181,0.7577
31182,0.5954
31183,0.7147
31184,0.6153
31185,0.6350
31186,0.8967
31187,0.7128
31188,0.6210
31189,0.6373
31190,0.6016
31191,0.6558
31192,0.5465
31193,0.7184
31194,0.7075
31195,0.4725
31196,0.7037
31197,1.1322
31198,0.4896
31199,0.7332
31200,0.6282
31201,0.9526
31202,0.2846
31203,0.6121
31204,0.6981
31205,0.6191
31206,0.8694
31207,0.7725
31208,0.6087
31209,0.6420
31210,0.5853
31211,0.6328
31212,0.5590
31213,0.6482
31214,0.8216
31215,0.5634
31216,0.5800
31217,0.9574
31218,0.6549
31219,0.5327
31220,0.6288
31221,0.7307
31222,0.5665
31223,0.7102
31224,0.6256
31225,1.1592
31226,0.4229
31227,0.7710
31228,0.5549
31229,0.8965
31230,0.7094
31231,0.7243
31232,0.9157
31233,0.8154
31234,0.5660
31235,0.5859
31236,0.9838
31237,0.7204
31238,0.8118
31239,0.6050
31240,0.6282
31241,0.5338
31242,0.6885
31243,0.5786
31244,0.6917
31245,0.6552
31246,0.5870
31247,1.1506
31248,0.5916
31249,0.6176
31250,0.5441
31251,0.6784
31252,0.6487
31253,0.5898
31254,0.6761
31255,0.7664
31256,0.8210
31257,0.6477
31258,0.6502
31259,0.5724
31260,0.6733
31261,0.6174
31262,0.4968
31263,0.7392
31264,0.6581
31265,0.5665
31266,0.6478
31267,1.0311
31268,0.6180
31269,0.6384
31270,0.6146
31271,0.7374
31272,0.4948
31273,0.6651
31274,0.7205
31275,0.5966
31276,0.5789
31277,0.6020
31278,1.1079
31279,1.0768
31280,0.6587
31281,0.7583
31282,0.7633
31283,0.6732
31284,0.6480
31285,0.7109
31286,0.9238
31287,0.6506
31288,0.6057
31289,0.6667
31290,0.6365
31291,0.5206
31292,0.6581
31293,0.6569
31294,0.9620
31295,0.2582
31296,0.9181
31297,0.8468
31298,0.6378
31299,0.8965
31300,0.6636
31301,0.6924
31302,0.6563
31303,0.6510
31304,0.7489
31305,0.4466
31306,0.6300
31307,0.8775
31308,0.6063
31309,0.9383
31310,0.6670
31311,0.5607
31312,0.6457
31313,0.6220
31314,0.6983
31315,0.5804
31316,0.5773
31317,1.0790
31318,0.6646
31319,0.6448
31320,0.6399
31321,0.6307
31322,0.6144
31323,0.5887
31324,0.7815
31325,0.5248
31326,0.6453
31327,0.8719
31328,0.7272
31329,0.6330
31330,0.6283
31331,0.6158
31332,0.6586
31333,0.6810
31334,0.5718
31335,0.7147
31336,0.6065
31337,0.6303
31338,1.0716
31339,0.8965
31340,0.6167
31341,0.8329
31342,0.5429
31343,0.5392
31344,0.6989
31345,0.6416
31346,0.6393
31347,0.9510
31348,0.5864
31349,0.7834
31350,0.9006
31351,0.5670
31352,0.5152
31353,0.6817
31354,0.6946
31355,0.5674
31356,0.6947
31357,0.9521
31358,0.6562
31359,0.5668
31360,0.6615
31361,0.7426
31362,0.4583
31363,0.6868
31364,0.6043
31365,0.7846
31366,0.4793
31367,0.6849
31368,0.9887
31369,0.7152
31370,0.5868
31371,0.6589
31372,0.6193
31373,0.6028
31374,0.6590
31375,0.6596
31376,0.6290
31377,0.6630
31378,0.8272
31379,0.7063
31380,0.6313
31381,0.7890
31382,0.5361
31383,0.6606
31384,0.6986
31385,0.5172
31386,0.6087
31387,0.6155
31388,0.6423
31389,0.8415
31390,0.7214
31391,0.8025
31392,0.6036
31393,0.6783
31394,0.6256
31395,0.5342
31396,0.8030
31397,0.4104
31398,0.7076
31399,1.1287
31400,0.9129
31401,0.6759
31402,0.8626
31403,0.4398
31404,0.6609
31405,0.6639
31406,0.7280
31407,0.6121
31408,0.8982
31409,0.7476
31410,0.5672
31411,0.5769
31412,0.6487
31413,0.5519
31414,0.6872
31415,0.6664
31416,0.6907
31417,0.5175
31418,1.1328
31419,0.7227
31420,0.5045
31421,0.6903
31422,0.6319
31423,0.5983
31424,0.5910
31425,0.5914
31426,0.6909
31427,0.8329
31428,0.3893
31429,0.9598
31430,0.6511
31431,0.8165
31432,0.6017
31433,0.5801
31434,0.6704
31435,0.6615
31436,0.5865
31437,0.6572
31438,0.6094
31439,0.9126
31440,0.8140
31441,0.8742
31442,0.5996
31443,0.7114
31444,0.6063
31445,0.6476
31446,0.5248
31447,0.6262
31448,0.6533
31449,1.0155
31450,0.6095
31451,0.6812
31452,0.8464
31453,0.4321
31454,0.6421
31455,0.6154
31456,0.6209
31457,0.6503
31458,0.5843
31459,1.0431
31460,0.7119
31461,0.9476
31462,0.6352
31463,0.7598
31464,0.6087
31465,0.5427
31466,0.7043
31467,0.5819
31468,0.6540
31469,1.0691
31470,0.6014
31471,0.6705
31472,0.6883
31473,0.5102
31474,0.6567
31475,0.5988
31476,0.6830
31477,0.6941
31478,0.6157
31479,0.9321
31480,0.6855
31481,0.5127
31482,0.6242
31483,0.7111
31484,0.6717
31485,0.5205
31486,0.6981
31487,0.7812
31488,0.4483
31489,0.5543
31490,1.1219
31491,0.7232
31492,0.5867
31493,0.6721
31494,0.6229
31495,0.6262
31496,0.6298
31497,0.7630
31498,0.6224
31499,0.7655
31500,1.0390
31501,0.6285
31502,0.4215
31503,0.5221
31504,0.6119
31505,0.6364
31506,0.6226
31507,0.6434
31508,0.6405
31509,0.6149
31510,0.9974
31511,0.6044
31512,0.9916
31513,0.7379
31514,0.6747
31515,0.6288
31516,0.6632
31517,0.6231
31518,0.6629
31519,1.4867
31520,0.2300
31521,0.5614
31522,0.6353
31523,0.9120
31524,0.6419
31525,0.5988
31526,0.6028
31527,0.6243
31528,0.6502
31529,0.6182
31530,0.6347
31531,0.9511
31532,0.6229
31533,0.8281
31534,0.6128
31535,0.5368
31536,0.7192
31537,0.6282
31538,0.7210
31539,0.5877
31540,0.5427
31541,1.0245
31542,0.9005
31543,0.7193
31544,0.8120
31545,0.5746
31546,0.6672
31547,0.6116
31548,0.5610
31549,0.7094
31550,0.8933
31551,0.7183
31552,0.8096
31553,0.5728
31554,0.6308
31555,0.6301
31556,0.7567
31557,0.4659
31558,0.7084
31559,0.5962
31560,1.0152
31561,0.7121
31562,0.5751
31563,0.6830
31564,0.6214
31565,0.7694
31566,0.5144
31567,0.5837
31568,0.6821
31569,0.5796
31570,0.6330
31571,1.0383
31572,0.9965
31573,0.7202
31574,0.7436
31575,0.5533
31576,0.6509
31577,0.6006
31578,0.6724
31579,0.6834
31580,0.9274
31581,0.6455
31582,0.5380
31583,0.5859
31584,0.6504
31585,0.6784
31586,0.5788
31587,0.6977
31588,1.0035
31589,0.3112
31590,0.6204
31591,0.9282
31592,0.7662
31593,0.8096
31594,0.7067
31595,0.5952
31596,0.5572
31597,0.6445
31598,0.7989
31599,0.4622
31600,0.6449
31601,0.8776
31602,0.6765
31603,0.6899
31604,0.6428
31605,0.6210
31606,0.5828
31607,0.6502
31608,0.5591
31609,0.8186
31610,0.8433
31611,0.3802
31612,0.5919
31613,1.0753
31614,0.6048
31615,0.6084
31616,0.6075
31617,0.5847
31618,0.5963
31619,0.8644
31620,0.5138
31621,0.6268
31622,0.9161
31623,0.6102
31624,0.8010
31625,0.5903
31626,0.6617
31627,0.6032
31628,0.6185
31629,0.6989
31630,0.6582
31631,1.0148
31632,0.7143
31633,0.8513
31634,0.7852
31635,0.6304
31636,0.6522
31637,0.6098
31638,0.6098
31639,0.8369
31640,0.5274
31641,0.5512
31642,0.6926
31643,0.9447
31644,0.8645
31645,0.6968
31646,0.6285
31647,0.6607
31648,0.5679
31649,0.6966
31650,0.6326
31651,0.5876
31652,0.9506
31653,0.6478
31654,0.6737
31655,0.9025
31656,0.3703
31657,0.5980
31658,0.6227
31659,0.8712
31660,0.5735
31661,0.7234
31662,0.9570
31663,0.6967
31664,0.6216
31665,0.5033
31666,0.6661
31667,0.6027
31668,0.6841
31669,0.5854
31670,0.7393
31671,0.6065
31672,0.8883
31673,0.5771
31674,1.0071
31675,0.4758
31676,0.5710
31677,0.7272
31678,0.5806
31679,0.6970
31680,0.5827
31681,0.6752
31682,0.9152
31683,0.6611
31684,0.6639
31685,0.6157
31686,0.6123
31687,0.6746
31688,0.5365
31689,0.6711
31690,0.8000
31691,0.5122
31692,0.5883
31693,1.0810
31694,1.1335
31695,0.7494
31696,0.6885
31697,0.6240
31698,0.6412
31699,0.7106
31700,0.6387
31701,0.5848
31702,0.8809
31703,0.7043
31704,0.6414
31705,0.5844
31706,0.6918
31707,0.6341
31708,0.6029
31709,0.6190
31710,0.6872
31711,0.6576
31712,0.8482
31713,0.8192
31714,0.8556
31715,0.5876
31716,0.6464
31717,0.5865
31718,0.6301
31719,0.6289
31720,0.6092
31721,0.6806
31722,0.9677
31723,0.7092
31724,0.6002
31725,0.6037
31726,0.9801
31727,0.2428
31728,0.6493
31729,0.7001
31730,0.5947
31731,0.6072
31732,0.6237
31733,1.0383
31734,0.5740
31735,0.9100
31736,0.6878
31737,0.7399
31738,0.5170
31739,0.6922
31740,0.7398
31741,0.6540
31742,0.6184
31743,0.8846
31744,0.8443
31745,0.6860
31746,1.1465
31747,0.3305
31748,0.5717
31749,0.5977
31750,0.6479
31751,0.6490
31752,0.5902
31753,0.9311
31754,0.7168
31755,0.7796
31756,0.5945
31757,0.6025
31758,0.5827
31759,0.7093
31760,0.6734
31761,0.5973
31762,0.7056
31763,0.8815
31764,0.8674
31765,1.1228
31766,0.1216
31767,0.6172
31768,0.6933
31769,0.6551
31770,0.7291
31771,0.5562
31772,0.5904
31773,0.9413
31774,0.7192
31775,0.7991
31776,0.8185
31777,0.5447
31778,0.6886
31779,0.5244
31780,0.8038
31781,0.5889
31782,0.5285
31783,0.6461
31784,1.1485
31785,0.5925
31786,0.5869
31787,0.5997
31788,0.7488
31789,0.5302
31790,0.5671
31791,0.7274
31792,0.6491
31793,0.9208
31794,0.6723
31795,0.6269
31796,0.6508
31797,0.5876
31798,0.6071
31799,0.6709
31800,0.5185
31801,0.6950
31802,0.7632
31803,0.9225
31804,0.7010
31805,0.9206
31806,0.7719
31807,0.6155
31808,0.6535
31809,0.6248
31810,0.6818
31811,0.5968
31812,0.6051
31813,1.0463
31814,1.1253
31815,0.2283
31816,0.6611
31817,0.5623
31818,0.6380
31819,0.6349
31820,0.6683
31821,0.5797
31822,0.5835
31823,0.9349
31824,0.7207
31825,0.5915
31826,0.5760
31827,0.6781
31828,0.6133
31829,0.6694
31830,0.6299
31831,0.8457
31832,0.4499
31833,0.6039
31834,1.0437
31835,0.6867
31836,0.5795
31837,0.6232
31838,0.6790
31839,0.5795
31840,0.5986
31841,0.6114
31842,0.6535
31843,0.6501
31844,0.9778
31845,0.6930
31846,0.6327
31847,0.5393
31848,0.6267
31849,0.6951
31850,0.5989
31851,0.6390
31852,0.6852
31853,0.6033
31854,0.6081
31855,1.0486
31856,0.6316
31857,0.5897
31858,0.6060
31859,0.7366
31860,0.6267
31861,0.5556
31862,0.6793
31863,0.8282
31864,0.9063
31865,0.5598
31866,0.8866
31867,0.7523
31868,0.6871
31869,0.6733
31870,0.5639
31871,0.6291
31872,0.8901
31873,0.4522
31874,0.6063
31875,0.8857
31876,0.7864
31877,0.7692
31878,0.7620
31879,0.3963
31880,0.7282
31881,0.6787
31882,0.6491
31883,0.9924
31884,0.2222
31885,0.6595
31886,1.1044
31887,0.5205
31888,0.6080
31889,0.5942
31890,0.6582
31891,0.6479
31892,0.6278
31893,0.6804
31894,0.6630
31895,0.5857
31896,0.9201
31897,0.7250
31898,0.5494
31899,0.6297
31900,0.5610
31901,0.6765
31902,0.6525
31903,0.6957
31904,0.6064
31905,0.6110
31906,1.1511
31907,0.6944
31908,0.5083
31909,0.8564
31910,0.3525
31911,0.6737
31912,0.6066
31913,0.5830
31914,0.7770
31915,0.5493
31916,0.9049
31917,0.6429
31918,0.6883
31919,0.6123
31920,0.6360
31921,0.6212
31922,0.5916
31923,0.6093
31924,0.7764
31925,0.8020
31926,0.3416
31927,1.0654
31928,0.8263
31929,0.7186
31930,0.7991
31931,0.5451
31932,0.7142
31933,0.6520
31934,0.6483
31935,0.4524
31936,0.6777
31937,1.1825
31938,0.5061
31939,0.6843
31940,0.5992
31941,0.6006
31942,0.6641
31943,0.5779
31944,0.6946
31945,0.6742
31946,0.8834
31947,0.7038
31948,0.5592
31949,0.5913
31950,0.6940
31951,0.5723
31952,0.7243
31953,0.6847
31954,0.6162
31955,0.6878
31956,0.5025
31957,0.9009
31958,0.8330
31959,0.5627
31960,0.6046
31961,0.6620
31962,0.5799
31963,0.6683
31964,0.5581
31965,0.6908
31966,0.7296
31967,0.8242
31968,0.6573
31969,0.7828
31970,0.6432
31971,0.6672
31972,0.6132
31973,0.5000
31974,0.7513
31975,0.8574
31976,0.6826
31977,0.3317
31978,1.0153
31979,1.1171
31980,0.8261
31981,0.7002
31982,0.6045
31983,0.6649
31984,0.7844
31985,0.4694
31986,0.6429
31987,0.8680
31988,0.6576
31989,0.7412
31990,0.5844
31991,0.5633
31992,0.6932
31993,0.6160
31994,0.5546
31995,0.7050
31996,0.6192
31997,1.0565
31998,0.5744
31999,0.5539
32000,0.6115
32001,0.6775
32002,0.6101
32003,0.5963
32004,0.6917
32005,0.8012
32006,0.4492
32007,0.5761
32008,1.0705
32009,0.7323
32010,0.5892
32011,0.6716
32012,0.5939
32013,0.6845
32014,0.5828
32015,0.7064
32016,0.5612
32017,0.6422
32018,0.9779
32019,0.5813
32020,0.9752
32021,0.3282
32022,0.6015
32023,0.5965
32024,0.7053
32025,0.5616
32026,0.6941
32027,0.5708
32028,0.6639
32029,1.0409
32030,0.7440
32031,0.5865
32032,0.6193
32033,0.5775
32034,0.6441
32035,0.6678
32036,0.7258
32037,0.7008
32038,0.4582
32039,1.0578
32040,0.7988
32041,0.7243
32042,1.3743
32043,0.1613
32044,0.4527
32045,0.6819
32046,0.6998
32047,0.6241
32048,0.5353
32049,1.0174
32050,0.6282
32051,0.6192
32052,0.5468
32053,0.7021
32054,0.6413
32055,0.5644
32056,0.9445
32057,0.4785
32058,0.5547
32059,1.0115
32060,0.6985
32061,0.6150
32062,0.6463
32063,0.6461
32064,0.5438
32065,0.7522
32066,0.6168
32067,1.2814
32068,0.2124
32069,0.7223
32070,0.7369
32071,0.4032
32072,0.6575
32073,0.6249
32074,0.6595
32075,0.5806
32076,0.6744
32077,0.8276
32078,0.4955
32079,0.8970
32080,0.7117
32081,0.7704
32082,0.5104
32083,0.6367
32084,0.6512
32085,0.6081
32086,0.6061
32087,0.6909
32088,1.5231
32089,0.1407
32090,0.6006
32091,0.6064
32092,0.6163
32093,0.5230
32094,0.6523
32095,0.7415
32096,0.6030
32097,0.5288
32098,0.7752
32099,0.5380
32100,0.7872
32101,1.0799
32102,0.8441
32103,0.7376
32104,0.7765
32105,0.5870
32106,0.5673
32107,0.7290
32108,0.5651
32109,0.6512
32110,1.6189
32111,0.1641
32112,0.3841
32113,0.6760
32114,0.6950
32115,0.6007
32116,0.6765
32117,1.0202
32118,0.1753
32119,0.5819
32120,0.6362
32121,0.9681
32122,0.6391
32123,0.7358
32124,0.6216
32125,0.6681
32126,0.6432
32127,0.6224
32128,0.9326
32129,0.3151
32130,0.7777
32131,0.8904
32132,0.6565
32133,1.0086
32134,0.5193
32135,0.6178
32136,0.6122
32137,0.6750
32138,0.7583
32139,0.5229
32140,0.6091
32141,0.9110
32142,0.8566
32143,0.4230
32144,0.6872
32145,0.6186
32146,0.6202
32147,0.5989
32148,0.6470
32149,0.7151
32150,0.6316
32151,0.6424
32152,1.1048
32153,0.6199
32154,0.6167
32155,0.5703
32156,0.6441
32157,0.6422
32158,0.7349
32159,0.5700
32160,0.5947
32161,1.0244
32162,0.6348
32163,0.9220
32164,0.7082
32165,0.7504
32166,0.6686
32167,0.5620
32168,0.7024
32169,0.5519
32170,0.6402
32171,0.6077
32172,0.9926
32173,0.6795
32174,0.5068
32175,0.7118
32176,0.6180
32177,0.5908
32178,0.6118
32179,1.2371
32180,0.2063
32181,0.7847
32182,0.3287
32183,0.9386
32184,0.9353
32185,0.8298
32186,0.9517
32187,0.3728
32188,0.6361
32189,0.6467
32190,0.6417
32191,0.9360
32192,0.7028
32193,0.6054
32194,0.5789
32195,0.5685
32196,0.6642
32197,0.6979
32198,0.5932
32199,0.7386
32200,0.6522
32201,1.5982
32202,0.2169
32203,0.4616
32204,0.6171
32205,0.6493
32206,0.6241
32207,0.7093
32208,0.5681
32209,0.5858
32210,0.6200
32211,0.6319
32212,0.9179
32213,0.6655
32214,0.6262
32215,0.6848
32216,0.5277
32217,0.7727
32218,0.5405
32219,0.6229
32220,0.7299
32221,0.5962
32222,1.0197
32223,0.7242
32224,1.1641
32225,0.7340
32226,0.6850
32227,0.6232
32228,0.5236
32229,0.8141
32230,0.6124
32231,0.7270
32232,0.7313
32233,0.7379
32234,0.6473
32235,0.5839
32236,0.6322
32237,0.5429
32238,0.6682
32239,0.7172
32240,0.5529
32241,0.7032
32242,0.8984
32243,0.6449
32244,0.6284
32245,0.8275
32246,0.5411
32247,0.5026
32248,0.6228
32249,0.6327
32250,0.8850
32251,0.4425
32252,0.6480
32253,0.9936
32254,0.7072
32255,0.7623
32256,0.6237
32257,0.6365
32258,0.6497
32259,0.4994
32260,0.7462
32261,0.6749
32262,0.5606
32263,0.9047
32264,0.8099
32265,0.6610
32266,0.6864
32267,0.5391
32268,0.6890
32269,1.1990
32270,0.1748
32271,0.5656
32272,0.6194
32273,1.1589
32274,0.5469
32275,0.8034
32276,0.3884
32277,0.6666
32278,0.6723
32279,0.5558
32280,0.7471
32281,0.5789
32282,0.6215
32283,0.9489
32284,0.6892
32285,0.7865
32286,0.8588
32287,0.6510
32288,0.7953
32289,0.6875
32290,0.7906
32291,0.7075
32292,0.4252
32293,0.6362
32294,0.8912
32295,0.6785
32296,0.6171
32297,0.6879
32298,0.6215
32299,0.6121
32300,0.6846
32301,0.5660
32302,0.6127
32303,0.9484
32304,0.7466
32305,0.8937
32306,0.5766
32307,0.6636
32308,0.6491
32309,0.6164
32310,0.6823
32311,0.5596
32312,0.5733
32313,0.9475
32314,0.6924
32315,0.8900
32316,0.5677
32317,0.5874
32318,0.6224
32319,0.6624
32320,0.6333
32321,0.6584
32322,0.6546
32323,0.5456
32324,1.1319
32325,0.6306
32326,0.6413
32327,0.5923
32328,0.6282
32329,0.6250
32330,0.6112
32331,0.6797
32332,0.7088
32333,1.0017
32334,0.6119
32335,0.9736
32336,0.9592
32337,0.3758
32338,0.6937
32339,0.5915
32340,0.6662
32341,0.5884
32342,0.6420
32343,1.0009
32344,0.6702
32345,0.6849
32346,0.8011
32347,0.4663
32348,0.6141
32349,0.6861
32350,0.5910
32351,0.6637
32352,0.6133
32353,0.9494
32354,0.6410
32355,0.7341
32356,0.6797
32357,0.5971
32358,0.6279
32359,0.6748
32360,0.6663
32361,0.5279
32362,0.6539
32363,0.9196
32364,0.7004
32365,0.6331
32366,0.6122
32367,0.5953
32368,0.6208
32369,0.6519
32370,0.6638
32371,0.6555
32372,0.5720
32373,0.7455
32374,0.9478
32375,0.7048
32376,0.6188
32377,0.6301
32378,0.6658
32379,0.6624
32380,0.5752
32381,0.5767
32382,0.8930
32383,0.6480
32384,0.5576
32385,1.2314
32386,0.1511
32387,0.9024
32388,0.6435
32389,0.5226
32390,0.6903
32391,0.6449
32392,0.6360
32393,0.7439
32394,0.9546
32395,0.6165
32396,1.1397
32397,0.7119
32398,0.6695
32399,0.6902
32400,0.6163
32401,0.7605
32402,0.5737
32403,0.5588
32404,0.9572
32405,0.7821
32406,0.5425
32407,0.7035
32408,0.5028
32409,0.6787
32410,0.5956
32411,0.5527
32412,0.6557
32413,0.6166
32414,0.9917
32415,0.6796
32416,0.8007
32417,0.6221
32418,0.6275
32419,0.6332
32420,0.5501
32421,0.7362
32422,0.5465
32423,0.6309
32424,0.6536
32425,1.0848
32426,0.7132
32427,0.5159
32428,0.8867
32429,0.3926
32430,0.6238
32431,0.6253
32432,0.7542
32433,0.5847
32434,0.6158
32435,0.9071
32436,0.6183
32437,0.7064
32438,0.6273
32439,0.5433
32440,0.6568
32441,0.6953
32442,0.6162
32443,0.5784
32444,0.6763
32445,1.0392
32446,0.6268
32447,0.7102
32448,0.5407
32449,0.6924
32450,0.5419
32451,0.6750
32452,1.4303
32453,0.1303
32454,0.6013
32455,0.7090
32456,0.8951
32457,0.6970
32458,0.6529
32459,0.8955
32460,0.7983
32461,0.6519
32462,0.7451
32463,0.6367
32464,0.5193
32465,1.1657
32466,0.7301
32467,0.4786
32468,0.6683
32469,0.6141
32470,0.6557
32471,0.6308
32472,0.5633
32473,1.9941
32474,0.1756
32475,0.1191
32476,0.7992
32477,0.6728
32478,0.4784
32479,0.6265
32480,0.6964
32481,0.5717
32482,0.5653
32483,0.6752
32484,0.6140
32485,0.6549
32486,0.9371
32487,0.6753
32488,0.7668
32489,0.5832
32490,0.6654
32491,0.6246
32492,0.5915
32493,0.7653
32494,0.5351
32495,0.5757
32496,1.0970
32497,0.6468
32498,0.7869
32499,0.6344
32500,0.5878
32501,0.6486
32502,0.6418
32503,0.7210
32504,0.5474
32505,0.6272
32506,1.0807
32507,0.5086
32508,0.5917
32509,0.7164
32510,0.5815
32511,0.6232
32512,0.6092
32513,0.8253
32514,0.4639
32515,0.6054
32516,1.5410
32517,0.2556
32518,0.8257
32519,0.8706
32520,0.4421
32521,0.9472
32522,0.7244
32523,0.7028
32524,0.7030
32525,0.9088
32526,0.6610
32527,0.6522
32528,0.6111
32529,0.5385
32530,0.7208
32531,0.5478
32532,0.7253
32533,0.6913
32534,0.5519
32535,0.9104
32536,0.6799
32537,0.6737
32538,0.6279
32539,0.6671
32540,0.6115
32541,0.6115
32542,0.6134
32543,0.9083
32544,0.3545
32545,0.6164
32546,0.9768
32547,0.6825
32548,0.8959
32549,0.6598
32550,0.6104
32551,0.6900
32552,0.6027
32553,0.6126
32554,0.6164
32555,0.6145
32556,0.9765
32557,0.6752
32558,0.5256
32559,0.6148
32560,0.7184
32561,0.5790
32562,0.7189
32563,0.5469
32564,0.6910
32565,0.6102
32566,1.2465
32567,0.4485
32568,1.2757
32569,0.6301
32570,0.7133
32571,0.5994
32572,0.6430
32573,0.7147
32574,0.5955
32575,0.5145
32576,1.0765
32577,0.6262
32578,0.5587
32579,0.6343
32580,0.7202
32581,0.5969
32582,0.6123
32583,0.6308
32584,0.6132
32585,0.6545
32586,0.9099
32587,0.7086
32588,0.9834
32589,0.6286
32590,0.6439
32591,0.6128
32592,0.5861
32593,0.7286
32594,0.5500
32595,0.6091
32596,1.0604
32597,0.6366
32598,0.5849
32599,0.6489
32600,0.6217
32601,0.6414
32602,0.6358
32603,0.5885
32604,0.8432
32605,0.5672
32606,0.5134
32607,0.7931
32608,0.8556
32609,0.7278
32610,0.6335
32611,0.6910
32612,0.6484
32613,0.5622
32614,0.8543
32615,0.4592
32616,0.6788
32617,1.0371
32618,0.6849
32619,0.4862
32620,0.6278
32621,0.6848
32622,0.6260
32623,0.5745
32624,0.6778
32625,0.6836
32626,1.0184
32627,0.6331
32628,0.9077
32629,0.7430
32630,0.6524
32631,0.6459
32632,1.2950
32633,0.5148
32634,0.3858
32635,0.4331
32636,0.6480
32637,0.9180
32638,0.7802
32639,0.7363
32640,0.6264
32641,0.6821
32642,0.5807
32643,0.5950
32644,0.7143
32645,0.5947
32646,0.7102
32647,0.8738
32648,0.6501
32649,0.6078
32650,0.6344
32651,0.6090
32652,0.6090
32653,0.6544
32654,0.5959
32655,1.3605
32656,0.4254
32657,0.3060
32658,0.7939
32659,0.7519
32660,0.7065
32661,0.5806
32662,0.6067
32663,0.6178
32664,0.6604
32665,1.2531
32666,0.1873
32667,0.5020
32668,0.5754
32669,1.0351
32670,0.6906
32671,0.6793
32672,0.6074
32673,0.5447
32674,0.6307
32675,0.6764
32676,0.6165
32677,0.9954
32678,0.7015
32679,0.5559
32680,0.6633
32681,0.6484
32682,0.6112
32683,0.5610
32684,0.6542
32685,0.6042
32686,0.7448
32687,1.0013
32688,0.7504
32689,1.0850
32690,0.6678
32691,0.6595
32692,0.6705
32693,0.5777
32694,0.6233
32695,0.6846
32696,0.6114
32697,1.0037
32698,0.6274
32699,0.7194
32700,0.6663
32701,0.7450
32702,0.4500
32703,0.6909
32704,0.5543
32705,0.7082
32706,0.5550
32707,0.6096
32708,1.0645
32709,0.6522
32710,0.5453
32711,0.6883
32712,0.5883
32713,0.6735
32714,0.7376
32715,0.5731
32716,0.6158
32717,0.5554
32718,0.9498
32719,0.7406
32720,0.7430
32721,0.6276
32722,0.6731
32723,0.6495
32724,0.5818
32725,0.6371
32726,0.6940
32727,0.6361
32728,0.9938
32729,0.6380
32730,0.6055
32731,0.6354
32732,0.5468
32733,0.6213
32734,0.6465
32735,0.6282
32736,0.7951
32737,0.5949
32738,0.8484
32739,0.7841
32740,0.8555
32741,0.6305
32742,0.5855
32743,0.5586
32744,0.7258
32745,0.5555
32746,0.7750
32747,0.5769
32748,1.0430
32749,0.6690
32750,0.8829
32751,0.7060
32752,0.7504
32753,0.6082
32754,0.6228
32755,0.5417
32756,0.8722
32757,0.4949
32758,0.8948
32759,0.8357
32760,0.8917
32761,0.5994
32762,0.5576
32763,0.6864
32764,0.6249
32765,0.5261
32766,0.7019
32767,0.6641
32768,0.9570
32769,1.2257
32770,0.1664
32771,0.5418
32772,0.6992
32773,0.5992
32774,0.6055
32775,0.5347
32776,0.8472
32777,0.5498
32778,0.5322
32779,0.7970
32780,0.8818
32781,0.6633
32782,0.7259
32783,0.6181
32784,0.5400
32785,0.6923
32786,0.8712
32787,0.3705
32788,0.6489
32789,1.0738
32790,0.7048
32791,0.5167
32792,0.7598
32793,0.6843
32794,0.4336
32795,0.7260
32796,0.5859
32797,0.7134
32798,0.9552
32799,0.7166
32800,0.9245
32801,0.7118
32802,0.6977
32803,0.6057
32804,0.6646
32805,0.6116
32806,0.7864
32807,0.4716
32808,0.5967
32809,1.1052
32810,0.6906
32811,0.6031
32812,0.5959
32813,0.6227
32814,0.6240
32815,0.9422
32816,0.6971
32817,0.3519
32818,0.5928
32819,0.9141
32820,0.6919
32821,0.5911
32822,0.6387
32823,0.6260
32824,0.5454
32825,0.6776
32826,0.5704
32827,0.7762
32828,0.6280
32829,0.5959
32830,1.0887
32831,0.7111
32832,0.5303
32833,0.6835
32834,0.5923
32835,0.5277
32836,0.7312
32837,0.7670
32838,0.5015
32839,0.5854
32840,1.0302
32841,0.5642
32842,0.6999
32843,0.5371
32844,0.8644
32845,0.4438
32846,0.6262
32847,0.6910
32848,1.1340
32849,0.4885
32850,0.5341
32851,0.8854
32852,0.4703
32853,0.5532
32854,0.7493
32855,0.6538
32856,0.6996
32857,0.4499
32858,0.7288
32859,0.6631
32860,0.6422
32861,1.3237
32862,0.3937
32863,0.5534
32864,0.8406
32865,0.3900
32866,0.7199
32867,0.6096
32868,0.8951
32869,0.3001
32870,0.6824
32871,0.8958
32872,0.7095
32873,0.6751
32874,0.6941
32875,0.6627
32876,0.4704
32877,0.7081
32878,0.5391
32879,0.9051
32880,1.2299
32881,0.6634
32882,0.6882
32883,0.7272
32884,0.5095
32885,0.5641
32886,0.5915
32887,0.7203
32888,0.7817
32889,0.5012
32890,0.6311
32891,0.9418
32892,0.8241
32893,0.6701
32894,0.5755
32895,0.6484
32896,0.6501
32897,0.5122
32898,0.7882
32899,0.5258
32900,0.5773
32901,0.9589
32902,0.8187
32903,0.7085
32904,0.6034
32905,0.6221
32906,0.9634
32907,0.3820
32908,0.5424
32909,0.6579
32910,0.6020
32911,0.6659
32912,1.1179
32913,0.6419
32914,0.6626
32915,0.6334
32916,0.7140
32917,0.6597
32918,0.8385
32919,0.5146
32920,0.6097
32921,0.6385
32922,0.9025
32923,0.7333
32924,0.4914
32925,0.7552
32926,0.6281
32927,0.5554
32928,0.7149
32929,0.8574
32930,0.4763
32931,0.5445
32932,1.2297
32933,0.4891
32934,0.6988
32935,0.5994
32936,0.6474
32937,0.6271
32938,0.5529
32939,0.8774
32940,0.4167
32941,0.5690
32942,0.9671
32943,0.7507
32944,0.7509
32945,0.6861
32946,0.6233
32947,0.7282
32948,0.5011
32949,0.6885
32950,0.6892
32951,0.5022
32952,0.9454
32953,0.9655
32954,0.8227
32955,1.0645
32956,0.6747
32957,0.5375
32958,0.5871
32959,0.7518
32960,0.6530
32961,0.9661
32962,0.5856
32963,0.6111
32964,0.5855
32965,0.7045
32966,0.5782
32967,0.6878
32968,0.6110
32969,0.7395
32970,0.5696
32971,0.5749
32972,1.1820
32973,0.5691
32974,0.6858
32975,0.5818
32976,0.6820
32977,0.6945
32978,0.5729
32979,0.8686
32980,0.4683
32981,0.6062
32982,1.0842
32983,0.6556
32984,0.5338
32985,0.6677
32986,0.6329
32987,0.5908
32988,0.6237
32989,0.7301
32990,0.5597
32991,0.6874
32992,1.0004
32993,1.0908
32994,0.5128
32995,0.7080
32996,0.5854
32997,0.6262
32998,0.5840
32999,0.9346
33000,0.3990
33001,0.6253
33002,0.9792
33003,1.1333
33004,0.5510
33005,0.5095
33006,0.6944
33007,0.5410
33008,0.6996
33009,0.6654
33010,0.6541
33011,0.6283
33012,0.8741
33013,0.6516
33014,0.6854
33015,0.6128
33016,0.5311
33017,0.7338
33018,0.5846
33019,0.8229
33020,0.4863
33021,0.5955
33022,0.9272
33023,1.0129
33024,0.4566
33025,0.6852
33026,0.6321
33027,0.6677
33028,0.6416
33029,0.9328
33030,0.5908
33031,0.5912
33032,0.9771
33033,1.0252
33034,0.5767
33035,0.6259
33036,0.5583
33037,0.6699
33038,0.6408
33039,0.8721
33040,0.4307
33041,0.7134
33042,1.0761
33043,0.4192
33044,0.8773
33045,0.5757
33046,0.5234
33047,0.6381
33048,0.6710
33049,0.6321
33050,0.7034
33051,0.6019
33052,0.6176
33053,1.0056
33054,1.0895
33055,0.4356
33056,0.6357
33057,0.6300
33058,0.6367
33059,0.6815
33060,0.6080
33061,0.5898
33062,1.0845
33063,1.4404
33064,0.2552
33065,0.3303
33066,0.8920
33067,0.6237
33068,0.9256
33069,0.5754
33070,0.4742
33071,0.6045
33072,1.1252
33073,0.6193
33074,0.8769
33075,0.6982
33076,0.5596
33077,0.5960
33078,1.1498
33079,0.1502
33080,0.8101
33081,1.2372
33082,0.2598
33083,1.0434
33084,0.3945
33085,0.6147
33086,0.7051
33087,0.7441
33088,0.5231
33089,0.5828
33090,0.6545
33091,0.9831
33092,0.6524
33093,0.6756
33094,0.5124
33095,0.7210
33096,0.6323
33097,0.5679
33098,0.7744
33099,0.6705
33100,0.5152
33101,0.6128
33102,1.0180
33103,0.7381
33104,0.5282
33105,0.7363
33106,0.6471
33107,0.6708
33108,0.6029
33109,0.9439
33110,0.3262
33111,1.1289
33112,0.5372
33113,0.6450
33114,0.5177
33115,0.6557
33116,0.6090
33117,0.6037
33118,0.8293
33119,0.9752
33120,0.6715
33121,1.0560
33122,0.8960
33123,0.6347
33124,0.5961
33125,0.6340
33126,0.5727
33127,0.7307
33128,0.5696
33129,0.6686
33130,0.7075
33131,0.8479
33132,2.1268
33133,0.5265
33134,0.2034
33135,0.2666
33136,0.6574
33137,0.6589
33138,0.6474
33139,0.6099
33140,0.5292
33141,1.1042
33142,0.6215
33143,0.6149
33144,0.6056
33145,0.6773
33146,0.6221
33147,0.6289
33148,0.5330
33149,0.8598
33150,0.6324
33151,1.0673
33152,0.7397
33153,0.6905
33154,0.5290
33155,0.5664
33156,0.7603
33157,0.6413
33158,0.5423
33159,0.6976
33160,0.6561
33161,0.5952
33162,1.0508
33163,0.9267
33164,0.5856
33165,0.7237
33166,0.6150
33167,0.5686
33168,0.6347
33169,0.6444
33170,0.6664
33171,1.0568
33172,0.7163
33173,0.5245
33174,0.7172
33175,0.5463
33176,0.6973
33177,0.5955
33178,0.5730
33179,0.6950
33180,0.6444
33181,0.9585
33182,0.7232
33183,0.6186
33184,0.4897
33185,0.7632
33186,0.4960
33187,0.7747
33188,0.6423
33189,0.5919
33190,0.6046
33191,1.0138
33192,1.0885
33193,0.6106
33194,0.6410
33195,0.5426
33196,0.6950
33197,0.6393
33198,0.6238
33199,0.8660
33200,0.5472
33201,0.6159
33202,0.9014
33203,0.8197
33204,0.6652
33205,0.6197
33206,0.7582
33207,0.6244
33208,0.6261
33209,0.6621
33210,0.6304
33211,0.6221
33212,0.8582
33213,0.6500
33214,0.6967
33215,0.6639
33216,0.6195
33217,0.6012
33218,0.6275
33219,0.7019
33220,0.5897
33221,0.5547
33222,1.1369
33223,0.8738
33224,0.5121
33225,0.8010
33226,0.7031
33227,0.5216
33228,0.9671
33229,0.5980
33230,0.6450
33231,0.7497
33232,0.7304
33233,0.9304
33234,0.6370
33235,0.5621
33236,0.6331
33237,0.6791
33238,0.7062
33239,0.6886
33240,0.9064
33241,1.0244
33242,0.7526
33243,0.7337
33244,0.5409
33245,0.5633
33246,0.7063
33247,0.6176
33248,0.5294
33249,0.9727
33250,0.3242
33251,1.0586
33252,0.8351
33253,0.6402
33254,0.6139
33255,0.5331
33256,0.7189
33257,0.6507
33258,0.6378
33259,0.5879
33260,0.8283
33261,0.7595
33262,0.7637
33263,0.5558
33264,0.6126
33265,0.6439
33266,0.7228
33267,0.5330
33268,0.6316
33269,0.6900
33270,0.7105
33271,0.5085
33272,1.0510
33273,0.8190
33274,0.6728
33275,0.6343
33276,0.5304
33277,0.6188
33278,0.6267
33279,0.7454
33280,0.7808
33281,0.9255
33282,0.7180
33283,0.6837
33284,0.6185
33285,0.7415
33286,0.6336
33287,0.5099
33288,0.7343
33289,0.9092
33290,0.3549
33291,0.5746
33292,1.1238
33293,0.6638
33294,0.6984
33295,0.6340
33296,0.5837
33297,0.6234
33298,0.6062
33299,0.8412
33300,0.4583
33301,0.6027
33302,0.9088
33303,0.8657
33304,0.6838
33305,0.5316
33306,0.6289
33307,0.7343
33308,0.6427
33309,0.6381
33310,0.6170
33311,0.6150
33312,1.2614
33313,0.5364
33314,0.6490
33315,0.6188
33316,0.6116
33317,0.6074
33318,0.6194
33319,0.6309
33320,0.6286
33321,0.6479
33322,1.1382
33323,0.6637
33324,0.6926
33325,0.6342
33326,0.5232
33327,0.7403
33328,0.5657
33329,0.5727
33330,0.7659
33331,0.6169
33332,0.9688
33333,0.5764
33334,0.7935
33335,0.6903
33336,0.6031
33337,0.5281
33338,0.7179
33339,0.4964
33340,0.6440
33341,0.6939
33342,0.6252
33343,0.9946
33344,0.7429
33345,0.6206
33346,0.5907
33347,0.6877
33348,0.6059
33349,0.6698
33350,0.8185
33351,0.3830
33352,0.7253
33353,0.9154
33354,0.6895
33355,0.6903
33356,0.5544
33357,0.6511
33358,1.1590
33359,0.2174
33360,0.6179
33361,0.7543
33362,1.1504
33363,1.0648
33364,0.8082
33365,0.5663
33366,0.6078
33367,0.6571
33368,0.6038
33369,0.5805
33370,0.6776
33371,0.6259
33372,0.9796
33373,0.6403
33374,0.5803
33375,0.6436
33376,0.7144
33377,0.6219
33378,0.6190
33379,0.5249
33380,1.0515
33381,0.8535
33382,0.1772
33383,1.0109
33384,0.5741
33385,0.6297
33386,0.5682
33387,0.6612
33388,0.5901
33389,0.7740
33390,0.5654
33391,0.6390
33392,0.6133
33393,0.9553
33394,0.6983
33395,1.3307
33396,0.4536
33397,0.5837
33398,0.5837
33399,0.8733
33400,0.6157
33401,0.6027
33402,1.0408
33403,0.5895
33404,0.6960
33405,0.5009
33406,0.7346
33407,0.5752
33408,0.6042
33409,0.7587
33410,0.6175
33411,0.6244
33412,0.5821
33413,1.0815
33414,0.6935
33415,0.5631
33416,0.5898
33417,0.6364
33418,0.6361
33419,0.6286
33420,0.6477
33421,0.6556
33422,0.5902
33423,0.9796
33424,0.7375
33425,1.2111
33426,0.2092
33427,0.4541
33428,0.6090
33429,0.6253
33430,0.6491
33431,0.6622
33432,0.5928
33433,1.0152
33434,0.6373
33435,0.9439
33436,0.6872
33437,0.5189
33438,0.9556
33439,0.7641
33440,0.7544
33441,0.4400
33442,0.6278
33443,0.8884
33444,0.8725
33445,0.6720
33446,0.6316
33447,0.6469
33448,0.6345
33449,0.5344
33450,0.8898
33451,0.3796
33452,0.6393
33453,1.0774
33454,0.6594
33455,0.5131
33456,0.7058
33457,0.5457
33458,0.7088
33459,0.6505
33460,0.5666
33461,0.6463
33462,0.6337
33463,1.0810
33464,0.6274
33465,0.7234
33466,0.5336
33467,0.5686
33468,0.7516
33469,0.5622
33470,0.7900
33471,0.5747
33472,0.6340
33473,0.6246
33474,0.8820
33475,0.8403
33476,0.5996
33477,0.6933
33478,0.7233
33479,1.0110
33480,0.7118
33481,0.7205
33482,0.5395
33483,1.0254
33484,0.7008
33485,1.2417
33486,0.1257
33487,0.9738
33488,0.3303
33489,0.5943
33490,0.8491
33491,0.5717
33492,0.9716
33493,0.5915
33494,0.7145
33495,0.6532
33496,0.4676
33497,0.6820
33498,0.5859
33499,0.5882
33500,0.7184
33501,0.6288
33502,0.6453
33503,0.9119
33504,0.5950
33505,0.7351
33506,0.5829
33507,0.6705
33508,0.6131
33509,0.6614
33510,0.6557
33511,0.9079
33512,0.3091
33513,0.9552
33514,1.1365
33515,0.5163
33516,0.6648
33517,0.5613
33518,0.7291
33519,0.6072
33520,0.5686
33521,0.7410
33522,0.6228
33523,0.9877
33524,1.0473
33525,0.5075
33526,0.6053
33527,0.6576
33528,0.6651
33529,0.5093
33530,0.7473
33531,0.6198
33532,0.6312
33533,0.6416
33534,1.1301
33535,0.7501
33536,0.9896
33537,0.5157
33538,0.6736
33539,0.5581
33540,0.6165
33541,0.7488
33542,0.5458
33543,1.2271
33544,0.0980
33545,0.8351
33546,0.6159
33547,0.6478
33548,0.6346
33549,0.6285
33550,0.6813
33551,0.6043
33552,0.7580
33553,0.9507
33554,0.7178
33555,0.6477
33556,0.4785
33557,0.6690
33558,1.2701
33559,0.1352
33560,0.6587
33561,0.9984
33562,0.6613
33563,0.8810
33564,0.9063
33565,0.6395
33566,0.6549
33567,0.5277
33568,0.6461
33569,0.6674
33570,0.6280
33571,0.6268
33572,0.6220
33573,0.9246
33574,0.8559
33575,0.7276
33576,0.5695
33577,0.5733
33578,0.6190
33579,0.7781
33580,0.6692
33581,0.7560
33582,0.5965
33583,1.0258
33584,0.7646
33585,0.4529
33586,0.6722
33587,0.6775
33588,0.5828
33589,0.6802
33590,0.6368
33591,0.5925
33592,0.6532
33593,0.9208
33594,0.7226
33595,0.5860
33596,0.6280
33597,0.6567
33598,0.6444
33599,0.5384
33600,0.7014
33601,0.6807
33602,0.5699
33603,1.0237
33604,0.9460
33605,0.3251
33606,0.6277
33607,0.6367
33608,0.6746
33609,0.6109
33610,0.6422
33611,0.5065
33612,1.4266
33613,0.2673
33614,0.7591
33615,0.7388
33616,0.9132
33617,0.7072
33618,0.7374
33619,0.5294
33620,0.6505
33621,0.7643
33622,0.6540
33623,0.5375
33624,0.9486
33625,0.5839
33626,0.6559
33627,0.5699
33628,0.5988
33629,0.6190
33630,0.6665
33631,0.7851
33632,0.4154
33633,0.6659
33634,0.9713
33635,0.7146
33636,0.9513
33637,0.6081
33638,0.5567
33639,0.6785
33640,0.5778
33641,0.9066
33642,0.3990
33643,0.6461
33644,0.9791
33645,0.6473
33646,0.6029
33647,0.6014
33648,0.7288
33649,0.5688
33650,0.6046
33651,0.6547
33652,1.1342
33653,0.4450
33654,0.7914
33655,0.6945
33656,0.6625
33657,0.8348
33658,0.6427
33659,0.6592
33660,0.5776
33661,0.6401
33662,0.6600
33663,0.6652
33664,0.8367
33665,0.7633
33666,0.5204
33667,0.7100
33668,0.5450
33669,0.6119
33670,0.7244
33671,0.5695
33672,0.8165
33673,0.4401
33674,0.8632
33675,0.8719
33676,0.7412
33677,0.6914
33678,0.9974
33679,0.6611
33680,0.6787
33681,0.6596
33682,0.6240
33683,0.5922
33684,1.0047
33685,0.6385
33686,0.6441
33687,0.6993
33688,0.4491
33689,0.6411
33690,0.6517
33691,0.6799
33692,0.6548
33693,0.5772
33694,0.9390
33695,0.9363
33696,0.3137
33697,0.6806
33698,0.5978
33699,0.8043
33700,0.4777
33701,0.5712
33702,0.8708
33703,0.4993
33704,0.5308
33705,0.9416
33706,0.8672
33707,0.6452
33708,0.5125
33709,0.6708
33710,0.6223
33711,0.5431
33712,0.6638
33713,0.7578
33714,0.8267
33715,0.7577
33716,0.5717
33717,0.6541
33718,0.5366
33719,1.3908
33720,0.2284
33721,0.3286
33722,0.6289
33723,0.7673
33724,0.4815
33725,0.6401
33726,1.0579
33727,0.7033
33728,0.7828
33729,0.8646
33730,0.6466
33731,0.7811
33732,0.5966
33733,0.7240
33734,0.6134
33735,0.9202
33736,0.7039
33737,0.7056
33738,0.6937
33739,0.5256
33740,0.6450
33741,0.6298
33742,0.7511
33743,0.5411
33744,0.6427
33745,0.7011
33746,0.8734
33747,0.6946
33748,0.7690
33749,0.5434
33750,0.7748
33751,0.5586
33752,0.5865
33753,0.8028
33754,0.4998
33755,0.5928
33756,0.9388
33757,1.0434
33758,0.6047
33759,0.8207
33760,0.6178
33761,0.5836
33762,0.6741
33763,0.6729
33764,0.6523
33765,1.0304
33766,0.5215
33767,0.6351
33768,0.8350
33769,0.4269
33770,0.6460
33771,0.5266
33772,0.7039
33773,0.6100
33774,0.6037
33775,0.6760
33776,0.9621
33777,0.7310
33778,0.8200
33779,0.6194
33780,0.6982
33781,0.5945
33782,0.6399
33783,0.7895
33784,0.4833
33785,0.7725
33786,1.1411
33787,0.6560
33788,0.6848
33789,0.8363
33790,0.5255
33791,0.6071
33792,0.7223
33793,0.5404
33794,0.7601
33795,0.5509
33796,1.0497
33797,0.7796
33798,0.5098
33799,0.6424
33800,0.7499
33801,0.5031
33802,0.6417
33803,0.7743
33804,0.4626
33805,0.6522
33806,0.9140
33807,0.6327
33808,0.8031
33809,0.6704
33810,0.6027
33811,0.6571
33812,0.6310
33813,0.5102
33814,0.6840
33815,0.6385
33816,0.9397
33817,0.6671
33818,0.6916
33819,0.5945
33820,0.5413
33821,0.6362
33822,0.5733
33823,0.6718
33824,0.7006
33825,0.6538
33826,0.9055
33827,0.7883
33828,0.9243
33829,0.4615
33830,0.7510
33831,0.5628
33832,0.5645
33833,0.7825
33834,0.4767
33835,0.7091
33836,0.6074
33837,0.9291
33838,0.6546
33839,0.8490
33840,0.6400
33841,0.7704
33842,0.4229
33843,0.6244
33844,0.8823
33845,1.2194
33846,0.1784
33847,0.7533
33848,1.1799
33849,0.6884
33850,0.6441
33851,0.6801
33852,0.5851
33853,1.3465
33854,0.2936
33855,0.7916
33856,0.1626
33857,1.0025
33858,0.5701
33859,0.6547
33860,0.6371
33861,0.5576
33862,0.6501
33863,0.6275
33864,0.6182
33865,0.7793
33866,0.8036
33867,0.6862
33868,0.6163
33869,0.6073
33870,0.5853
33871,0.6689
33872,0.5912
33873,0.6325
33874,0.5824
33875,0.7162
33876,0.6898
33877,0.5347
33878,1.0703
33879,0.6570
33880,0.7558
33881,0.6335
33882,0.7186
33883,0.5462
33884,0.5854
33885,0.6553
33886,0.6805
33887,0.9333
33888,0.6386
33889,0.6509
33890,0.5727
33891,0.5973
33892,0.7293
33893,0.6399
33894,0.6258
33895,0.6259
33896,0.6220
33897,0.9827
33898,0.9246
33899,0.3912
33900,0.7150
33901,0.5922
33902,0.5398
33903,0.6159
33904,0.7261
33905,0.7573
33906,0.4544
33907,0.6700
33908,0.9714
33909,0.8656
33910,0.7482
33911,0.7081
33912,0.7082
33913,0.5433
33914,0.6241
33915,0.6940
33916,0.6106
33917,0.5954
33918,1.1086
33919,0.7916
33920,0.4623
33921,1.1610
33922,0.1403
33923,0.6374
33924,0.6748
33925,0.7459
33926,0.4762
33927,0.6285
33928,0.9908
33929,0.6130
33930,0.6226
33931,0.6215
33932,0.5468
33933,0.6742
33934,0.6373
33935,0.6078
33936,0.5912
33937,0.6902
33938,0.9538
33939,0.5867
33940,0.6857
33941,0.5843
33942,0.6712
33943,0.6029
33944,0.6089
33945,0.6126
33946,0.7120
33947,0.6010
33948,0.6365
33949,1.1379
33950,0.7135
33951,0.6092
33952,0.5844
33953,0.6089
33954,0.6384
33955,0.6107
33956,0.6520
33957,0.6132
33958,0.6405
33959,1.0425
33960,0.6743
33961,0.8136
33962,0.8248
33963,0.6403
33964,0.6130
33965,0.6762
33966,0.7956
33967,0.4850
33968,0.6002
33969,1.1875
33970,0.5772
33971,0.4899
33972,0.7389
33973,0.5904
33974,0.6590
33975,0.5403
33976,0.6470
33977,0.7247
33978,0.5912
33979,0.9509
33980,0.6858
33981,0.5307
33982,0.7083
33983,0.6765
33984,0.5623
33985,0.6168
33986,0.6379
33987,0.6842
33988,0.6251
33989,0.9088
33990,1.1044
33991,0.2112
33992,0.5646
33993,0.6999
33994,0.5688
33995,0.6148
33996,0.6219
33997,0.6335
33998,0.6043
33999,0.8523
34000,0.9587
34001,0.5971
34002,0.6310
34003,0.5857
34004,0.6311
34005,0.5530
34006,0.6898
34007,0.6585
34008,0.6314
34009,0.7564
34010,0.9001
34011,0.5684
34012,0.6201
34013,0.7019
34014,0.5941
34015,0.7747
34016,0.4823
34017,0.5727
34018,0.6410
34019,0.6887
34020,1.0666
34021,0.7286
34022,1.0912
34023,0.6869
34024,0.6626
34025,0.6490
34026,0.6398
34027,0.7660
34028,0.4876
34029,0.5913
34030,0.9791
34031,0.6696
34032,0.6842
34033,0.5915
34034,0.6213
34035,0.5523
34036,0.7569
34037,0.5810
34038,0.5716
34039,0.7322
34040,1.0775
34041,0.7386
34042,0.5439
34043,0.6464
34044,0.5766
34045,0.7101
34046,0.5553
34047,0.6072
34048,0.6241
34049,0.6385
34050,0.9169
34051,0.6708
34052,0.7380
34053,0.5539
34054,0.5330
34055,0.6030
34056,0.6700
34057,0.6990
34058,0.6490
34059,0.8735
34060,0.3597
34061,0.6376
34062,0.8851
34063,0.7678
34064,0.5678
34065,0.5425
34066,0.7191
34067,0.6259
34068,0.5696
34069,0.8126
34070,0.5064
34071,0.6199
34072,1.0853
34073,0.6659
34074,0.5693
34075,0.6044
34076,0.6501
34077,0.6159
34078,0.6265
34079,0.7001
34080,0.5981
34081,1.0632
34082,1.1357
34083,0.4022
34084,0.7865
34085,0.6639
34086,0.7466
34087,0.5838
34088,0.5482
34089,0.8584
34090,0.3841
34091,0.6299
34092,1.0544
34093,0.8027
34094,0.5754
34095,0.7410
34096,0.4940
34097,0.6467
34098,0.6443
34099,0.8393
34100,0.3812
34101,0.6306
34102,0.9313
34103,0.7449
34104,0.7547
34105,0.6753
34106,0.5296
34107,0.7465
34108,0.6292
34109,0.8535
34110,0.4650
34111,0.6438
34112,0.9375
34113,0.7119
34114,0.7159
34115,0.6506
34116,0.6763
34117,0.5107
34118,0.7288
34119,0.6111
34120,0.5843
34121,0.6669
34122,0.9595
34123,0.6034
34124,1.0203
34125,0.6153
34126,0.6415
34127,0.6098
34128,0.7384
34129,0.5837
34130,0.5858
34131,0.6633
34132,0.9419
34133,0.7265
34134,0.7034
34135,0.5345
34136,0.7017
34137,0.6591
34138,0.5711
34139,0.6239
34140,0.6778
34141,0.6623
34142,0.9079
34143,0.6970
34144,0.9127
34145,0.7132
34146,0.7025
34147,0.9060
34148,0.7355
34149,1.2321
34150,0.2948
34151,0.7214
34152,0.7103
34153,0.6287
34154,0.5961
34155,0.5503
34156,0.7065
34157,0.6352
34158,0.5773
34159,0.8306
34160,0.4995
34161,0.5971
34162,1.1611
34163,0.6098
34164,0.5416
34165,0.5946
34166,0.6703
34167,0.6948
34168,0.5568
34169,0.6505
34170,0.6002
34171,0.6606
34172,0.9100
34173,0.8501
34174,0.4633
34175,0.6827
34176,0.6150
34177,0.6284
34178,0.5728
34179,0.6705
34180,0.7085
34181,0.5123
34182,0.7984
34183,0.8567
34184,0.6236
34185,0.6434
34186,0.5781
34187,0.6460
34188,0.6549
34189,0.7093
34190,0.5307
34191,0.8329
34192,0.4876
34193,1.1073
34194,0.6918
34195,0.7720
34196,0.9720
34197,0.6712
34198,0.6311
34199,0.5831
34200,0.7173
34201,0.5523
34202,0.5706
34203,0.9530
34204,0.7617
34205,0.6975
34206,0.7518
34207,0.5292
34208,0.6817
34209,0.5821
34210,0.7891
34211,0.5580
34212,0.5277
34213,1.0290
34214,0.7473
34215,0.6289
34216,0.6166
34217,0.6557
34218,0.5782
34219,1.4739
34220,0.2399
34221,1.0071
34222,0.1411
34223,0.7731
34224,0.4871
34225,0.5908
34226,0.6560
34227,0.6628
34228,0.5152
34229,0.6836
34230,0.6287
34231,0.6293
34232,0.6380
34233,0.5888
34234,0.9220
34235,0.7261
34236,0.7751
34237,0.5968
34238,0.6617
34239,0.6184
34240,0.5753
34241,1.3280
34242,0.3433
34243,0.2657
34244,0.9501
34245,1.0059
34246,0.5946
34247,0.6746
34248,0.6932
34249,0.5883
34250,0.6212
34251,0.7027
34252,0.5929
34253,0.7214
34254,0.9684
34255,0.8546
34256,0.6225
34257,0.8949
34258,0.6196
34259,0.5344
34260,0.6367
34261,0.6653
34262,0.6600
34263,0.9349
34264,0.7519
34265,0.8891
34266,0.6005
34267,0.6242
34268,0.6305
34269,0.5763
34270,0.7456
34271,0.5546
34272,0.7013
34273,0.8913
34274,0.7286
34275,0.4828
34276,0.6759
34277,0.6450
34278,0.5460
34279,0.6432
34280,0.7113
34281,0.6821
34282,0.5797
34283,0.6166
34284,1.1094
34285,0.5862
34286,0.9621
34287,0.5146
34288,0.4366
34289,0.7635
34290,0.4910
34291,0.6580
34292,0.6688
34293,0.6055
34294,0.8969
34295,0.6684
34296,0.8361
34297,0.4214
34298,0.6644
34299,0.6081
34300,0.6231
34301,0.6293
34302,0.6813
34303,0.6881
34304,0.8487
34305,0.7023
34306,0.6340
34307,0.6000
34308,0.5836
34309,0.8344
34310,0.5346
34311,0.5687
34312,0.7972
34313,0.6272
34314,0.8242
34315,0.7256
34316,0.9174
34317,0.6367
34318,0.6639
34319,0.6282
34320,0.6149
34321,0.6671
34322,0.7563
34323,0.5857
34324,0.5778
34325,0.8892
34326,0.7253
34327,0.7158
34328,0.6505
34329,0.8559
34330,0.4001
34331,0.5815
34332,0.6529
34333,0.6879
34334,0.5580
34335,1.1046
34336,0.6626
34337,0.7795
34338,0.8258
34339,0.6587
34340,0.6623
34341,0.5966
34342,0.7351
34343,0.6211
34344,0.6975
34345,0.9039
34346,0.6703
34347,0.5440
34348,0.6662
34349,0.5648
34350,0.6955
34351,0.7079
34352,0.7239
34353,0.4879
34354,0.6111
34355,0.9142
34356,0.8465
34357,0.8313
34358,0.5349
34359,0.6156
34360,0.6016
34361,0.5460
34362,0.6593
34363,0.7425
34364,0.6170
34365,1.0031
34366,0.9205
34367,0.7156
34368,0.5461
34369,0.5966
34370,0.6001
34371,0.7420
34372,0.7562
34373,0.4954
34374,0.5852
34375,0.9783
34376,0.7482
34377,0.5299
34378,0.6120
34379,0.9045
34380,0.8838
34381,0.6898
34382,0.7032
34383,0.7274
34384,0.4640
34385,1.2569
34386,0.5661
34387,0.6811
34388,0.6098
34389,0.6803
34390,0.5643
34391,0.7044
34392,0.6229
34393,0.6321
34394,0.9954
34395,0.8079
34396,0.6570
34397,0.6035
34398,0.6402
34399,0.5332
34400,0.6806
34401,0.7392
34402,0.5628
34403,0.6875
34404,0.6204
34405,1.0848
34406,0.7519
34407,0.6945
34408,0.6720
34409,0.5102
34410,0.6578
34411,0.7024
34412,0.6521
34413,0.6204
34414,1.0649
34415,0.5274
34416,0.6850
34417,0.6182
34418,0.5485
34419,0.7247
34420,0.8078
34421,0.6265
34422,1.2370
34423,0.1910
34424,0.4610
34425,1.0173
34426,0.8799
34427,0.5778
34428,0.5678
34429,0.6900
34430,0.6933
34431,0.5137
34432,0.7968
34433,0.5296
34434,0.6066
34435,1.1363
34436,0.6991
34437,0.5699
34438,0.6542
34439,0.5608
34440,0.6334
34441,0.6537
34442,0.7328
34443,0.6179
34444,0.5344
34445,1.6640
34446,0.1932
34447,0.5960
34448,0.9254
34449,0.7346
34450,0.5753
34451,0.5829
34452,0.6556
34453,0.6897
34454,0.5555
34455,1.1842
34456,0.6900
34457,0.5639
34458,0.6045
34459,0.6640
34460,0.6647
34461,0.5356
34462,0.7647
34463,0.6037
34464,0.6352
34465,0.8806
34466,0.7257
34467,0.5763
34468,0.6494
34469,0.5965
34470,0.6564
34471,0.6957
34472,0.6844
34473,0.9645
34474,0.2650
34475,0.9774
34476,0.5814
34477,0.6942
34478,0.6263
34479,0.6528
34480,0.6353
34481,0.6161
34482,0.6454
34483,0.5965
34484,0.7229
34485,0.9772
34486,0.7692
34487,0.9214
34488,0.6730
34489,0.5448
34490,0.6601
34491,0.6484
34492,0.6918
34493,0.5111
34494,0.6903
34495,0.9516
34496,0.8360
34497,0.6113
34498,0.6063
34499,0.6032
34500,0.6553
34501,0.7341
34502,0.6474
34503,0.5691
34504,0.6630
34505,1.0638
34506,0.7181
34507,0.6051
34508,0.4970
34509,0.6737
34510,0.6678
34511,0.6271
34512,0.6999
34513,0.7922
34514,0.5130
34515,0.9455
34516,0.6366
34517,0.7310
34518,0.5534
34519,0.6224
34520,0.6663
34521,0.5805
34522,0.6485
34523,0.8127
34524,0.5103
34525,1.1564
34526,0.9798
34527,0.6997
34528,0.5584
34529,0.6296
34530,0.7151
34531,0.5589
34532,0.6309
34533,0.6363
34534,0.6507
34535,0.9332
34536,0.8312
34537,0.6279
34538,0.7478
34539,0.5628
34540,0.5655
34541,0.7871
34542,0.5126
34543,0.7415
34544,0.6448
34545,0.9155
34546,0.5965
34547,0.7155
34548,0.5882
34549,0.6425
34550,0.5636
34551,0.6252
34552,0.7092
34553,0.7814
34554,0.4781
34555,0.5676
34556,1.1941
34557,0.7043
34558,0.8740
34559,0.6384
34560,0.3585
34561,0.5635
34562,0.7373
34563,0.8921
34564,0.4987
34565,0.9716
34566,0.6701
34567,0.6090
34568,0.5884
34569,0.6392
34570,0.6705
34571,0.6174
34572,0.6881
34573,0.6461
34574,0.7477
34575,0.4679
34576,1.0755
34577,0.6472
34578,0.6837
34579,0.6386
34580,0.7094
34581,0.5326
34582,0.9557
34583,0.3398
34584,0.6825
34585,0.6077
34586,0.9672
34587,0.7090
34588,0.5219
34589,0.6858
34590,0.5802
34591,0.7062
34592,0.6489
34593,0.6005
34594,0.7610
34595,0.6290
34596,0.4984
34597,0.9590
34598,0.6385
34599,0.6500
34600,0.6455
34601,0.8953
34602,0.6600
34603,0.6905
34604,0.9604
34605,1.4019
34606,0.2601
34607,0.6605
34608,0.7007
34609,0.6546
34610,0.6379
34611,0.5780
34612,0.7123
34613,0.7693
34614,0.5539
34615,0.5904
34616,0.8929
34617,0.8719
34618,0.3457
34619,0.6113
34620,0.6708
34621,0.7042
34622,0.6234
34623,0.6569
34624,0.6675
34625,0.5925
34626,0.6390
34627,1.2461
34628,0.4404
34629,0.7309
34630,0.5864
34631,0.7440
34632,0.6053
34633,0.4831
34634,0.9354
34635,0.3490
34636,1.1554
34637,0.5647
34638,0.7556
34639,0.6793
34640,0.6256
34641,0.6601
34642,0.7185
34643,0.4951
34644,0.7758
34645,0.5749
34646,0.6102
34647,1.0823
34648,1.0755
34649,1.1900
34650,0.1944
34651,0.5707
34652,0.7623
34653,0.7987
34654,0.6399
34655,0.4375
34656,0.9885
34657,0.6847
34658,0.6721
34659,0.5825
34660,0.6117
34661,0.6447
34662,0.7348
34663,0.6431
34664,0.6452
34665,0.4740
34666,0.6878
34667,0.9602
34668,0.8127
34669,0.6884
34670,0.6652
34671,0.6194
34672,0.5944
34673,0.9459
34674,1.8423
34675,0.2505
34676,0.4788
34677,0.9319
34678,0.6224
34679,0.7258
34680,0.5995
34681,0.6022
34682,0.6967
34683,0.5727
34684,0.7074
34685,0.6114
34686,0.9932
34687,0.6487
34688,0.6979
34689,0.7418
34690,0.6168
34691,0.6473
34692,0.5865
34693,0.6860
34694,0.5792
34695,0.9130
34696,1.0357
34697,0.7794
34698,0.6536
34699,0.5618
34700,0.6136
34701,0.7500
34702,0.5061
34703,0.7895
34704,0.5929
34705,0.5123
34706,0.9553
34707,0.6589
34708,0.6560
34709,0.6838
34710,0.5439
34711,0.6345
34712,1.4331
34713,0.1819
34714,0.5073
34715,0.6340
34716,0.8956
34717,0.8904
34718,0.5975
34719,0.6197
34720,0.6051
34721,0.7824
34722,0.5599
34723,0.6610
34724,0.7534
34725,0.8023
34726,0.6732
34727,0.7263
34728,0.9613
34729,0.6162
34730,0.6148
34731,0.6340
34732,0.5929
34733,0.6445
34734,0.6947
34735,0.9194
34736,0.7207
34737,0.5433
34738,0.7851
34739,1.7766
34740,0.2403
34741,0.2156
34742,1.0262
34743,0.4279
34744,0.5998
34745,0.9570
34746,0.9471
34747,0.9795
34748,0.4316
34749,0.5812
34750,0.6737
34751,0.6164
34752,0.5879
34753,0.6382
34754,0.6162
34755,0.9866
34756,0.6458
34757,0.8525
34758,0.5852
34759,0.6353
34760,0.6775
34761,0.6329
34762,0.6036
34763,1.1796
34764,0.1905
34765,0.8225
34766,1.0263
34767,0.7364
34768,0.6683
34769,0.6482
34770,0.6773
34771,0.6278
34772,0.6298
34773,0.6775
34774,0.9203
34775,0.7080
34776,0.5991
34777,0.5303
34778,0.6604
34779,0.6158
34780,0.7093
34781,0.7512
34782,1.1054
34783,0.5181
34784,0.9231
34785,0.6162
34786,0.5942
34787,0.7425
34788,0.6492
34789,0.6549
34790,0.5522
34791,0.7080
34792,0.6341
34793,0.6452
34794,1.0253
34795,0.6631
34796,0.6796
34797,0.5422
34798,0.6277
34799,0.6385
34800,0.6967
34801,0.6259
34802,0.5166
34803,0.7328
34804,0.6126
34805,1.1696
34806,0.5397
34807,0.6403
34808,0.5776
34809,0.6980
34810,0.5587
34811,0.6677
34812,0.6437
34813,0.6573
34814,0.6179
34815,1.2198
34816,0.5673
34817,0.6494
34818,0.6361
34819,0.7078
34820,0.7619
34821,0.5667
34822,0.8529
34823,0.4683
34824,0.5977
34825,1.0308
34826,0.6350
34827,0.6717
34828,0.5596
34829,0.6450
34830,0.5960
34831,0.7117
34832,0.7451
34833,0.4647
34834,0.7025
34835,0.5528
34836,1.0526
34837,0.7564
34838,0.6261
34839,0.5946
34840,0.6561
34841,0.6341
34842,0.5548
34843,0.6775
34844,0.6926
34845,1.0580
34846,0.7265
34847,0.6048
34848,0.6079
34849,0.7076
34850,0.5834
34851,0.5816
34852,0.7866
34853,0.4541
34854,0.6689
34855,0.9640
34856,0.8669
34857,0.7013
34858,0.6073
34859,0.9548
34860,0.8249
34861,0.4897
34862,0.6490
34863,0.6648
34864,1.0360
34865,0.6891
34866,0.6587
34867,0.6315
34868,0.6395
34869,0.6420
34870,0.5696
34871,0.6529
34872,0.6722
34873,1.0179
34874,0.3616
34875,0.8403
34876,0.7503
34877,0.6588
34878,0.5771
34879,0.6194
34880,0.5972
34881,0.6910
34882,0.5788
34883,0.6926
34884,0.6645
34885,0.5422
34886,1.1184
34887,0.6553
34888,0.6779
34889,0.6364
34890,0.6221
34891,0.6179
34892,0.7082
34893,0.6088
34894,0.5531
34895,1.0215
34896,0.7774
34897,0.7008
34898,0.5250
34899,0.7854
34900,0.9974
34901,0.6313
34902,0.6903
34903,0.5602
34904,0.6199
34905,0.9652
34906,0.6346
34907,0.6815
34908,0.6634
34909,0.5807
34910,0.6556
34911,0.6087
34912,0.6181
34913,0.6935
34914,0.7405
34915,0.9389
34916,0.8858
34917,0.7369
34918,0.6682
34919,0.5926
34920,0.5709
34921,0.6364
34922,0.6897
34923,0.5712
34924,0.6983
34925,0.9231
34926,0.7794
34927,0.7422
34928,0.5623
34929,0.6827
34930,0.5148
34931,0.7489
34932,0.5648
34933,0.6660
34934,0.6971
34935,1.0358
34936,0.7243
34937,0.6602
34938,0.7706
34939,0.6098
34940,0.9654
34941,0.2528
34942,0.6502
34943,0.7386
34944,0.5747
34945,0.9204
34946,0.8321
34947,0.6387
34948,0.6915
34949,0.6960
34950,0.5000
34951,0.7195
34952,0.5433
34953,0.7288
34954,0.6675
34955,0.9240
34956,0.7029
34957,0.5897
34958,0.6524
34959,0.5314
34960,0.7734
34961,0.5779
34962,0.5727
34963,1.1072
34964,0.2536
34965,0.6567
34966,0.9800
34967,0.7221
34968,0.6284
34969,0.5701
34970,0.6444
34971,0.6313
34972,0.7542
34973,0.6798
34974,0.5308
34975,0.9608
34976,0.8062
34977,0.6324
34978,0.6625
34979,0.8691
34980,0.6985
34981,0.6340
34982,0.7163
34983,0.5386
34984,0.6575
34985,0.7849
34986,0.9574
34987,0.6631
34988,0.5938
34989,0.6303
34990,0.6554
34991,0.5568
34992,0.7545
34993,0.6476
34994,0.5991
34995,0.6350
34996,0.9040
34997,0.6829
34998,0.5850
34999,0.6115
35000,0.6637
35001,0.6321
35002,0.5856
35003,0.7484
35004,0.6229
35005,0.6785
35006,0.9635
35007,0.6548
35008,0.9852
35009,0.3178
35010,0.6960
35011,0.6193
35012,0.6410
35013,0.6368
35014,0.6088
35015,0.6408
35016,1.0735
35017,0.8785
35018,0.7408
35019,0.5938
35020,0.5658
35021,0.7092
35022,0.5725
35023,0.8381
35024,0.4941
35025,0.6170
35026,0.9080
35027,0.8108
35028,0.6634
35029,0.6453
35030,0.6174
35031,0.8836
35032,0.3787
35033,0.7955
35034,0.6670
35035,0.6161
35036,1.0943
35037,0.7338
35038,0.4948
35039,0.6777
35040,0.6140
35041,0.5578
35042,0.6434
35043,0.6460
35044,0.7145
35045,0.6196
35046,0.9361
35047,0.6242
35048,0.6236
35049,0.6037
35050,0.7476
35051,0.5589
35052,0.6027
35053,0.5647
35054,0.8065
35055,0.6092
35056,0.5456
35057,1.0845
35058,0.6998
35059,0.5130
35060,0.7099
35061,0.5560
35062,0.5935
35063,0.6879
35064,0.6474
35065,0.7536
35066,0.9068
35067,0.7025
35068,0.8850
35069,0.7110
35070,0.8314
35071,0.4527
35072,0.6499
35073,0.6172
35074,0.7987
35075,0.5539
35076,0.5463
35077,0.9917
35078,0.7838
35079,0.6496
35080,0.6708
35081,0.6255
35082,0.6004
35083,0.5623
35084,0.7124
35085,0.6215
35086,0.5236
35087,1.1585
35088,0.6859
35089,0.5647
35090,0.6685
35091,0.5283
35092,0.6197
35093,0.7237
35094,0.5571
35095,0.6875
35096,0.6380
35097,0.9279
35098,0.6668
35099,0.6596
35100,0.6182
35101,1.1002
35102,0.1501
35103,0.6081
35104,0.6946
35105,0.6565
35106,0.6256
35107,0.9381
35108,0.8180
35109,0.4380
35110,0.7537
35111,0.5795
35112,0.5959
35113,0.6311
35114,0.6371
35115,0.8058
35116,0.4750
35117,0.7035
35118,0.8318
35119,0.7355
35120,0.9089
35121,0.4662
35122,0.6228
35123,0.6806
35124,0.6220
35125,0.8116
35126,0.7225
35127,0.6922
35128,0.8360
35129,0.5492
35130,1.1719
35131,0.7207
35132,0.7490
35133,0.5841
35134,0.6199
35135,0.7022
35136,0.6982
35137,0.8063
35138,0.6241
35139,0.6954
35140,0.6028
35141,0.6287
35142,0.5339
35143,0.7108
35144,0.6270
35145,0.7628
35146,0.4607
35147,0.8927
35148,0.6537
35149,0.6784
35150,0.6791
35151,0.6071
35152,0.6616
35153,0.7198
35154,0.6094
35155,0.7376
35156,0.4692
35157,0.6252
35158,1.0045
35159,0.6756
35160,0.6848
35161,0.5918
35162,0.5651
35163,0.6768
35164,0.5956
35165,0.5904
35166,0.7497
35167,0.8296
35168,0.5478
35169,0.4597
35170,0.9789
35171,0.6610
35172,0.6541
35173,0.6137
35174,0.4917
35175,0.7626
35176,0.7169
35177,0.4996
35178,0.6502
35179,1.1216
35180,0.6598
35181,0.5849
35182,0.6389
35183,0.6346
35184,0.6896
35185,0.5794
35186,0.6446
35187,0.6489
35188,0.5840
35189,0.9543
35190,0.6774
35191,0.8054
35192,0.8831
35193,0.7423
35194,0.6286
35195,0.5961
35196,0.7759
35197,0.5692
35198,0.6155
35199,0.8790
35200,0.7924
35201,0.7323
35202,0.6354
35203,0.6120
35204,0.6301
35205,0.6497
35206,0.5510
35207,0.6769
35208,0.6123
35209,0.9551
35210,0.7142
35211,0.8533
35212,0.7502
35213,0.5480
35214,0.7825
35215,0.4617
35216,0.6985
35217,0.5206
35218,0.6789
35219,0.8790
35220,0.8104
35221,0.8049
35222,0.4721
35223,0.6233
35224,0.8197
35225,0.5482
35226,0.6072
35227,0.6031
35228,0.6872
35229,0.5192
35230,0.6631
35231,1.1967
35232,0.5298
35233,0.6173
35234,0.6076
35235,0.7385
35236,0.5469
35237,0.7302
35238,0.9426
35239,0.7207
35240,0.7169
35241,0.8109
35242,0.7052
35243,0.6101
35244,0.7122
35245,0.6391
35246,0.6045
35247,0.6877
35248,0.6749
35249,0.8602
35250,0.7798
35251,0.8980
35252,0.5189
35253,0.5979
35254,0.7276
35255,0.5952
35256,0.6486
35257,0.6408
35258,0.5787
35259,1.0996
35260,0.6531
35261,0.6997
35262,0.5713
35263,0.7919
35264,0.4670
35265,0.5797
35266,0.6791
35267,0.6164
35268,0.7213
35269,0.8366
35270,0.9115
35271,0.4215
35272,0.5972
35273,0.7201
35274,0.6219
35275,0.6216
35276,0.5355
35277,0.6302
35278,0.7210
35279,0.5715
35280,1.0445
35281,0.7239
35282,0.6709
35283,0.5444
35284,0.6188
35285,0.6987
35286,0.6127
35287,0.7199
35288,0.4827
35289,0.6708
35290,0.8859
35291,0.7504
35292,0.6186
35293,0.7052
35294,0.5717
35295,0.5852
35296,0.6194
35297,0.6462
35298,0.7054
35299,0.6372
35300,0.6064
35301,1.2308
35302,0.7483
35303,0.7385
35304,0.7756
35305,1.2863
35306,0.1898
35307,0.4874
35308,0.5694
35309,0.6154
35310,0.9233
35311,0.7156
35312,0.5597
35313,0.6616
35314,0.6156
35315,0.6296
35316,0.6356
35317,0.6040
35318,0.7430
35319,0.5713
35320,0.5918
35321,0.9841
35322,0.6564
35323,0.5952
35324,0.6401
35325,0.5902
35326,0.6026
35327,0.6394
35328,0.7563
35329,0.5740
35330,0.6108
35331,0.6178
35332,1.0256
35333,0.7115
35334,0.6457
35335,0.5754
35336,0.6305
35337,0.5831
35338,0.6633
35339,0.6718
35340,0.6129
35341,0.9487
35342,0.6562
35343,0.6155
35344,0.6091
35345,0.6987
35346,0.6053
35347,0.6276
35348,0.6179
35349,0.7963
35350,0.4625
35351,0.6022
35352,1.0966
35353,0.6678
35354,0.7650
35355,0.6089
35356,0.6351
35357,0.6398
35358,0.6556
35359,0.6331
35360,0.5638
35361,1.0424
35362,0.6658
35363,0.9150
35364,0.7114
35365,0.7061
35366,0.5662
35367,0.6527
35368,0.6280
35369,0.7324
35370,0.6423
35371,0.5705
35372,1.0801
35373,0.7044
35374,0.6722
35375,0.5393
35376,0.6154
35377,0.6178
35378,0.6570
35379,0.7712
35380,0.4584
35381,0.6613
35382,0.8643
35383,0.7372
35384,0.7362
35385,0.5465
35386,0.7027
35387,0.6944
35388,0.6426
35389,0.6124
35390,0.6073
35391,0.6200
35392,0.8700
35393,0.6402
35394,0.9307
35395,0.5693
35396,0.5802
35397,0.6284
35398,0.8585
35399,0.4360
35400,0.6928
35401,0.6255
35402,1.0554
35403,0.6874
35404,0.5358
35405,0.6690
35406,0.6568
35407,0.6568
35408,0.5805
35409,0.5734
35410,0.9430
35411,0.3555
35412,0.6088
35413,0.9892
35414,0.5991
35415,0.6596
35416,0.7235
35417,0.5613
35418,0.6217
35419,0.6821
35420,0.8193
35421,0.4608
35422,0.6400
35423,0.9067
35424,0.7512
35425,0.8922
35426,0.6905
35427,0.7172
35428,0.8955
35429,0.7857
35430,0.6220
35431,0.6800
35432,0.8959
35433,0.7053
35434,0.6182
35435,0.5830
35436,0.6752
35437,0.6293
35438,0.6442
35439,0.5714
35440,0.7254
35441,0.6776
35442,0.9363
35443,0.5740
35444,0.6504
35445,0.5154
35446,0.7324
35447,0.6258
35448,0.6207
35449,0.5976
35450,0.6342
35451,0.6244
35452,0.6709
35453,0.9721
35454,0.6911
35455,0.6876
35456,0.5537
35457,0.6416
35458,0.6540
35459,0.7214
35460,0.5071
35461,0.7416
35462,0.5906
35463,0.9381
35464,0.6650
35465,0.5590
35466,0.7297
35467,0.7302
35468,0.4873
35469,0.6253
35470,0.6390
35471,0.7758
35472,0.5082
35473,0.5697
35474,1.0860
35475,1.1416
35476,0.5892
35477,0.8122
35478,0.6671
35479,0.5851
35480,0.7080
35481,0.5398
35482,0.6355
35483,0.9144
35484,0.7978
35485,0.7291
35486,0.5175
35487,0.6288
35488,0.7008
35489,0.6483
35490,0.6625
35491,0.6197
35492,0.6372
35493,1.2709
35494,0.3124
35495,1.0278
35496,0.5385
35497,0.7036
35498,0.6141
35499,0.5689
35500,0.6195
35501,0.6557
35502,0.6429
35503,0.9975
35504,0.6674
35505,0.5345
35506,0.6005
35507,0.7107
35508,0.5574
35509,0.6847
35510,0.5804
35511,1.0304
35512,0.4085
35513,0.5802
35514,1.0056
35515,0.4897
35516,0.6159
35517,0.7180
35518,0.4848
35519,0.6647
35520,0.6754
35521,0.5790
35522,0.6414
35523,0.6502
35524,0.9819
35525,0.7080
35526,0.6475
35527,0.6577
35528,0.6273
35529,0.5617
35530,0.5441
35531,0.6522
35532,0.6733
35533,0.6695
35534,1.0218
35535,0.8807
35536,0.7216
35537,0.7218
35538,0.7472
35539,0.4799
35540,0.7602
35541,0.5239
35542,0.7073
35543,0.6349
35544,1.0485
35545,0.6870
35546,0.5664
35547,0.5440
35548,0.6918
35549,0.6958
35550,0.5565
35551,0.6075
35552,0.6217
35553,0.7017
35554,0.8740
35555,0.8260
35556,0.7330
35557,0.5476
35558,1.0253
35559,0.3243
35560,0.5553
35561,0.6028
35562,0.8588
35563,0.4333
35564,0.6137
35565,1.1072
35566,0.6393
35567,0.6139
35568,0.5209
35569,0.7445
35570,0.5787
35571,0.5698
35572,0.7515
35573,0.5968
35574,0.6334
35575,0.8997
35576,0.7995
35577,0.8660
35578,0.6778
35579,0.5767
35580,0.6282
35581,0.6518
35582,0.6764
35583,0.6289
35584,0.5755
35585,0.9196
35586,0.6936
35587,0.7167
35588,0.5672
35589,0.7312
35590,0.6599
35591,0.5501
35592,0.6766
35593,0.6867
35594,0.6449
35595,0.9422
35596,0.7166
35597,0.7671
35598,0.7906
35599,0.8883
35600,0.7071
35601,0.7282
35602,0.6295
35603,1.0827
35604,0.4888
35605,0.6735
35606,0.5795
35607,0.8136
35608,0.4643
35609,0.6166
35610,0.7471
35611,0.5316
35612,0.6990
35613,0.6669
35614,0.5386
35615,0.6621
35616,0.9730
35617,0.8862
35618,0.6786
35619,0.6407
35620,0.6587
35621,0.5679
35622,0.8806
35623,0.3366
35624,0.6124
35625,1.0635
35626,0.6667
35627,0.8847
35628,0.4447
35629,0.7069
35630,0.6109
35631,0.5806
35632,0.7451
35633,0.5600
35634,0.6182
35635,0.9947
35636,0.6234
35637,0.6458
35638,0.5249
35639,0.7201
35640,0.5946
35641,0.5961
35642,0.6324
35643,0.7653
35644,0.6112
35645,1.0286
35646,0.6929
35647,0.5936
35648,0.7216
35649,0.5359
35650,0.6578
35651,0.6691
35652,0.6388
35653,0.6016
35654,0.6119
35655,0.6048
35656,1.0873
35657,0.8294
35658,0.7226
35659,0.7814
35660,0.6553
35661,0.5872
35662,0.5894
35663,0.6824
35664,0.6304
35665,0.8927
35666,0.8232
35667,0.8769
35668,0.5929
35669,0.6559
35670,0.6202
35671,1.0163
35672,0.3112
35673,0.5839
35674,0.6114
35675,0.9337
35676,0.7020
35677,0.7803
35678,0.5916
35679,0.6220
35680,0.6729
35681,0.5431
35682,0.6431
35683,0.6343
35684,0.8874
35685,0.7253
35686,0.7103
35687,0.5978
35688,0.5965
35689,0.6304
35690,0.5368
35691,0.6788
35692,0.6453
35693,0.9332
35694,0.3707
35695,0.8448
35696,0.8429
35697,0.6924
35698,0.6211
35699,0.6948
35700,0.5988
35701,0.5749
35702,0.6842
35703,0.5462
35704,0.6774
35705,0.7024
35706,0.8795
35707,0.6884
35708,0.7838
35709,0.8812
35710,0.7742
35711,0.6746
35712,0.5637
35713,0.8683
35714,0.5313
35715,0.4863
35716,0.6334
35717,1.1546
35718,0.6280
35719,0.6438
35720,0.6105
35721,0.5355
35722,0.6892
35723,0.6814
35724,0.5823
35725,0.6011
35726,0.9280
35727,0.7093
35728,0.7916
35729,0.6362
35730,0.6396
35731,0.6058
35732,0.5907
35733,0.6346
35734,0.6266
35735,0.7080
35736,1.0996
35737,0.5023
35738,1.0111
35739,0.6019
35740,1.1441
35741,0.1854
35742,0.5788
35743,0.8875
35744,0.3875
35745,0.6003
35746,0.9821
35747,0.6501
35748,0.7684
35749,0.6353
35750,0.5652
35751,0.6289
35752,0.6529
35753,0.6360
35754,0.6150
35755,0.6212
35756,0.9672
35757,0.7260
35758,0.4749
35759,0.6584
35760,0.6058
35761,0.6563
35762,0.6725
35763,0.6278
35764,0.7096
35765,0.5925
35766,0.6514
35767,1.0202
35768,1.1098
35769,0.6208
35770,0.9079
35771,0.5811
35772,0.5761
35773,0.7401
35774,0.5145
35775,0.7043
35776,0.9298
35777,0.6255
35778,0.9498
35779,0.4796
35780,0.6540
35781,0.6802
35782,0.5684
35783,0.6097
35784,0.6538
35785,0.6394
35786,1.1465
35787,0.6497
35788,0.5468
35789,0.6132
35790,0.6648
35791,0.5336
35792,0.7111
35793,0.6041
35794,0.6826
35795,0.6940
35796,0.8721
35797,0.6636
35798,0.6111
35799,0.6147
35800,0.5562
35801,0.6062
35802,0.6472
35803,0.6256
35804,0.7613
35805,0.5569
35806,0.6403
35807,0.9299
35808,0.8711
35809,0.4066
35810,0.7097
35811,0.5810
35812,0.6383
35813,0.5878
35814,0.5937
35815,0.6844
35816,0.6480
35817,0.5993
35818,1.0579
35819,0.7265
35820,0.5887
35821,0.5802
35822,0.6277
35823,0.6916
35824,0.5102
35825,0.8305
35826,0.5454
35827,0.9694
35828,0.7304
35829,0.8877
35830,0.7357
35831,1.3081
35832,0.2921
35833,0.3915
35834,0.6124
35835,0.7566
35836,0.5611
35837,0.5925
35838,1.0057
35839,0.5792
35840,0.6703
35841,0.6072
35842,0.6397
35843,0.6684
35844,0.5723
35845,0.7065
35846,0.5436
35847,0.6204
35848,0.9410
35849,0.7918
35850,0.7366
35851,0.5454
35852,0.6921
35853,0.6271
35854,0.7839
35855,0.5834
35856,0.5222
35857,0.7082
35858,0.8428
35859,0.8308
35860,0.9219
35861,0.4827
35862,0.6754
35863,0.6746
35864,0.5317
35865,0.7192
35866,0.5607
35867,0.6697
35868,0.9889
35869,0.6520
35870,0.6052
35871,0.5802
35872,0.6787
35873,0.6282
35874,0.5928
35875,0.6320
35876,0.8159
35877,0.7510
35878,0.7307
35879,0.5949
35880,0.6571
35881,0.5433
35882,0.7009
35883,0.8384
35884,0.3934
35885,0.7633
35886,0.6388
35887,0.5674
35888,0.9311
35889,0.6172
35890,1.2202
35891,0.6794
35892,0.7326
35893,0.5550
35894,0.6536
35895,0.6042
35896,0.6315
35897,0.8260
35898,0.4426
35899,1.4628
35900,0.1767
35901,0.8372
35902,0.5799
35903,0.6863
35904,0.5827
35905,0.5989
35906,0.6773
35907,0.6132
35908,1.0789
35909,0.6415
35910,0.6475
35911,0.5887
35912,0.6419
35913,0.6005
35914,0.6371
35915,0.6764
35916,0.6314
35917,0.6148
35918,0.8931
35919,0.7248
35920,0.5737
35921,0.8406
35922,0.5051
35923,0.5698
35924,0.6423
35925,0.6376
35926,0.8484
35927,0.4168
35928,0.6706
35929,0.9015
35930,0.6819
35931,0.6078
35932,0.6154
35933,0.5764
35934,0.5900
35935,0.7995
35936,0.4985
35937,0.8100
35938,0.5147
35939,0.6470
35940,1.0586
35941,1.0705
35942,0.7686
35943,0.8330
35944,0.4855
35945,0.6828
35946,0.7437
35947,0.4242
35948,0.6851
35949,0.8939
35950,0.7255
35951,0.7323
35952,0.5992
35953,0.7082
35954,0.7061
35955,0.5970
35956,0.5318
35957,0.6586
35958,0.6565
35959,0.9886
35960,0.7151
35961,0.8542
35962,0.6637
35963,0.6056
35964,0.6786
35965,0.5503
35966,1.1012
35967,0.2121
35968,0.6471
35969,0.8803
35970,0.6780
35971,0.6001
35972,0.6602
35973,0.6371
35974,0.5936
35975,0.6637
35976,0.6502
35977,0.7233
35978,0.5449
35979,0.6932
35980,1.0188
35981,0.6469
35982,0.5875
35983,0.6283
35984,0.6156
35985,0.7187
35986,0.6715
35987,0.6558
35988,0.5182
35989,0.8467
35990,0.6991
35991,0.7059
35992,0.5640
35993,0.6679
35994,0.6148
35995,0.6062
35996,0.6643
35997,0.5955
35998,0.7520
35999,0.6236
36000,1.0154
36001,0.7142
36002,0.8252
36003,0.7289
36004,0.6402
36005,0.7002
36006,0.6057
36007,0.6386
36008,0.6007
36009,0.6591
36010,0.5853
36011,1.0373
36012,0.6800
36013,0.8317
36014,0.6486
36015,0.5902
36016,0.5984
36017,0.7261
36018,0.5725
36019,0.5857
36020,0.6434
36021,0.8730
36022,0.6784
36023,0.7570
36024,0.6253
36025,0.7060
36026,0.6482
36027,0.6268
36028,0.6839
36029,0.6908
36030,0.8473
36031,0.7754
36032,0.8782
36033,0.5674
36034,0.6643
36035,0.8904
36036,0.4198
36037,0.8409
36038,0.3729
36039,0.6643
36040,0.8908
36041,0.6471
36042,0.6652
36043,0.7159
36044,0.4601
36045,0.6118
36046,0.6957
36047,0.6329
36048,0.8718
36049,0.4226
36050,0.5564
36051,0.9594
36052,0.7079
36053,0.6194
36054,0.5623
36055,0.6323
36056,0.6244
36057,0.6294
36058,0.6522
36059,1.1894
36060,0.4014
36061,0.6641
36062,1.0425
36063,0.8761
36064,0.7189
36065,0.8221
36066,0.5316
36067,0.6186
36068,0.6912
36069,0.6486
36070,0.9118
36071,0.7371
36072,0.6962
36073,0.6761
36074,0.6132
36075,0.5922
36076,0.6910
36077,0.6435
36078,0.5755
36079,0.6704
36080,0.6099
36081,1.1813
36082,0.5655
36083,0.7201
36084,0.6707
36085,0.7303
36086,0.5391
36087,0.6553
36088,0.6160
36089,0.6426
36090,0.6040
36091,0.8963
36092,0.7214
36093,0.7781
36094,0.5876
36095,0.6642
36096,0.6406
36097,0.6387
36098,0.8096
36099,0.4742
36100,0.6308
36101,0.9319
36102,0.7282
36103,1.4701
36104,0.1904
36105,0.4715
36106,0.6654
36107,0.5766
36108,0.8694
36109,0.5436
36110,0.4710
36111,0.8962
36112,0.6144
36113,0.6217
36114,0.7536
36115,0.6244
36116,0.6805
36117,0.5755
36118,0.6450
36119,0.6763
36120,0.6683
36121,0.8471
36122,0.6873
36123,0.7947
36124,0.7953
36125,0.7479
36126,0.7794
36127,0.6500
36128,0.8443
36129,0.3674
36130,1.2086
36131,0.4923
36132,0.7200
36133,0.8471
36134,0.5332
36135,0.6207
36136,0.6806
36137,0.5506
36138,0.8031
36139,0.5145
36140,0.5797
36141,0.9729
36142,0.7106
36143,0.5983
36144,0.6473
36145,0.5691
36146,0.6196
36147,0.6654
36148,0.9117
36149,0.5116
36150,0.4381
36151,1.0799
36152,0.7485
36153,0.7380
36154,0.6131
36155,0.5883
36156,0.6440
36157,0.6386
36158,0.5604
36159,0.6399
36160,0.6790
36161,0.9448
36162,0.7366
36163,0.5508
36164,0.6002
36165,0.6664
36166,0.6374
36167,0.5387
36168,0.7188
36169,0.7401
36170,0.5176
36171,0.5312
36172,1.1047
36173,0.9258
36174,0.6865
36175,0.7934
36176,0.5462
36177,0.5894
36178,0.6926
36179,0.6120
36180,0.6527
36181,0.9112
36182,0.8202
36183,0.8536
36184,0.5311
36185,0.7058
36186,0.6093
36187,0.5422
36188,0.6812
36189,0.6691
36190,0.5897
36191,0.9543
36192,0.7081
36193,0.8335
36194,0.5616
36195,0.6449
36196,0.5413
36197,0.7061
36198,0.6311
36199,0.6654
36200,0.6579
36201,0.5311
36202,1.1006
36203,0.6034
36204,0.6764
36205,0.5892
36206,0.6371
36207,0.6524
36208,0.6806
36209,0.7714
36210,0.4476
36211,0.6504
36212,0.8710
36213,0.7022
36214,0.7797
36215,0.6038
36216,0.6690
36217,0.6030
36218,0.6786
36219,0.7155
36220,0.4685
36221,0.6710
36222,1.0403
36223,0.6728
36224,0.6670
36225,0.5677
36226,0.6259
36227,0.6296
36228,0.6869
36229,0.6125
36230,0.6764
36231,0.6090
36232,1.0264
36233,0.6989
36234,0.9167
36235,0.6787
36236,0.6609
36237,0.7534
36238,1.7731
36239,0.1550
36240,0.7039
36241,0.7681
36242,0.7688
36243,0.7912
36244,0.5170
36245,0.6608
36246,0.6152
36247,0.6024
36248,0.6835
36249,0.5917
36250,0.6393
36251,1.0517
36252,0.6990
36253,0.6294
36254,0.5458
36255,0.6213
36256,0.6843
36257,0.6239
36258,0.5398
36259,1.4221
36260,0.2651
36261,0.3088
36262,1.0163
36263,0.5408
36264,0.6537
36265,0.6154
36266,0.5957
36267,0.5629
36268,0.7654
36269,0.6233
36270,0.5870
36271,0.5951
36272,1.0669
36273,0.6166
36274,0.6959
36275,0.5967
36276,0.7197
36277,0.6558
36278,0.5443
36279,0.6058
36280,0.6624
36281,0.6502
36282,0.9263
36283,0.7597
36284,0.4973
36285,0.6308
36286,0.6672
36287,0.5563
36288,0.6915
36289,0.6266
36290,0.6034
36291,0.8341
36292,0.7258
36293,0.6948
36294,0.7296
36295,0.7760
36296,0.7399
36297,0.8560
36298,0.7830
36299,0.6945
36300,0.9058
36301,0.3739
36302,0.5581
36303,1.1302
36304,0.6398
36305,0.6170
36306,0.6196
36307,0.5657
36308,0.6191
36309,0.6904
36310,0.6047
36311,0.6198
36312,0.9843
36313,0.5575
36314,0.7252
36315,0.6992
36316,0.5517
36317,0.5808
36318,0.6895
36319,0.6245
36320,0.7589
36321,0.4767
36322,0.5469
36323,1.7218
36324,0.1563
36325,0.7344
36326,0.6656
36327,0.5867
36328,0.8712
36329,0.3789
36330,0.6666
36331,0.5454
36332,0.6552
36333,0.8489
36334,0.7976
36335,0.8331
36336,0.6070
36337,0.5762
36338,0.6600
36339,0.5793
36340,0.7026
36341,0.7257
36342,0.4567
36343,0.7351
36344,0.9929
36345,0.6593
36346,0.6374
36347,0.6695
36348,0.6200
36349,0.6448
36350,0.5843
36351,0.6826
36352,0.5628
36353,0.6215
36354,0.9259
36355,0.7678
36356,0.7267
36357,0.7317
36358,0.8953
36359,0.8130
36360,0.9013
36361,0.4085
36362,0.7370
36363,0.8195
36364,0.6529
36365,0.6940
36366,0.5733
36367,0.7105
36368,0.5982
36369,0.5888
36370,0.6058
36371,0.7514
36372,0.7191
36373,0.9888
36374,0.4282
36375,0.9424
36376,0.5443
36377,0.7506
36378,0.5500
36379,0.6856
36380,0.6237
36381,0.6301
36382,0.5819
36383,0.6994
36384,0.9267
36385,0.6795
36386,0.6245
36387,0.6023
36388,1.2663
36389,0.1293
36390,0.6282
36391,0.5804
36392,0.6962
36393,0.8621
36394,0.6729
36395,1.3252
36396,0.2674
36397,0.6917
36398,0.5609
36399,0.6740
36400,0.5900
36401,0.6944
36402,0.6389
36403,1.0170
36404,0.6307
36405,0.8596
36406,0.7621
36407,0.7238
36408,0.5823
36409,0.6778
36410,0.6995
36411,0.5164
36412,0.6486
36413,0.9072
36414,0.6826
36415,0.6697
36416,0.6406
36417,0.7268
36418,0.4321
36419,0.7205
36420,0.6173
36421,0.7650
36422,0.4728
36423,0.6373
36424,1.0205
36425,0.7313
36426,0.6271
36427,0.6198
36428,0.6010
36429,0.6525
36430,0.5712
36431,0.7818
36432,0.5105
36433,0.5683
36434,0.9361
36435,0.8221
36436,0.7708
36437,0.5497
36438,0.6569
36439,0.6181
36440,0.8620
36441,0.3295
36442,0.5987
36443,0.6790
36444,1.1770
36445,0.6404
36446,0.5430
36447,0.6728
36448,0.6466
36449,0.5444
36450,0.7306
36451,0.5801
36452,0.6091
36453,0.6498
36454,0.9287
36455,0.5971
36456,0.7078
36457,0.6057
36458,0.5791
36459,0.6559
36460,0.6250
36461,0.6087
36462,0.8988
36463,0.3663
36464,0.6055
36465,1.1062
36466,0.5932
36467,0.8842
36468,0.8289
36469,0.7411
36470,0.7595
36471,0.6606
36472,0.6511
36473,0.6174
36474,0.9477
36475,0.6643
36476,0.5925
36477,0.6304
36478,0.7000
36479,0.5859
36480,0.5618
36481,0.7749
36482,0.6315
36483,0.5408
36484,0.5478
36485,0.9295
36486,0.6351
36487,1.1552
36488,0.4275
36489,0.5022
36490,0.9924
36491,2.0037
36492,0.1656
36493,0.6072
36494,0.6024
36495,1.2931
36496,0.5170
36497,0.5120
36498,0.6994
36499,0.5694
36500,0.5674
36501,0.8929
36502,0.4594
36503,0.5464
36504,0.9798
36505,0.7606
36506,0.7143
36507,0.7470
36508,0.6195
36509,0.5030
36510,0.7160
36511,1.0540
36512,0.1720
36513,0.6126
36514,0.6812
36515,0.8885
36516,0.9341
36517,0.7186
36518,0.7721
36519,0.6045
36520,0.6646
36521,0.6306
36522,0.6197
36523,1.3328
36524,0.3397
36525,0.9121
36526,0.6887
36527,0.7132
36528,0.6080
36529,0.6013
36530,0.7096
36531,0.5571
36532,0.7073
36533,1.2135
36534,0.5075
36535,0.4646
36536,0.6829
36537,0.6050
36538,0.5909
36539,0.6164
36540,0.5915
36541,0.6820
36542,0.7465
36543,0.5508
36544,0.6718
36545,0.9611
36546,0.8467
36547,0.7076
36548,0.6296
36549,0.6527
36550,0.5765
36551,0.7663
36552,0.6113
36553,0.8472
36554,0.7360
36555,0.6382
36556,0.6649
36557,0.6615
36558,0.5797
36559,0.5990
36560,0.6958
36561,0.6527
36562,0.5946
36563,1.0557
36564,0.6995
36565,0.5603
36566,0.6123
36567,0.6789
36568,0.5466
36569,0.6711
36570,0.5626
36571,0.7281
36572,0.6119
36573,0.5699
36574,0.9833
36575,0.5971
36576,0.6085
36577,0.8203
36578,0.5674
36579,0.5410
36580,0.7384
36581,0.5479
36582,0.6172
36583,0.6434
36584,1.0774
36585,0.6820
36586,1.2111
36587,0.6659
36588,0.7714
36589,0.6054
36590,0.5414
36591,0.9028
36592,0.3717
36593,0.6558
36594,0.9304
36595,0.6911
36596,0.8137
36597,0.4898
36598,0.7753
36599,0.5918
36600,0.5476
36601,0.6702
36602,0.6085
36603,0.6134
36604,0.9543
36605,0.7275
36606,0.7501
36607,0.5629
36608,0.6642
36609,0.7294
36610,0.5983
36611,0.5491
36612,0.7099
36613,0.6210
36614,1.0244
36615,0.6516
36616,0.6731
36617,0.5867
36618,0.5695
36619,0.6496
36620,0.6189
36621,0.6537
36622,1.1557
36623,0.1994
36624,0.9217
36625,0.6633
36626,0.6243
36627,0.6627
36628,0.4901
36629,0.7130
36630,0.5225
36631,0.7486
36632,0.6486
36633,0.5418
36634,0.6937
36635,0.9997
36636,0.7691
36637,0.7505
36638,0.9114
36639,0.6947
36640,0.6693
36641,0.7176
36642,0.5674
36643,0.6281
36644,1.0187
36645,0.6915
36646,0.7753
36647,0.5223
36648,0.5766
36649,0.7129
36650,0.6426
36651,0.5612
36652,0.7089
36653,0.6017
36654,0.9147
36655,0.7333
36656,0.5977
36657,0.6406
36658,0.6040
36659,0.5965
36660,0.6914
36661,0.6109
36662,0.6373
36663,0.5835
36664,0.6297
36665,1.0318
36666,0.7222
36667,0.7958
36668,0.4632
36669,0.9475
36670,0.2426
36671,0.7032
36672,0.6239
36673,0.6155
36674,0.6459
36675,0.9548
36676,0.6796
36677,0.5530
36678,0.6594
36679,0.5394
36680,0.6735
36681,0.6099
36682,0.5979
36683,0.9560
36684,0.4357
36685,0.5791
36686,1.0316
36687,0.6831
36688,0.6619
36689,0.6100
36690,0.9172
36691,0.3225
36692,0.6943
36693,0.5466
36694,0.7373
36695,1.0033
36696,0.7074
36697,0.8228
36698,0.7405
36699,0.7276
36700,0.6154
36701,0.5604
36702,0.6048
36703,0.8019
36704,0.5835
36705,0.5654
36706,1.0463
36707,0.7364
36708,0.6030
36709,0.5350
36710,0.6315
36711,0.6342
36712,0.6657
36713,0.7003
36714,0.8761
36715,0.6585
36716,0.6580
36717,0.6450
36718,0.6127
36719,0.5978
36720,0.7506
36721,0.5159
36722,0.5665
36723,0.7218
36724,0.5476
36725,0.6471
36726,0.9527
36727,0.6406
36728,0.7049
36729,0.6279
36730,0.6394
36731,0.5168
36732,0.6611
36733,0.6664
36734,0.5829
36735,0.6555
36736,0.6130
36737,1.1981
36738,0.6554
36739,0.7812
36740,0.5191
36741,0.6091
36742,0.6557
36743,0.7355
36744,0.4662
36745,0.6433
36746,0.6446
36747,0.9682
36748,0.7508
36749,0.7749
36750,0.5281
36751,0.5691
36752,0.6802
36753,0.6161
36754,0.6561
36755,0.6818
36756,0.6389
36757,1.0718
36758,0.7224
36759,0.6990
36760,1.0000
36761,0.6570
36762,0.7675
36763,0.6058
36764,0.5729
36765,0.6518
36766,0.9372
36767,0.6276
36768,0.7169
36769,0.6244
36770,0.5299
36771,0.6918
36772,0.5864
36773,0.5689
36774,0.6556
36775,0.6619
36776,0.6678
36777,0.8899
36778,0.7526
36779,0.7143
36780,0.5566
36781,0.7411
36782,0.7314
36783,0.4702
36784,0.6166
36785,0.7196
36786,0.6012
36787,1.0486
36788,0.6355
36789,0.7132
36790,0.6084
36791,0.5391
36792,0.6274
36793,0.6911
36794,0.6561
36795,0.6951
36796,0.6784
36797,0.4791
36798,0.9834
36799,0.8362
36800,0.4035
36801,0.5986
36802,0.6887
36803,0.5902
36804,0.6881
36805,0.5828
36806,0.7097
36807,0.9185
36808,0.2582
36809,1.1984
36810,0.5699
36811,0.6661
36812,0.6047
36813,0.6694
36814,0.5624
36815,0.6345
36816,0.5929
36817,0.6950
36818,0.9036
36819,0.7261
36820,0.7358
36821,0.7809
36822,0.8751
36823,0.7489
36824,0.7273
36825,1.1790
36826,0.2397
36827,0.6981
36828,0.4940
36829,0.9641
36830,0.6900
36831,0.5655
36832,0.5809
36833,0.6880
36834,0.5987
36835,1.3927
36836,0.1574
36837,0.5266
36838,0.5724
36839,0.9670
36840,0.6503
36841,0.6300
36842,0.6369
36843,0.6030
36844,0.6034
36845,0.6280
36846,0.6897
36847,0.6133
36848,1.0259
36849,0.5542
36850,0.6619
36851,0.6065
36852,0.6269
36853,0.6286
36854,0.6467
36855,0.6293
36856,0.7450
36857,0.5058
36858,0.7131
36859,0.9042
36860,0.8055
36861,0.5228
36862,0.6260
36863,0.6069
36864,0.6236
36865,0.7270
36866,0.5296
36867,0.7125
36868,0.6414
36869,0.8756
36870,1.3246
36871,0.1111
36872,1.1681
36873,0.5491
36874,0.6734
36875,0.6381
36876,0.5691
36877,0.7509
36878,0.8144
36879,0.7328
36880,0.9992
36881,0.5986
36882,0.6395
36883,0.5898
36884,0.5925
36885,0.6788
36886,0.5595
36887,0.7113
36888,0.6325
36889,0.8934
36890,0.7381
36891,0.6035
36892,0.5907
36893,0.6297
36894,0.6638
36895,0.6049
36896,0.6556
36897,0.5442
36898,0.6423
36899,0.9368
36900,0.7729
36901,0.9618
36902,0.3653
36903,0.6070
36904,0.7222
36905,0.5909
36906,0.5837
36907,0.6931
36908,0.6162
36909,1.4237
36910,0.1806
36911,0.9990
36912,0.5646
36913,0.5484
36914,0.6434
36915,0.9674
36916,0.7016
36917,0.4112
36918,0.4915
36919,0.6913
36920,0.9341
36921,0.7339
36922,0.5667
36923,0.5652
36924,0.6130
36925,0.6495
36926,0.6643
36927,0.8325
36928,0.5353
36929,0.5461
36930,1.0299
36931,1.1870
36932,0.6530
36933,0.7839
36934,0.6660
36935,0.5548
36936,1.5543
36937,0.5428
36938,0.4918
36939,0.5244
36940,0.4789
36941,0.5137
36942,0.5722
36943,0.7067
36944,0.5790
36945,0.6758
36946,0.6010
36947,0.6067
36948,0.6831
36949,0.6212
36950,1.0215
36951,0.7335
36952,0.5194
36953,0.6727
36954,0.5627
36955,1.2865
36956,0.1007
36957,0.9077
36958,0.3150
36959,0.8190
36960,0.8015
36961,0.7158
36962,0.5322
36963,0.6873
36964,0.6201
36965,0.6217
36966,0.6013
36967,0.6063
36968,0.7282
36969,0.6479
36970,0.9173
36971,0.6876
36972,0.8086
36973,0.5642
36974,0.5569
36975,0.7137
36976,0.6327
36977,0.5796
36978,0.6431
36979,0.7046
36980,0.9880
36981,0.7137
36982,0.7737
36983,0.4451
36984,0.6365
36985,0.5580
36986,0.6997
36987,0.6289
36988,0.6378
36989,0.5990
36990,1.0428
36991,0.7122
36992,0.8874
36993,0.6786
36994,0.6720
36995,0.7512
36996,0.5726
36997,0.6357
36998,0.6535
36999,0.6038
37000,1.0483
37001,0.6150
37002,0.6934
37003,0.6199
37004,0.9930
37005,0.3337
37006,0.7458
37007,0.4748
37008,0.5593
37009,0.6814
37010,0.9838
37011,0.7878
37012,0.5395
37013,0.6142
37014,0.6632
37015,0.6345
37016,0.5765
37017,0.6821
37018,0.8242
37019,0.4719
37020,0.7796
37021,0.7573
37022,0.6273
37023,0.8223
37024,0.6095
37025,0.5751
37026,0.6852
37027,0.6075
37028,0.7102
37029,0.6241
37030,0.6364
37031,0.5565
37032,1.0769
37033,0.7423
37034,0.7658
37035,0.5915
37036,0.6353
37037,0.6095
37038,0.5912
37039,0.7391
37040,0.5982
37041,0.8791
37042,0.6279
37043,0.7166
37044,0.6012
37045,0.6194
37046,0.6329
37047,0.6161
37048,0.7833
37049,0.6519
37050,0.5362
37051,1.3856
37052,0.3122
37053,1.1570
37054,0.7153
37055,0.7643
37056,0.5487
37057,0.6320
37058,0.7871
37059,0.4153
37060,0.6346
37061,0.9515
37062,0.6480
37063,0.6859
37064,0.5583
37065,0.6216
37066,0.6364
37067,0.6165
37068,0.6199
37069,0.6502
37070,0.6477
37071,1.0840
37072,0.6614
37073,0.5950
37074,0.6873
37075,0.6685
37076,0.6272
37077,0.5594
37078,0.6527
37079,0.5928
37080,0.6543
37081,1.0393
37082,0.5920
37083,0.7879
37084,0.6585
37085,0.5458
37086,0.7096
37087,0.5952
37088,0.6264
37089,0.5800
37090,0.6474
37091,0.8851
37092,0.7337
37093,0.5522
37094,0.6757
37095,0.5638
37096,0.6256
37097,0.9519
37098,0.3502
37099,0.6537
37100,0.6365
37101,0.5981
37102,1.0747
37103,0.7066
37104,0.7951
37105,0.8112
37106,0.6749
37107,0.8805
37108,0.5082
37109,0.8224
37110,0.5073
37111,0.5603
37112,0.9440
37113,0.8007
37114,0.7417
37115,0.5265
37116,0.6540
37117,0.5937
37118,1.4738
37119,0.3700
37120,0.1832
37121,0.5915
37122,1.0456
37123,0.6416
37124,0.6781
37125,0.5907
37126,0.6282
37127,0.6592
37128,0.5401
37129,0.7294
37130,0.5823
37131,0.6549
37132,0.8995
37133,0.7335
37134,0.5668
37135,0.5951
37136,0.6896
37137,0.5973
37138,0.6843
37139,0.5138
37140,0.8105
37141,0.5929
37142,0.6174
37143,0.9089
37144,0.6934
37145,0.5870
37146,0.6487
37147,0.5707
37148,0.6366
37149,0.6729
37150,0.8209
37151,0.3700
37152,0.6377
37153,1.0372
37154,0.7606
37155,0.6170
37156,0.5743
37157,0.6593
37158,0.6118
37159,0.6260
37160,0.6764
37161,0.6261
37162,0.6337
37163,0.9331
37164,0.7106
37165,0.7489
37166,0.9307
37167,0.7959
37168,0.6207
37169,0.6690
37170,0.7106
37171,0.5448
37172,0.7176
37173,0.8208
37174,0.6618
37175,0.9849
37176,0.6601
37177,0.6256
37178,0.6067
37179,0.5965
37180,0.8913
37181,0.4353
37182,0.5867
37183,0.9144
37184,0.7339
37185,0.7773
37186,0.4091
37187,0.6452
37188,1.2554
37189,0.3014
37190,1.0651
37191,0.2100
37192,0.5352
37193,0.7321
37194,0.8365
37195,0.9238
37196,0.6995
37197,0.5694
37198,0.6337
37199,0.6226
37200,0.6578
37201,0.5895
37202,0.6282
37203,0.9167
37204,0.7064
37205,0.8257
37206,0.5563
37207,0.6544
37208,0.8022
37209,0.3987
37210,1.0120
37211,0.4284
37212,0.4650
37213,0.7456
37214,0.8617
37215,0.6550
37216,0.8515
37217,0.5173
37218,0.6278
37219,0.6167
37220,0.6707
37221,0.6782
37222,0.6164
37223,1.3254
37224,0.4033
37225,1.1513
37226,0.6867
37227,0.7721
37228,0.4949
37229,0.7136
37230,0.6581
37231,0.6447
37232,0.5050
37233,0.7541
37234,0.8791
37235,0.5981
37236,0.6417
37237,0.6699
37238,0.6339
37239,0.5723
37240,0.6646
37241,0.6485
37242,0.6218
37243,1.0460
37244,0.6977
37245,0.5923
37246,0.6152
37247,0.6620
37248,0.5676
37249,0.6949
37250,0.6089
37251,0.6439
37252,0.6555
37253,0.9009
37254,0.6756
37255,1.0085
37256,0.2954
37257,0.5849
37258,0.6232
37259,0.5921
37260,0.6644
37261,0.6624
37262,0.5704
37263,0.6453
37264,0.8880
37265,0.8438
37266,0.5772
37267,0.7411
37268,0.6882
37269,0.5491
37270,0.5938
37271,0.6317
37272,0.7299
37273,0.8008
37274,0.7907
37275,0.6104
37276,0.9971
37277,0.6023
37278,1.0021
37279,0.2058
37280,0.6076
37281,0.8632
37282,0.6420
37283,0.5814
37284,0.8738
37285,0.9339
37286,0.7085
37287,0.7091
37288,0.6843
37289,0.6018
37290,0.5937
37291,0.7126
37292,0.6490
37293,0.9045
37294,0.7112
37295,0.8720
37296,0.6670
37297,0.6045
37298,0.5767
37299,0.6731
37300,0.6432
37301,0.6773
37302,0.5548
37303,0.6928
37304,0.8018
37305,0.6891
37306,0.6508
37307,0.6240
37308,0.6079
37309,0.5863
37310,0.7436
37311,0.5376
37312,0.6161
37313,0.6499
37314,0.6559
37315,1.0655
37316,0.7241
37317,0.5132
37318,0.7382
37319,0.5590
37320,0.6853
37321,0.5371
37322,0.8860
37323,0.4453
37324,0.7608
37325,0.8143
37326,0.7653
37327,0.5516
37328,0.6106
37329,0.5938
37330,0.6709
37331,0.5476
37332,0.6563
37333,0.7260
37334,0.5374
37335,0.9618
37336,0.7921
37337,0.7611
37338,0.7987
37339,0.8780
37340,0.6023
37341,0.6117
37342,0.6962
37343,0.6269
37344,0.4981
37345,0.6648
37346,1.1269
37347,0.6624
37348,0.5398
37349,0.6816
37350,0.6184
37351,0.5863
37352,0.7943
37353,0.4951
37354,0.6694
37355,0.8999
37356,0.6058
37357,0.8972
37358,0.6248
37359,0.6073
37360,0.7191
37361,0.5756
37362,0.5569
37363,0.6933
37364,0.7503
37365,0.9073
37366,0.6490
37367,0.9181
37368,0.7103
37369,0.4962
37370,0.6880
37371,0.5790
37372,0.5424
37373,0.7314
37374,0.5913
37375,0.9769
37376,0.6644
37377,0.6556
37378,0.5499
37379,0.6573
37380,0.6615
37381,0.5961
37382,0.6240
37383,0.7224
37384,0.5352
37385,0.5815
37386,0.9786
37387,0.7521
37388,0.5728
37389,0.5809
37390,0.6899
37391,0.5190
37392,0.8557
37393,0.5136
37394,0.7059
37395,0.9437
37396,0.5923
37397,1.1864
37398,0.7599
37399,0.6260
37400,0.6654
37401,0.6240
37402,0.6087
37403,0.6845
37404,0.6652
37405,0.8383
37406,0.7395
37407,0.5573
37408,0.5630
37409,0.7343
37410,0.6093
37411,0.6677
37412,0.5485
37413,0.7742
37414,0.4605
37415,0.8554
37416,0.7914
37417,0.6517
37418,1.1973
37419,0.3726
37420,0.5961
37421,0.6717
37422,0.6227
37423,0.6831
37424,0.5829
37425,0.6249
37426,0.9240
37427,0.7889
37428,0.5568
37429,0.5540
37430,0.5875
37431,0.7071
37432,0.6326
37433,0.6601
37434,0.8771
37435,0.3471
37436,0.6417
37437,0.5592
37438,1.1147
37439,0.7574
37440,0.7133
37441,0.6257
37442,0.7517
37443,0.5315
37444,0.5872
37445,0.7755
37446,0.5404
37447,0.7325
37448,0.8627
37449,0.6022
37450,0.6564
37451,0.5831
37452,0.5914
37453,0.6117
37454,0.7710
37455,0.5848
37456,0.6527
37457,1.0878
37458,0.6822
37459,0.7760
37460,0.5959
37461,1.0505
37462,0.5399
37463,0.7887
37464,0.4887
37465,0.6389
37466,0.9496
37467,0.7609
37468,0.8260
37469,0.5936
37470,0.7667
37471,0.5732
37472,0.6328
37473,0.7087
37474,0.5000
37475,0.7244
37476,0.6106
37477,0.9021
37478,0.8183
37479,0.5234
37480,0.5947
37481,0.6621
37482,0.6049
37483,1.2296
37484,0.1447
37485,0.8333
37486,0.3045
37487,0.9076
37488,1.0290
37489,0.6204
37490,0.6534
37491,0.6257
37492,0.6244
37493,0.6614
37494,0.6867
37495,0.7156
37496,0.4824
37497,0.5633
37498,1.1098
37499,0.5403
37500,0.6111
37501,0.6945
37502,0.5671
37503,0.6168
37504,0.6831
37505,0.6060
37506,0.5575
37507,1.7432
37508,0.1251
37509,0.4767
37510,0.6172
37511,0.6538
37512,0.6779
37513,0.5671
37514,0.6310
37515,0.6316
37516,0.7706
37517,0.8055
37518,0.8234
37519,0.9012
37520,0.6564
37521,0.7032
37522,0.9039
37523,0.7368
37524,0.7058
37525,0.6596
37526,0.9259
37527,0.6452
37528,0.8440
37529,0.5836
37530,0.5988
37531,0.6632
37532,0.6224
37533,0.5926
37534,0.7053
37535,0.6503
37536,0.8422
37537,0.7227
37538,0.9094
37539,0.6379
37540,0.6014
37541,0.6559
37542,0.6139
37543,0.7158
37544,0.5504
37545,0.6151
37546,0.9159
37547,0.7160
37548,0.5984
37549,0.6402
37550,0.6108
37551,1.3745
37552,0.2070
37553,0.3541
37554,0.5611
37555,0.6545
37556,0.9982
37557,0.6540
37558,0.9807
37559,0.7448
37560,0.6049
37561,0.5816
37562,0.6194
37563,0.6739
37564,0.7864
37565,0.4566
37566,0.5899
37567,0.9591
37568,0.7547
37569,0.6839
37570,0.6706
37571,0.5910
37572,0.6432
37573,0.6463
37574,0.6404
37575,0.5484
37576,0.6499
37577,0.9249
37578,0.6308
37579,0.8794
37580,0.8179
37581,1.1963
37582,0.2045
37583,0.6558
37584,0.7154
37585,0.6277
37586,1.0017
37587,0.7950
37588,0.5730
37589,0.6223
37590,0.6516
37591,0.6185
37592,0.6189
37593,0.6512
37594,0.6812
37595,0.4889
37596,0.7231
37597,0.9729
37598,0.6805
37599,0.5855
37600,0.6072
37601,0.6377
37602,0.9812
37603,0.4386
37604,0.7352
37605,0.5127
37606,0.6545
37607,0.5962
37608,1.0239
37609,0.7132
37610,0.6278
37611,0.6302
37612,0.6352
37613,0.5849
37614,0.6745
37615,0.6293
37616,0.7651
37617,0.9098
37618,0.6091
37619,0.8905
37620,0.4998
37621,0.5612
37622,0.7101
37623,0.6200
37624,0.5732
37625,0.8596
37626,0.5201
37627,0.6362
37628,0.5403
37629,0.9323
37630,0.6466
37631,0.6306
37632,0.6351
37633,0.6062
37634,0.5686
37635,0.6252
37636,0.6522
37637,0.6485
37638,1.0105
37639,0.7681
37640,0.7819
37641,1.5079
37642,0.2205
37643,0.6147
37644,0.6281
37645,0.6284
37646,0.6290
37647,0.9963
37648,0.6130
37649,0.6157
37650,0.5920
37651,0.6055
37652,0.6566
37653,0.6562
37654,0.6164
37655,0.6655
37656,0.5789
37657,0.6183
37658,1.0721
37659,0.6964
37660,0.5733
37661,0.6663
37662,0.6084
37663,0.8456
37664,0.4761
37665,0.5824
37666,0.7385
37667,0.6413
37668,0.8860
37669,0.6768
37670,0.5720
37671,0.5898
37672,0.5912
37673,0.7267
37674,0.5526
37675,0.6535
37676,0.8144
37677,0.5031
37678,0.6448
37679,0.9237
37680,0.7142
37681,0.8555
37682,0.6675
37683,0.6108
37684,0.5922
37685,0.7829
37686,0.6257
37687,0.8370
37688,0.3440
37689,0.9903
37690,0.9435
37691,0.7068
37692,0.7519
37693,0.5798
37694,0.6458
37695,0.5464
37696,0.7045
37697,0.5979
37698,0.9728
37699,0.6833
37700,0.7949
37701,0.5682
37702,0.6896
37703,0.6109
37704,0.5933
37705,0.6637
37706,0.6912
37707,0.5961
37708,1.4740
37709,0.1429
37710,1.3610
37711,0.1141
37712,0.7547
37713,0.5661
37714,0.5937
37715,0.6520
37716,0.5763
37717,0.6705
37718,0.6082
37719,0.9425
37720,0.7170
37721,0.7725
37722,0.5337
37723,0.6066
37724,0.6131
37725,0.7257
37726,0.7802
37727,0.5380
37728,0.6176
37729,1.2669
37730,0.3659
37731,0.6974
37732,0.6214
37733,0.6176
37734,0.6325
37735,0.6166
37736,0.5675
37737,0.6981
37738,0.6196
37739,0.9301
37740,0.7003
37741,0.6171
37742,0.5668
37743,0.6770
37744,0.6242
37745,0.5790
37746,0.6106
37747,0.7307
37748,0.7159
37749,0.9861
37750,0.6426
37751,0.8743
37752,0.9189
37753,0.5367
37754,0.6540
37755,0.6918
37756,0.4795
37757,0.6477
37758,0.6535
37759,0.6345
37760,1.0006
37761,0.6835
37762,0.9767
37763,0.5596
37764,0.6486
37765,0.5351
37766,0.8094
37767,0.4432
37768,0.6652
37769,0.9462
37770,0.6189
37771,0.6774
37772,0.6165
37773,0.5637
37774,0.9690
37775,0.4116
37776,0.7038
37777,0.6234
37778,0.5313
37779,0.5887
37780,1.0598
37781,0.6153
37782,0.6498
37783,0.5809
37784,0.6242
37785,0.6443
37786,0.6133
37787,0.6793
37788,0.6686
37789,0.5979
37790,0.8881
37791,0.6798
37792,0.6057
37793,0.6798
37794,0.5878
37795,0.6434
37796,0.6511
37797,0.6400
37798,1.4010
37799,0.2442
37800,0.4559
37801,0.5505
37802,0.8999
37803,0.9646
37804,0.6974
37805,0.7516
37806,0.7207
37807,0.5933
37808,0.5597
37809,0.7042
37810,0.9180
37811,0.6276
37812,0.7544
37813,0.7744
37814,0.8816
37815,0.7159
37816,0.7756
37817,0.7238
37818,0.6292
37819,0.9200
37820,0.6236
37821,0.6794
37822,0.5293
37823,0.6627
37824,0.6203
37825,0.5067
37826,0.7222
37827,0.6929
37828,0.6198
37829,0.6081
37830,1.1119
37831,0.6156
37832,0.6000
37833,0.6184
37834,0.7128
37835,0.4975
37836,0.6394
37837,0.7457
37838,0.5953
37839,0.5949
37840,0.9685
37841,0.6802
37842,0.7449
37843,0.7261
37844,0.5185
37845,0.4996
37846,0.6073
37847,0.6352
37848,0.6358
37849,0.7912
37850,0.4125
37851,1.1229
37852,0.5956
37853,0.6903
37854,0.6252
37855,0.5758
37856,0.6312
37857,0.5665
37858,0.7143
37859,0.6597
37860,0.9342
37861,0.6657
37862,0.6072
37863,0.5987
37864,1.2998
37865,0.1321
37866,0.6222
37867,0.6009
37868,0.6714
37869,0.6870
37870,0.6351
37871,0.8811
37872,0.7154
37873,0.7709
37874,0.8980
37875,0.7046
37876,0.6653
37877,0.6102
37878,0.7836
37879,0.6215
37880,0.6666
37881,0.9071
37882,0.8679
37883,0.6897
37884,0.8001
37885,0.7566
37886,0.4630
37887,0.5899
37888,0.6269
37889,0.6894
37890,0.9117
37891,0.7802
37892,0.5058
37893,0.6441
37894,0.5625
37895,0.6631
37896,0.6057
37897,0.6744
37898,0.6546
37899,0.5940
37900,0.5995
37901,1.2098
37902,0.5851
37903,0.5960
37904,0.6525
37905,0.6424
37906,0.6553
37907,0.5852
37908,0.7093
37909,1.0936
37910,0.2155
37911,0.5121
37912,1.0109
37913,0.6145
37914,0.6143
37915,0.6285
37916,0.6312
37917,0.7714
37918,0.4212
37919,0.9800
37920,0.3118
37921,0.6841
37922,0.9755
37923,0.6439
37924,1.2297
37925,0.7301
37926,0.6908
37927,0.5893
37928,0.8449
37929,0.5699
37930,0.5941
37931,0.6272
37932,1.1020
37933,0.4137
37934,0.6617
37935,0.5139
37936,0.7693
37937,0.5899
37938,0.6694
37939,0.5724
37940,0.6259
37941,0.9457
37942,0.7141
37943,0.5784
37944,0.5431
37945,0.6247
37946,0.6248
37947,0.6541
37948,0.7138
37949,0.6521
37950,0.5988
37951,0.5884
37952,1.1092
37953,0.7083
37954,0.5973
37955,0.5405
37956,0.6856
37957,0.6236
37958,0.5797
37959,0.7193
37960,0.5238
37961,0.7106
37962,0.8512
37963,0.7497
37964,0.7714
37965,0.5442
37966,0.7531
37967,0.6016
37968,0.6012
37969,0.5508
37970,0.7595
37971,0.6104
37972,0.9978
37973,0.7426
37974,0.5203
37975,0.7197
37976,0.6338
37977,0.6295
37978,0.6516
37979,0.5959
37980,0.6983
37981,0.5398
37982,0.6577
37983,1.0541
37984,0.8610
37985,0.7095
37986,0.7941
37987,0.5821
37988,0.6719
37989,0.6223
37990,0.6458
37991,0.6457
37992,0.8829
37993,0.7183
37994,0.5858
37995,0.6484
37996,0.5805
37997,0.7041
37998,0.6257
37999,0.7887
38000,0.5774
38001,0.5733
38002,0.5717
38003,0.6046
38004,1.0045
38005,0.8701
38006,0.6965
38007,0.7207
38008,0.7286
38009,0.6393
38010,0.5704
38011,0.6461
38012,0.8767
38013,0.6972
38014,0.6760
38015,0.6269
38016,0.5264
38017,0.7569
38018,0.5552
38019,0.6423
38020,0.8631
38021,0.4799
38022,1.1882
38023,0.5159
38024,0.6101
38025,0.6181
38026,0.6603
38027,0.5482
38028,0.6675
38029,0.6329
38030,0.8655
38031,0.3883
38032,0.6307
38033,0.9571
38034,0.6873
38035,0.7605
38036,0.5456
38037,0.7086
38038,0.6897
38039,0.6043
38040,0.5351
38041,0.6441
38042,0.7002
38043,1.0393
38044,0.7422
38045,1.0969
38046,0.7280
38047,0.6866
38048,0.6305
38049,0.6923
38050,0.6131
38051,0.6348
38052,0.5850
38053,0.6541
38054,0.8747
38055,0.5911
38056,0.7302
38057,0.6009
38058,0.6939
38059,0.6131
38060,0.7568
38061,0.5458
38062,0.5213
38063,0.9700
38064,0.7931
38065,0.4872
38066,0.6708
38067,0.9493
38068,0.1461
38069,0.6467
38070,0.7160
38071,0.5469
38072,0.8183
38073,0.8904
38074,0.7312
38075,0.8851
38076,0.6210
38077,0.5792
38078,0.5837
38079,0.6629
38080,0.5960
38081,0.7405
38082,0.5166
38083,0.9664
38084,0.6072
38085,0.5882
38086,0.7592
38087,0.6119
38088,0.6815
38089,0.7165
38090,0.4302
38091,1.1076
38092,0.6294
38093,0.5853
38094,1.1410
38095,0.7604
38096,0.7750
38097,0.7192
38098,0.6859
38099,0.5435
38100,0.7210
38101,0.5289
38102,0.6451
38103,0.8733
38104,0.7454
38105,0.5289
38106,0.7209
38107,0.6350
38108,0.7380
38109,0.5113
38110,0.6417
38111,0.8529
38112,0.5309
38113,0.6311
38114,0.4335
38115,0.9631
38116,0.8250
38117,0.4841
38118,0.6036
38119,0.6596
38120,0.6378
38121,0.6971
38122,0.5949
38123,0.6702
38124,0.8187
38125,0.6701
38126,0.8793
38127,0.7054
38128,0.8483
38129,0.6422
38130,0.5682
38131,0.9948
38132,0.3623
38133,0.5450
38134,0.7416
38135,0.9374
38136,0.7232
38137,0.5898
38138,0.5487
38139,0.7515
38140,0.5323
38141,0.8980
38142,0.4733
38143,0.5691
38144,0.5943
38145,1.0713
38146,0.6933
38147,0.6645
38148,0.6594
38149,0.6261
38150,0.6901
38151,0.5695
38152,0.7516
38153,0.4552
38154,0.6853
38155,0.9711
38156,1.0362
38157,0.6618
38158,0.7443
38159,0.7094
38160,0.5091
38161,0.7169
38162,0.4522
38163,0.6932
38164,0.9882
38165,0.8326
38166,0.7989
38167,0.5629
38168,0.6458
38169,0.6236
38170,0.6615
38171,0.7409
38172,0.4606
38173,0.6529
38174,0.8702
38175,0.7142
38176,0.6324
38177,0.6238
38178,0.6914
38179,0.5709
38180,0.6675
38181,0.5951
38182,0.8170
38183,0.3295
38184,0.7058
38185,0.9100
38186,0.6232
38187,0.6550
38188,0.6969
38189,0.5991
38190,0.5920
38191,0.6754
38192,0.6375
38193,0.6924
38194,0.5680
38195,0.6308
38196,0.9356
38197,0.9186
38198,0.6781
38199,0.9192
38200,0.5784
38201,0.5439
38202,0.8364
38203,0.4532
38204,0.7177
38205,0.9799
38206,0.6743
38207,0.7650
38208,0.5919
38209,0.6308
38210,0.6801
38211,0.5552
38212,0.7983
38213,0.5228
38214,0.5908
38215,1.3553
38216,0.4591
38217,1.1137
38218,0.6769
38219,0.6655
38220,0.5955
38221,0.6912
38222,0.5454
38223,0.6326
38224,0.9143
38225,0.6808
38226,1.4281
38227,0.3224
38228,0.1356
38229,0.6323
38230,0.6300
38231,0.6487
38232,0.6891
38233,0.6589
38234,0.6060
38235,0.5707
38236,0.9929
38237,0.6230
38238,0.6378
38239,0.6145
38240,0.6190
38241,0.6466
38242,0.6533
38243,0.6612
38244,0.6116
38245,1.0528
38246,0.6528
38247,0.6276
38248,0.6401
38249,0.5904
38250,0.6349
38251,0.7240
38252,0.5265
38253,0.6384
38254,0.6477
38255,0.9234
38256,0.6879
38257,0.4904
38258,0.6867
38259,0.6257
38260,0.6177
38261,0.7204
38262,0.5898
38263,0.7094
38264,0.5739
38265,0.6248
38266,0.9707
38267,0.7289
38268,0.6260
38269,0.6033
38270,0.6806
38271,0.5711
38272,0.6250
38273,0.7790
38274,0.5080
38275,0.6945
38276,0.9803
38277,0.6634
38278,0.7927
38279,0.8090
38280,0.6953
38281,0.9831
38282,0.4260
38283,0.6263
38284,0.6014
38285,0.6312
38286,1.1992
38287,0.4804
38288,0.6475
38289,0.5801
38290,0.6974
38291,0.6249
38292,0.5426
38293,0.6873
38294,0.6754
38295,0.8914
38296,0.6537
38297,0.8762
38298,0.4295
38299,0.6765
38300,0.9048
38301,0.2588
38302,0.6302
38303,0.7578
38304,0.4739
38305,0.7514
38306,0.8696
38307,0.7686
38308,0.7344
38309,0.6470
38310,0.6161
38311,0.5400
38312,0.7436
38313,0.4674
38314,0.8521
38315,0.5059
38316,0.5783
38317,1.0737
38318,0.7213
38319,0.6423
38320,0.7021
38321,0.6371
38322,0.5174
38323,0.7368
38324,0.7788
38325,0.4446
38326,0.6420
38327,0.9147
38328,0.6949
38329,0.7592
38330,0.6817
38331,0.5504
38332,0.7657
38333,0.6135
38334,0.7361
38335,0.4599
38336,0.7028
38337,1.0683
38338,0.8460
38339,0.8045
38340,0.7675
38341,0.6120
38342,0.5553
38343,0.7107
38344,0.6260
38345,0.6911
38346,0.8575
38347,0.6702
38348,0.6472
38349,0.6097
38350,0.6178
38351,0.6393
38352,0.6674
38353,0.6061
38354,0.7003
38355,0.5071
38356,0.6501
38357,0.9292
38358,0.7170
38359,0.7212
38360,0.5607
38361,0.6680
38362,0.6077
38363,0.5998
38364,0.5815
38365,0.7856
38366,0.5349
38367,0.6474
38368,0.9244
38369,0.9808
38370,0.6405
38371,0.8145
38372,0.5919
38373,0.6593
38374,0.6720
38375,0.5547
38376,0.7155
38377,0.5618
38378,0.9747
38379,0.5889
38380,0.6553
38381,0.5821
38382,0.6601
38383,0.6320
38384,0.6073
38385,0.6824
38386,0.5776
38387,1.0825
38388,1.0503
38389,0.7875
38390,0.7042
38391,0.6491
38392,0.6459
38393,0.6447
38394,0.6138
38395,0.6954
38396,0.5998
38397,0.9036
38398,0.6615
38399,0.5829
38400,0.6424
38401,0.6296
38402,0.7217
38403,0.5439
38404,0.6533
38405,0.6437
38406,0.6164
38407,0.6063
38408,1.0921
38409,0.8495
38410,0.4748
38411,0.6233
38412,0.6556
38413,0.5796
38414,0.5503
38415,0.7680
38416,0.6159
38417,0.6013
38418,0.9137
38419,0.5986
38420,0.6482
38421,0.6795
38422,0.5458
38423,0.7080
38424,0.5598
38425,0.6009
38426,0.6498
38427,0.6391
38428,0.9700
38429,0.7074
38430,0.8143
38431,0.5361
38432,0.6990
38433,0.6603
38434,0.5944
38435,0.6826
38436,0.9452
38437,0.2148
38438,0.9576
38439,0.6540
38440,0.9851
38441,0.6461
38442,0.5793
38443,0.6954
38444,0.5627
38445,0.6318
38446,0.6887
38447,0.6300
38448,0.9275
38449,0.7684
38450,0.7561
38451,0.8870
38452,0.6962
38453,0.6979
38454,0.6847
38455,0.8111
38456,0.4541
38457,0.5612
38458,1.0902
38459,0.6021
38460,0.7780
38461,0.5350
38462,0.5794
38463,0.7167
38464,0.6033
38465,0.6863
38466,0.5408
38467,0.5819
38468,1.0165
38469,0.7205
38470,0.7634
38471,0.5655
38472,0.6211
38473,0.6765
38474,0.5751
38475,0.6834
38476,0.7438
38477,0.7343
38478,1.3924
38479,0.1691
38480,0.7151
38481,0.5113
38482,0.6734
38483,0.5251
38484,0.7159
38485,0.6009
38486,0.8361
38487,0.4724
38488,0.7036
38489,0.4948
38490,0.5937
38491,1.2232
38492,0.5957
38493,0.6504
38494,0.6083
38495,0.5575
38496,0.7982
38497,0.4916
38498,0.6366
38499,1.1804
38500,0.4291
38501,0.7955
38502,0.7495
38503,0.5147
38504,0.6441
38505,0.6255
38506,0.8257
38507,0.4876
38508,0.5935
38509,1.0251
38510,0.6443
38511,0.8204
38512,0.8809
38513,0.7405
38514,0.7331
38515,0.6535
38516,0.5573
38517,0.6848
38518,1.0052
38519,0.6095
38520,0.7059
38521,1.1839
38522,0.2422
38523,0.4698
38524,0.5371
38525,0.6362
38526,0.8187
38527,0.4271
38528,0.6147
38529,1.0006
38530,0.6980
38531,0.9095
38532,0.6152
38533,0.5477
38534,0.6763
38535,0.6068
38536,0.7304
38537,0.6303
38538,0.5908
38539,0.9745
38540,0.6374
38541,0.6029
38542,0.5037
38543,1.0797
38544,0.2715
38545,0.6145
38546,0.7001
38547,0.5259
38548,0.7454
38549,0.9547
38550,0.6237
38551,0.6248
38552,0.6077
38553,0.5928
38554,0.6721
38555,0.6241
38556,0.5929
38557,0.7659
38558,0.5678
38559,0.5798
38560,0.9742
38561,0.9530
38562,0.8072
38563,0.6388
38564,0.6916
38565,0.8184
38566,1.2339
38567,0.2454
38568,0.2234
38569,0.6747
38570,0.9593
38571,0.6701
38572,0.8718
38573,0.7186
38574,0.7651
38575,0.5319
38576,0.6451
38577,0.6746
38578,0.5699
38579,1.1663
38580,0.6670
38581,0.5756
38582,0.6243
38583,0.6031
38584,0.6208
38585,0.6229
38586,0.6280
38587,1.1085
38588,0.2695
38589,0.6304
38590,0.8986
38591,0.6639
38592,0.5460
38593,0.6484
38594,0.6596
38595,0.5895
38596,0.5969
38597,0.7858
38598,0.5408
38599,0.5333
38600,0.9964
38601,0.6743
38602,0.5999
38603,0.5530
38604,0.6456
38605,0.6843
38606,0.5713
38607,0.6853
38608,0.6260
38609,0.7102
38610,0.9934
38611,0.6712
38612,0.6229
38613,0.6544
38614,0.5322
38615,0.7007
38616,0.6142
38617,0.6110
38618,0.6061
38619,0.6524
38620,1.0462
38621,0.6179
38622,0.9233
38623,0.7466
38624,0.7174
38625,0.5797
38626,0.6838
38627,0.5907
38628,0.6559
38629,0.6414
38630,1.0106
38631,0.7370
38632,0.5623
38633,0.6682
38634,0.7325
38635,0.5543
38636,0.7406
38637,0.5336
38638,0.6170
38639,0.6447
38640,0.9351
38641,0.6698
38642,0.5387
38643,0.6421
38644,0.6155
38645,0.6331
38646,0.6249
38647,0.6895
38648,0.6844
38649,0.5159
38650,0.6469
38651,1.0965
38652,0.7316
38653,0.8595
38654,0.4438
38655,0.6749
38656,0.5605
38657,0.6805
38658,0.9511
38659,0.3628
38660,0.5922
38661,0.9064
38662,0.7005
38663,0.8113
38664,0.6167
38665,0.5087
38666,0.6201
38667,0.6918
38668,0.6690
38669,0.6643
38670,0.5718
38671,0.9618
38672,0.6426
38673,0.5911
38674,0.6259
38675,0.7222
38676,0.6079
38677,0.5699
38678,0.6801
38679,0.7712
38680,0.6460
38681,0.4810
38682,1.0836
38683,1.1488
38684,0.7655
38685,0.7333
38686,0.7357
38687,0.5971
38688,0.7163
38689,0.5311
38690,0.6235
38691,0.9298
38692,0.7886
38693,0.6644
38694,0.7159
38695,0.5205
38696,0.7774
38697,0.5589
38698,0.7540
38699,0.5120
38700,0.6055
38701,1.1006
38702,0.6021
38703,0.6399
38704,0.6071
38705,0.6676
38706,0.6450
38707,0.5620
38708,0.6388
38709,0.6443
38710,0.7544
38711,0.8707
38712,0.6174
38713,0.6344
38714,0.6517
38715,0.5904
38716,1.2132
38717,0.1275
38718,0.5766
38719,0.7904
38720,0.6575
38721,0.5382
38722,0.6232
38723,0.9960
38724,0.5901
38725,0.8029
38726,0.5842
38727,0.5060
38728,0.6877
38729,0.6596
38730,0.4612
38731,0.6477
38732,0.9709
38733,0.6983
38734,0.9224
38735,0.6241
38736,0.5850
38737,0.6367
38738,0.6759
38739,0.6379
38740,0.6485
38741,0.5970
38742,0.8757
38743,0.7278
38744,0.9031
38745,0.6839
38746,0.6615
38747,0.8871
38748,1.2917
38749,0.5949
38750,0.2581
38751,0.6282
38752,1.0332
38753,0.7367
38754,0.7094
38755,0.5717
38756,0.6286
38757,0.6461
38758,0.5861
38759,0.6670
38760,0.6289
38761,0.9077
38762,0.6861
38763,0.6289
38764,0.5838
38765,0.6542
38766,0.6329
38767,0.5038
38768,0.7314
38769,0.7695
38770,0.5060
38771,0.8207
38772,0.9006
38773,0.6211
38774,0.6178
38775,0.6632
38776,0.6310
38777,0.6085
38778,0.6230
38779,0.6079
38780,0.6776
38781,0.6304
38782,0.9587
38783,0.6968
38784,0.5216
38785,0.5955
38786,0.6170
38787,0.6362
38788,0.6106
38789,0.6528
38790,0.7186
38791,0.6481
38792,0.9067
38793,0.7259
38794,0.5575
38795,0.6568
38796,0.6131
38797,0.5902
38798,0.6566
38799,0.5979
38800,0.6884
38801,0.5755
38802,0.7068
38803,0.8588
38804,0.7863
38805,0.8746
38806,0.6969
38807,0.7127
38808,0.8931
38809,0.6984
38810,0.6985
38811,0.6029
38812,1.0104
38813,0.7378
38814,0.5298
38815,0.5899
38816,1.2128
38817,0.1214
38818,0.5578
38819,0.7164
38820,0.5310
38821,0.6814
38822,0.9376
38823,0.6672
38824,0.9595
38825,0.6432
38826,0.7166
38827,0.5734
38828,0.6249
38829,0.5799
38830,0.6918
38831,0.6322
38832,0.9363
38833,0.6415
38834,0.6987
38835,0.5821
38836,0.6344
38837,0.5984
38838,0.6099
38839,0.6758
38840,0.6154
38841,0.5796
38842,0.7130
38843,0.8660
38844,0.7216
38845,0.6129
38846,0.6017
38847,0.6666
38848,0.6579
38849,0.5649
38850,0.6721
38851,0.5572
38852,0.7759
38853,0.9979
38854,0.6523
38855,1.1193
38856,0.7665
38857,0.6794
38858,0.5875
38859,0.6270
38860,0.7922
38861,0.7730
38862,0.3888
38863,1.0320
38864,0.5625
38865,0.7376
38866,0.6513
38867,0.5981
38868,0.6531
38869,0.5522
38870,0.7135
38871,0.6635
38872,0.6592
38873,0.9002
38874,0.6117
38875,0.9863
38876,0.5995
38877,0.6526
38878,0.6146
38879,0.5899
38880,0.7359
38881,0.5726
38882,0.6150
38883,1.9497
38884,0.3152
38885,0.2167
38886,0.6261
38887,0.5861
38888,0.6508
38889,0.5908
38890,0.6074
38891,0.6976
38892,0.6102
38893,0.6048
38894,1.0633
38895,0.5913
38896,0.7291
38897,0.5761
38898,0.6064
38899,0.6605
38900,0.6378
38901,0.6709
38902,0.5927
38903,0.9461
38904,0.7263
38905,0.5798
38906,0.6508
38907,0.5674
38908,0.6819
38909,0.7262
38910,0.4953
38911,0.7822
38912,0.5733
38913,0.6148
38914,0.9118
38915,0.6774
38916,0.7566
38917,0.7326
38918,0.7052
38919,0.8422
38920,0.7866
38921,0.9920
38922,0.3252
38923,0.6712
38924,1.4742
38925,0.1196
38926,0.7033
38927,0.6407
38928,0.7586
38929,0.4927
38930,0.6143
38931,0.5981
38932,0.6641
38933,0.9114
38934,0.7186
38935,0.5995
38936,0.6603
38937,0.5670
38938,0.6277
38939,0.6443
38940,0.6017
38941,0.7345
38942,0.6220
38943,1.0347
38944,0.6812
38945,0.6501
38946,0.5965
38947,0.7170
38948,0.4995
38949,0.6144
38950,0.6969
38951,0.6163
38952,1.2256
38953,0.2374
38954,0.5072
38955,0.9280
38956,0.6003
38957,0.5144
38958,0.7390
38959,0.5908
38960,0.5604
38961,0.7278
38962,0.6446
38963,1.1683
38964,0.3836
38965,0.6973
38966,0.5004
38967,0.7188
38968,0.5733
38969,0.6885
38970,0.5416
38971,0.6697
38972,0.5647
38973,1.0181
38974,0.7139
38975,0.7084
38976,1.1569
38977,0.6741
38978,0.6411
38979,0.7039
38980,0.6258
38981,0.6904
38982,0.5072
38983,0.6804
38984,0.9031
38985,0.8225
38986,0.4196
38987,0.7438
38988,0.6356
38989,0.5923
38990,0.6392
38991,0.6416
38992,0.6587
38993,0.6105
38994,0.5876
38995,1.0782
38996,0.6700
38997,0.6423
38998,0.5344
38999,0.7157
39000,0.5486
39001,0.6177
39002,0.6968
39003,0.5953
39004,0.6275
39005,0.9517
39006,0.7144
39007,0.5629
39008,0.6577
39009,0.6577
39010,0.5922
39011,0.6584
39012,0.5869
39013,0.7778
39014,0.6261
39015,0.5473
39016,0.5557
39017,1.1954
39018,0.6474
39019,0.5336
39020,0.7119
39021,0.5249
39022,1.3695
39023,0.3456
39024,0.2900
39025,0.6408
39026,0.8352
39027,0.7351
39028,0.7473
39029,0.7132
39030,0.6981
39031,0.4460
39032,0.6273
39033,0.6616
39034,0.7131
39035,0.6503
39036,0.8412
39037,0.7462
39038,0.7740
39039,0.9012
39040,0.7180
39041,0.6898
39042,0.6565
39043,0.6033
39044,1.4381
39045,0.4104
39046,0.9046
39047,0.6109
39048,0.6578
39049,0.5416
39050,0.8064
39051,0.6978
39052,0.6647
39053,0.5334
39054,0.6632
39055,0.5482
39056,0.9745
39057,0.7393
39058,0.8191
39059,0.6392
39060,0.5344
39061,0.6011
39062,0.7218
39063,0.6347
39064,0.5794
39065,0.9731
39066,0.6580
39067,1.1248
39068,0.5361
39069,0.6777
39070,0.5468
39071,0.6743
39072,0.6095
39073,0.5958
39074,0.7635
39075,0.9886
39076,0.5498
39077,0.7651
39078,0.5892
39079,0.6049
39080,0.6601
39081,0.6169
39082,0.6034
39083,0.6411
39084,0.6281
39085,1.0274
39086,0.6856
39087,1.0720
39088,0.7372
39089,0.7960
39090,0.4473
39091,0.6215
39092,0.7356
39093,0.5398
39094,0.6333
39095,0.8540
39096,0.7308
39097,0.7970
39098,0.8326
39099,0.7594
39100,0.7086
39101,0.5732
39102,1.0940
39103,0.2907
39104,0.5733
39105,0.7341
39106,0.8879
39107,0.5684
39108,0.5924
39109,0.6270
39110,0.6839
39111,0.5723
39112,0.8191
39113,0.6752
39114,0.6381
39115,0.4253
39116,0.9687
39117,1.0933
39118,0.6172
39119,0.5948
39120,0.5566
39121,0.7529
39122,0.5354
39123,0.6031
39124,0.6320
39125,1.0290
39126,0.6220
39127,0.5705
39128,0.5959
39129,0.6620
39130,0.5939
39131,0.6528
39132,0.7015
39133,0.7795
39134,0.4435
39135,0.6984
39136,1.0088
39137,0.6425
39138,0.7012
39139,0.6016
39140,0.6018
39141,0.6009
39142,0.6600
39143,0.7920
39144,0.5311
39145,0.5681
39146,1.0841
39147,0.8219
39148,0.6434
39149,0.7884
39150,0.6486
39151,0.5986
39152,0.6222
39153,0.7024
39154,0.6327
39155,0.9851
39156,0.6149
39157,0.5055
39158,1.6178
39159,0.2921
39160,0.1625
39161,0.5926
39162,0.6442
39163,0.5904
39164,0.6248
39165,0.6012
39166,1.0716
39167,0.6740
39168,0.6477
39169,0.5735
39170,0.6811
39171,0.6069
39172,0.6066
39173,0.7273
39174,0.5465
39175,0.6421
39176,1.0116
39177,0.6525
39178,0.6329
39179,0.6208
39180,0.5419
39181,0.6427
39182,0.9400
39183,0.4342
39184,0.6536
39185,0.5496
39186,0.6348
39187,1.0431
39188,0.7105
39189,0.4762
39190,0.7276
39191,0.6253
39192,0.6550
39193,0.5969
39194,0.6409
39195,0.6161
39196,0.5863
39197,0.9071
39198,0.7513
39199,0.6205
39200,0.5911
39201,0.6299
39202,0.6667
39203,0.5821
39204,0.6766
39205,0.9192
39206,0.5957
39207,0.5117
39208,1.3968
39209,0.4155
39210,0.5844
39211,0.8318
39212,0.6200
39213,0.5704
39214,0.7423
39215,0.5690
39216,0.6742
39217,0.8749
39218,0.6671
39219,0.9770
39220,0.5942
39221,0.6171
39222,0.6050
39223,0.6501
39224,0.5959
39225,0.7388
39226,0.5924
39227,1.1528
39228,0.4242
39229,0.6824
39230,0.6113
39231,0.5144
39232,0.7305
39233,0.7486
39234,0.5147
39235,0.8066
39236,0.5053
39237,0.6924
39238,0.9038
39239,0.8653
39240,0.7744
39241,0.4333
39242,0.6568
39243,0.6470
39244,0.6959
39245,0.5391
39246,0.7715
39247,0.7914
39248,0.6251
39249,0.7377
39250,0.6078
39251,0.8706
39252,0.4144
39253,0.7963
39254,0.3991
39255,0.8868
39256,0.4243
39257,0.7485
39258,0.7816
39259,0.7285
39260,0.9782
39261,0.6214
39262,0.7570
39263,0.4721
39264,0.6706
39265,0.6817
39266,0.6072
39267,0.5943
39268,1.1874
39269,0.7486
39270,0.7329
39271,0.7468
39272,0.6127
39273,0.7307
39274,0.4883
39275,0.6426
39276,0.6723
39277,0.8783
39278,0.7776
39279,0.5347
39280,0.6205
39281,0.6631
39282,0.6266
39283,0.5907
39284,0.6600
39285,0.6651
39286,0.6796
39287,0.6250
39288,1.0015
39289,0.7567
39290,0.5460
39291,0.5718
39292,0.6513
39293,0.7633
39294,0.5603
39295,0.5931
39296,0.7803
39297,0.4844
39298,0.6216
39299,0.9451
39300,0.6952
39301,0.5875
39302,0.5746
39303,0.5874
39304,0.6268
39305,0.6978
39306,0.6195
39307,0.6170
39308,0.6897
39309,1.0518
39310,0.6674
39311,0.6212
39312,0.5745
39313,0.5968
39314,0.6566
39315,0.6329
39316,0.6321
39317,0.6774
39318,0.6353
39319,1.2182
39320,0.4011
39321,0.7679
39322,0.7716
39323,0.6162
39324,0.9518
39325,0.7413
39326,0.6855
39327,0.6760
39328,0.8829
39329,0.6188
39330,0.7469
39331,0.5868
39332,0.5916
39333,0.5823
39334,0.6595
39335,0.6618
39336,0.7177
39337,0.6529
39338,0.6151
39339,0.6861
39340,0.9122
39341,0.9379
39342,0.7199
39343,0.5615
39344,0.5610
39345,0.6383
39346,0.7138
39347,0.5402
39348,0.6603
39349,0.8663
39350,0.6527
39351,0.7868
39352,0.5629
39353,0.5895
39354,0.6389
39355,0.6295
39356,0.5970
39357,0.6743
39358,0.6084
39359,1.0034
39360,0.6857
39361,0.9060
39362,0.6916
39363,0.7021
39364,0.4986
39365,0.5997
39366,0.7182
39367,0.5889
39368,0.5602
39369,0.9291
39370,0.6090
39371,0.7357
39372,0.6141
39373,0.6391
39374,0.5469
39375,0.6748
39376,0.6190
39377,0.6911
39378,0.6285
39379,1.0227
39380,0.6942
39381,1.1796
39382,0.6972
39383,0.8260
39384,0.4707
39385,1.1067
39386,0.3248
39387,0.4622
39388,0.6701
39389,0.8904
39390,0.7116
39391,0.6092
39392,0.7003
39393,0.5279
39394,0.6697
39395,0.5934
39396,0.6213
39397,0.6452
39398,0.6412
39399,0.8967
39400,0.7226
39401,0.5844
39402,0.6697
39403,0.6350
39404,0.5797
39405,0.6729
39406,0.5949
39407,1.0338
39408,0.2560
39409,0.6172
39410,0.9746
39411,0.7923
39412,0.8268
39413,0.6138
39414,0.5657
39415,0.6727
39416,0.6246
39417,0.8609
39418,0.4441
39419,0.5703
39420,0.9021
39421,1.3397
39422,0.1930
39423,0.7343
39424,0.5525
39425,0.6632
39426,0.5849
39427,0.6129
39428,0.6401
39429,0.6143
39430,1.2575
39431,0.4622
39432,0.8297
39433,0.6992
39434,1.1723
39435,0.1306
39436,0.5034
39437,0.8970
39438,0.5082
39439,0.6148
39440,0.9685
39441,0.8356
39442,0.7388
39443,0.6941
39444,0.7174
39445,0.5477
39446,0.5868
39447,0.6866
39448,0.6737
39449,0.5930
39450,0.9043
39451,0.6694
39452,0.6906
39453,0.5179
39454,0.7119
39455,0.6900
39456,0.6287
39457,0.5132
39458,0.6758
39459,0.5783
39460,1.1321
39461,0.6173
39462,0.5609
39463,0.6813
39464,0.6513
39465,0.6770
39466,0.5298
39467,0.7264
39468,0.5837
39469,0.6795
39470,0.8653
39471,0.7492
39472,0.7740
39473,0.6276
39474,0.5445
39475,1.4517
39476,0.1843
39477,0.3097
39478,0.5935
39479,0.6927
39480,1.0751
39481,0.7854
39482,0.4438
39483,0.7176
39484,0.6092
39485,0.6195
39486,0.5808
39487,0.6688
39488,0.6983
39489,0.6158
39490,0.5492
39491,0.7257
39492,1.0403
39493,0.3880
39494,0.7341
39495,0.6191
39496,0.5920
39497,0.6312
39498,0.8930
39499,0.4354
39500,0.7757
39501,0.8958
39502,0.6583
39503,1.1645
39504,0.6821
39505,0.6194
39506,0.7234
39507,0.7414
39508,0.6810
39509,0.6346
39510,0.5005
39511,0.9217
39512,0.6155
39513,0.7469
39514,0.4284
39515,0.6153
39516,0.5921
39517,0.7003
39518,0.8860
39519,0.4031
39520,0.6414
39521,1.1071
39522,0.4944
39523,1.0089
39524,0.4466
39525,0.5799
39526,0.7463
39527,0.5775
39528,0.7245
39529,0.4439
39530,0.7383
39531,0.9230
39532,0.7172
39533,1.0343
39534,0.4307
39535,0.5546
39536,0.6992
39537,0.6760
39538,0.5690
39539,0.5880
39540,0.7098
39541,0.8586
39542,0.7740
39543,0.5084
39544,0.8354
39545,0.4603
39546,0.6728
39547,0.6674
39548,0.4876
39549,0.9005
39550,0.8687
39551,0.1532
39552,1.0490
39553,1.1557
39554,0.7622
39555,0.7666
39556,0.6926
39557,0.4896
39558,0.5621
39559,0.6811
39560,0.6766
39561,0.8884
39562,0.7429
39563,0.5617
39564,0.6307
39565,0.9596
39566,0.3004
39567,0.6504
39568,0.6163
39569,0.6955
39570,0.6614
39571,0.9159
39572,0.6758
39573,0.8753
39574,0.7398
39575,0.7390
39576,0.5845
39577,0.6752
39578,0.6259
39579,0.6041
39580,0.6955
39581,0.9075
39582,0.7057
39583,0.5195
39584,0.6123
39585,0.6683
39586,0.6725
39587,0.5857
39588,0.6428
39589,0.9011
39590,0.3859
39591,0.6039
39592,0.9320
39593,0.6303
39594,0.7377
39595,0.5332
39596,0.7091
39597,0.6271
39598,0.5695
39599,0.6995
39600,0.6521
39601,0.5705
39602,1.0700
39603,0.7151
39604,0.6349
39605,0.4981
39606,0.6334
39607,0.5785
39608,0.7649
39609,0.5334
39610,0.6870
39611,0.6914
39612,0.8996
39613,0.6666
39614,0.8219
39615,0.8476
39616,0.7151
39617,0.7793
39618,0.6068
39619,0.6868
39620,0.5569
39621,0.6400
39622,1.0376
39623,0.7325
39624,0.5894
39625,0.5741
39626,0.6618
39627,0.6090
39628,0.7256
39629,0.5870
39630,0.6211
39631,0.6595
39632,0.9111
39633,0.6600
39634,0.8675
39635,0.3472
39636,0.6585
39637,0.6487
39638,0.6180
39639,0.6159
39640,0.7481
39641,0.5944
39642,0.6375
39643,0.8974
39644,0.7699
39645,0.5020
39646,0.6452
39647,0.5887
39648,0.6535
39649,0.6205
39650,0.5920
39651,0.6304
39652,0.6491
39653,1.0524
39654,0.5945
39655,0.7260
39656,0.6475
39657,1.0640
39658,0.2583
39659,0.5518
39660,0.6034
39661,0.5979
39662,0.7037
39663,0.5323
39664,0.9436
39665,0.7982
39666,0.7531
39667,0.5019
39668,0.6158
39669,0.7444
39670,0.5424
39671,0.7717
39672,0.5349
39673,0.6229
39674,1.2710
39675,0.8776
39676,0.6869
39677,0.8368
39678,0.6763
39679,0.8420
39680,0.5963
39681,0.6061
39682,0.6260
39683,0.9841
39684,0.4861
39685,0.8132
39686,0.6174
39687,0.6011
39688,0.6587
39689,0.6064
39690,0.8217
39691,0.5216
39692,0.5172
39693,1.0074
39694,0.6660
39695,0.6052
39696,0.5732
39697,0.7455
39698,0.5489
39699,0.7112
39700,0.6269
39701,0.6544
39702,0.8162
39703,0.7432
39704,0.6672
39705,0.9848
39706,0.5339
39707,0.6905
39708,0.5914
39709,0.6145
39710,0.5866
39711,0.7000
39712,0.6430
39713,0.8821
39714,0.7968
39715,0.4615
39716,0.6813
39717,0.7189
39718,0.5980
39719,0.6439
39720,0.6406
39721,0.7585
39722,0.4379
39723,0.6041
39724,1.0851
39725,0.7860
39726,0.5937
39727,0.5795
39728,0.6101
39729,0.6216
39730,0.6196
39731,0.6724
39732,0.7934
39733,0.4535
39734,0.5841
39735,1.0140
39736,0.7075
39737,0.6676
39738,0.9184
39739,0.7631
39740,0.6749
39741,0.7937
39742,0.4675
39743,0.7582
39744,0.9137
39745,0.7233
39746,1.5147
39747,0.2206
39748,0.3811
39749,0.6863
39750,0.5987
39751,0.6842
39752,0.5670
39753,0.5509
39754,1.0366
39755,0.6569
39756,0.7741
39757,0.6179
39758,0.7094
39759,0.6050
39760,0.5345
39761,0.9088
39762,0.3971
39763,0.6113
39764,0.9309
39765,0.7876
39766,0.6425
39767,0.6340
39768,0.6486
39769,0.5931
39770,0.8670
39771,0.4097
39772,0.7265
39773,0.5778
39774,0.6119
39775,1.0799
39776,0.6810
39777,0.5888
39778,0.5821
39779,0.6322
39780,0.7015
39781,0.5858
39782,0.5324
39783,0.7076
39784,0.5766
39785,0.9115
39786,0.6894
39787,0.6847
39788,0.5432
39789,0.7234
39790,0.5998
39791,0.5542
39792,1.1674
39793,0.9929
39794,0.2309
39795,0.5513
39796,1.1706
39797,0.7815
39798,0.6844
39799,0.6557
39800,0.5812
39801,0.6038
39802,0.6136
39803,0.7111
39804,0.8949
39805,0.6075
39806,0.7318
39807,0.5248
39808,0.6379
39809,0.7019
39810,0.6248
39811,0.5767
39812,0.8934
39813,0.4215
39814,0.6114
39815,1.1333
39816,0.6692
39817,0.5465
39818,0.6439
39819,0.6368
39820,0.6511
39821,0.6150
39822,0.7799
39823,0.4619
39824,0.6198
39825,0.9253
39826,0.6329
39827,1.1003
39828,0.5303
39829,0.5777
39830,0.7244
39831,0.6005
39832,0.7898
39833,0.5228
39834,0.6681
39835,0.8134
39836,0.6183
39837,0.6142
39838,0.7338
39839,0.9005
39840,0.2730
39841,0.7529
39842,0.5073
39843,0.7798
39844,0.5579
39845,0.6075
39846,1.0130
39847,0.8164
39848,0.7172
39849,0.9178
39850,0.7183
39851,0.7193
39852,0.8421
39853,0.3971
39854,0.6124
39855,0.8850
39856,0.9018
39857,0.6123
39858,0.6644
39859,0.6247
39860,0.7307
39861,0.5856
39862,0.5591
39863,0.5375
39864,0.6427
39865,1.0829
39866,0.8369
39867,0.6949
39868,0.6653
39869,0.6648
39870,0.5557
39871,0.5926
39872,0.7275
39873,0.5431
39874,0.6712
39875,0.5768
39876,1.0420
39877,0.6059
39878,0.8038
39879,0.5556
39880,0.6449
39881,0.6301
39882,0.9689
39883,0.3272
39884,0.6592
39885,0.5140
39886,0.9162
39887,0.6765
39888,0.8479
39889,0.6170
39890,0.7090
39891,0.5161
39892,0.6757
39893,0.7372
39894,0.5439
39895,0.4994
39896,0.9256
39897,0.7621
39898,1.0307
39899,0.5511
39900,0.7647
39901,0.4793
39902,0.7601
39903,1.0594
39904,0.2705
39905,0.5221
39906,0.9650
39907,0.9181
39908,0.6078
39909,0.8486
39910,0.6461
39911,0.5800
39912,0.7482
39913,0.5460
39914,0.6446
39915,0.6150
39916,1.0293
39917,0.6980
39918,0.5639
39919,0.7350
39920,0.6087
39921,0.6904
39922,0.5468
39923,0.5649
39924,0.6901
39925,0.8672
39926,0.7275
39927,0.8176
39928,0.3701
39929,0.6203
39930,0.8017
39931,0.7110
39932,0.6359
39933,0.6938
39934,0.6427
39935,0.5677
39936,0.5829
39937,1.0042
39938,0.6274
39939,0.6271
39940,0.6087
39941,0.6515
39942,0.6178
39943,0.6242
39944,0.6413
39945,0.6847
39946,0.6967
39947,0.4866
39948,1.0329
39949,0.9528
39950,0.6955
39951,0.5561
39952,0.5685
39953,0.8389
39954,0.4206
39955,0.6481
39956,0.9363
39957,0.7049
39958,0.7780
39959,0.6514
39960,0.5847
39961,0.6408
39962,0.6079
39963,0.9809
39964,0.3677
39965,0.6147
39966,1.0600
39967,0.6592
39968,1.2080
39969,0.6690
39970,0.7064
39971,1.2837
39972,0.4285
39973,0.2722
39974,0.5225
39975,0.7020
39976,0.8428
39977,0.7467
39978,0.5492
39979,0.6322
39980,0.6123
39981,0.6203
39982,0.5965
39983,0.7546
39984,0.4858
39985,0.6531
39986,1.0462
39987,0.7359
39988,0.8378
39989,0.8804
39990,0.3642
39991,0.6159
39992,0.6509
39993,0.8877
39994,0.4013
39995,0.6519
39996,0.8289
39997,0.8023
39998,0.7817
39999,0.5443
40000,0.6608
40001,0.5948
40002,0.7078
40003,0.5606
40004,0.6601
40005,0.7593
40006,0.9918
40007,0.4164
40008,0.8348
40009,0.6123
40010,0.5987
40011,0.6632
40012,0.6797
40013,0.5594
40014,0.6225
40015,0.6681
40016,1.0991
40017,0.5986
40018,0.7172
40019,0.4828
40020,0.5985
40021,0.7011
40022,0.6605
40023,0.5681
40024,0.7240
40025,0.5664
40026,0.5948
40027,1.0778
40028,0.9384
40029,0.5559
40030,0.9192
40031,0.7251
40032,0.4598
40033,0.7346
40034,0.5105
40035,0.5938
40036,1.1402
40037,0.6680
40038,1.1550
40039,0.1518
40040,0.6566
40041,0.5719
40042,0.5359
40043,0.7179
40044,0.6682
40045,0.6371
40046,0.9205
40047,0.7247
40048,0.7562
40049,0.5854
40050,0.5656
40051,0.7222
40052,0.6442
40053,0.5709
40054,0.8653
40055,0.3842
40056,0.6274
40057,0.9434
40058,0.7158
40059,0.5225
40060,0.7064
40061,0.5127
40062,0.8325
40063,0.4970
40064,0.6108
40065,0.7232
40066,0.6980
40067,0.9236
40068,0.5631
40069,1.0623
40070,0.5821
40071,0.5727
40072,0.6776
40073,0.6183
40074,0.6586
40075,0.5845
40076,0.7398
40077,0.8828
40078,0.7100
40079,0.7630
40080,0.9340
40081,0.7284
40082,0.6724
40083,0.6153
40084,1.2056
40085,0.2281
40086,0.4888
40087,0.6372
40088,0.8982
40089,0.8901
40090,0.5987
40091,0.6788
40092,0.7269
40093,0.5385
40094,0.7599
40095,0.5733
40096,0.5847
40097,0.9267
40098,0.6113
40099,0.7270
40100,0.5671
40101,0.6306
40102,0.6029
40103,0.6264
40104,0.5670
40105,0.6382
40106,0.6828
40107,1.5094
40108,0.2873
40109,0.8476
40110,0.6822
40111,0.4777
40112,0.6378
40113,0.6744
40114,0.6233
40115,0.6215
40116,0.6327
40117,0.9644
40118,0.6249
40119,1.0569
40120,0.4614
40121,0.6377
40122,0.5168
40123,0.5844
40124,0.6944
40125,0.6276
40126,0.6994
40127,0.8307
40128,0.7139
40129,0.6711
40130,0.6209
40131,0.5343
40132,0.6659
40133,0.5852
40134,0.6360
40135,0.7982
40136,0.7109
40137,0.3827
40138,0.8912
40139,0.9572
40140,0.6637
40141,0.6736
40142,0.8903
40143,0.7471
40144,0.6920
40145,0.6621
40146,0.6056
40147,0.9570
40148,0.6721
40149,0.6048
40150,0.6168
40151,0.5263
40152,0.9009
40153,0.4888
40154,0.6176
40155,0.7479
40156,0.5348
40157,0.5952
40158,1.1287
40159,0.6891
40160,0.5112
40161,0.7684
40162,0.4764
40163,0.7124
40164,0.6094
40165,0.6724
40166,1.0220
40167,0.6801
40168,0.2344
40169,0.8333
40170,0.6489
40171,0.5861
40172,0.6082
40173,0.6462
40174,0.6318
40175,0.5893
40176,0.6843
40177,0.5963
40178,0.6448
40179,0.8767
40180,0.7928
40181,0.9512
40182,0.2732
40183,0.6737
40184,0.5410
40185,0.6932
40186,0.6295
40187,0.5466
40188,0.6864
40189,0.9973
40190,0.6204
40191,1.0090
40192,0.5226
40193,0.6354
40194,0.5818
40195,0.6883
40196,0.6951
40197,0.8499
40198,1.1102
40199,0.2763
40200,0.6023
40201,0.7490
40202,0.9767
40203,0.5625
40204,0.7801
40205,0.6219
40206,0.7724
40207,0.5423
40208,1.6951
40209,0.2673
40210,0.3318
40211,0.7561
40212,0.7255
40213,0.6861
40214,0.6702
40215,0.6048
40216,0.5859
40217,0.6779
40218,0.9492
40219,0.5521
40220,0.8412
40221,0.6098
40222,0.6883
40223,0.5513
40224,0.6837
40225,0.6382
40226,0.6349
40227,0.5857
40228,0.6936
40229,1.2918
40230,0.3434
40231,0.7384
40232,0.6536
40233,0.7237
40234,0.6238
40235,0.5343
40236,1.2010
40237,0.1017
40238,0.5892
40239,1.0564
40240,0.7779
40241,0.6491
40242,0.3790
40243,0.7821
40244,0.5332
40245,0.8261
40246,0.4622
40247,0.5360
40248,0.7025
40249,0.9316
40250,0.6176
40251,0.5985
40252,0.6987
40253,0.5703
40254,0.7229
40255,0.6037
40256,0.5413
40257,0.7534
40258,0.6257
40259,1.2120
40260,0.5831
40261,1.3349
40262,0.3574
40263,0.7641
40264,0.6758
40265,1.0702
40266,0.4440
40267,0.3553
40268,0.6390
40269,1.0253
40270,0.6865
40271,0.5160
40272,0.6888
40273,0.5576
40274,0.6092
40275,0.6407
40276,0.6505
40277,0.6367
40278,0.6855
40279,0.6018
40280,1.0809
40281,0.7173
40282,0.7036
40283,0.4258
40284,0.6782
40285,0.7141
40286,0.6387
40287,0.7920
40288,0.3505
40289,0.6429
40290,1.0759
40291,0.6498
40292,0.3810
40293,0.7104
40294,0.5709
40295,0.6266
40296,0.7332
40297,0.5129
40298,0.7968
40299,0.5161
40300,1.0228
40301,0.6038
40302,0.8047
40303,0.5748
40304,0.6471
40305,0.5789
40306,0.6690
40307,1.2782
40308,0.0941
40309,0.6700
40310,1.0913
40311,0.7414
40312,0.7510
40313,0.7467
40314,1.2387
40315,0.2447
40316,0.7179
40317,0.5763
40318,0.5644
40319,0.9972
40320,0.7057
40321,0.6972
40322,0.5392
40323,0.5716
40324,0.6898
40325,0.6553
40326,0.5103
40327,0.6610
40328,0.6655
40329,0.5772
40330,1.0586
40331,1.5576
40332,0.5707
40333,0.1433
40334,0.2490
40335,0.6693
40336,0.6483
40337,0.7085
40338,0.5871
40339,0.6420
40340,0.9076
40341,0.7650
40342,0.7779
40343,0.7648
40344,0.4099
40345,0.5585
40346,0.6460
40347,0.6203
40348,0.6766
40349,0.6533
40350,1.4534
40351,0.2640
40352,0.7111
40353,0.4568
40354,0.7532
40355,0.5031
40356,1.1785
40357,0.1569
40358,0.6479
40359,0.6179
40360,0.9432
40361,0.6186
40362,0.7292
40363,0.6007
40364,0.6326
40365,0.5742
40366,0.7094
40367,0.5875
40368,0.6361
40369,0.5977
40370,0.5885
40371,1.4388
40372,0.1881
40373,0.7698
40374,0.7723
40375,0.7421
40376,0.9520
40377,0.8676
40378,0.4472
40379,0.6469
40380,0.9362
40381,0.6713
40382,1.1905
40383,0.3776
40384,0.5725
40385,0.6332
40386,0.6245
40387,0.6282
40388,0.7215
40389,0.6380
40390,0.5699
40391,1.4239
40392,0.1062
40393,0.8240
40394,0.5989
40395,0.6078
40396,0.7289
40397,0.5803
40398,0.6564
40399,1.0722
40400,1.0075
40401,0.1715
40402,0.9360
40403,0.6820
40404,0.6330
40405,0.5259
40406,0.7513
40407,0.5296
40408,1.1057
40409,0.2076
40410,0.6610
40411,0.9236
40412,0.7273
40413,0.7158
40414,0.5122
40415,0.5778
40416,0.7489
40417,0.5528
40418,0.6589
40419,0.9475
40420,0.2678
40421,0.5894
40422,0.9717
40423,0.6706
40424,0.5627
40425,0.5352
40426,0.6480
40427,0.6307
40428,0.6025
40429,1.3336
40430,0.0939
40431,0.6559
40432,1.0162
40433,0.6725
40434,1.2331
40435,0.6568
40436,0.6446
40437,0.7246
40438,0.6933
40439,0.5043
40440,0.6688
40441,0.9489
40442,0.5911
40443,0.6238
40444,0.8065
40445,0.9812
40446,0.1532
40447,0.6306
40448,0.5578
40449,0.6429
40450,0.5990
40451,1.2943
40452,0.5222
40453,0.8344
40454,0.5070
40455,0.5629
40456,0.6866
40457,0.6258
40458,0.6652
40459,0.7701
40460,0.4845
40461,1.0054
40462,0.5022
40463,0.7599
40464,0.6532
40465,2.5987
40466,0.1337
40467,0.1005
40468,1.1248
40469,0.1259
40470,0.9250
40471,0.8180
40472,0.6663
40473,0.5460
40474,0.7139
40475,0.5596
40476,0.6534
40477,0.6644
40478,0.6030
40479,0.6093
40480,0.9509
40481,0.7201
40482,0.5718
40483,0.6057
40484,0.6089
40485,0.6854
40486,0.5600
40487,0.7422
40488,0.6802
40489,0.7904
40490,0.7712
40491,1.1644
40492,0.3094
40493,1.1569
40494,0.4900
40495,0.6609
40496,0.7571
40497,0.7119
40498,0.5738
40499,0.6620
40500,1.0993
40501,0.6281
40502,0.5599
40503,0.5986
40504,0.7759
40505,0.5886
40506,0.5551
40507,0.6407
40508,0.6828
40509,0.5476
40510,1.0049
40511,1.0924
40512,0.1677
40513,0.6399
40514,0.8377
40515,0.6139
40516,0.8025
40517,0.4219
40518,0.7068
40519,0.6405
40520,0.6158
40521,1.0489
40522,0.5917
40523,0.6703
40524,0.6325
40525,0.6131
40526,0.5964
40527,0.7578
40528,0.5812
40529,0.7041
40530,0.8953
40531,0.6491
40532,0.6323
40533,0.7503
40534,0.5063
40535,0.8071
40536,0.4071
40537,0.8202
40538,0.8224
40539,0.9324
40540,0.2741
40541,0.8250
40542,0.5297
40543,0.7952
40544,0.8751
40545,0.6977
40546,1.0574
40547,0.3267
40548,0.7313
40549,0.6964
40550,0.8358
40551,0.6203
40552,0.8856
40553,0.7936
40554,0.5069
40555,1.1343
40556,0.1642
40557,0.5933
40558,1.3200
40559,0.1119
40560,0.6683
40561,0.8811
40562,0.6033
40563,0.6193
40564,0.5970
40565,0.6824
40566,0.6604
40567,0.5366
40568,0.6686
40569,0.6839
40570,0.6127
40571,1.0712
40572,0.6229
40573,0.5833
40574,0.8127
40575,0.5081
40576,0.6239
40577,0.9470
40578,2.1968
40579,0.1211
40580,0.6651
40581,0.6388
40582,0.8427
40583,0.3309
40584,0.6578
40585,0.5774
40586,0.7270
40587,0.5585
40588,0.6525
40589,0.6643
40590,1.0008
40591,0.6460
40592,0.6268
40593,0.6047
40594,0.6145
40595,0.6477
40596,0.6553
40597,0.6855
40598,0.7858
40599,0.4505
40600,0.7369
40601,0.9347
40602,0.6313
40603,0.6654
40604,0.8722
40605,0.8233
40606,0.6658
40607,0.6800
40608,0.5913
40609,0.7206
40610,0.8450
40611,0.6951
40612,0.6502
40613,0.5575
40614,0.5734
40615,0.7356
40616,0.6282
40617,0.7066
40618,0.5718
40619,0.5511
40620,1.7166
40621,0.1566
40622,0.4835
40623,0.7209
40624,0.5750
40625,0.6661
40626,0.7015
40627,0.7005
40628,0.3697
40629,0.7302
40630,0.7129
40631,0.9586
40632,0.5163
40633,0.9232
40634,0.4642
40635,0.7334
40636,0.4997
40637,0.5913
40638,0.7901
40639,0.5602
40640,0.6330
40641,1.0411
40642,0.8830
40643,0.5522
40644,0.7205
40645,0.5131
40646,0.6420
40647,0.5794
40648,0.8242
40649,0.4792
40650,0.5839
40651,1.0057
40652,0.6451
40653,0.7178
40654,0.5413
40655,0.6287
40656,0.5650
40657,0.8257
40658,0.5352
40659,0.7637
40660,0.5846
40661,0.6010
40662,0.8169
40663,0.7811
40664,0.8460
40665,0.7591
40666,0.7743
40667,0.5984
40668,0.6660
40669,0.7828
40670,0.4458
40671,0.7180
40672,0.9889
40673,0.7585
40674,0.5541
40675,0.5717
40676,0.6123
40677,0.7907
40678,0.4955
40679,0.7449
40680,0.9151
40681,0.6096
40682,0.6628
40683,0.7058
40684,0.5584
40685,0.5707
40686,0.6547
40687,0.6449
40688,0.5452
40689,0.7824
40690,0.5954
40691,0.5075
40692,1.1384
40693,1.1189
40694,0.2496
40695,1.6039
40696,0.5916
40697,0.4432
40698,0.5420
40699,0.4734
40700,1.5182
40701,0.2353
40702,0.2004
40703,0.7212
40704,0.8827
40705,0.9557
40706,0.3474
40707,0.5226
40708,1.7852
40709,0.7528
40710,0.5581
40711,0.4843
40712,0.4556
40713,0.6583
40714,0.8591
40715,1.1243
40716,0.3405
40717,0.8803
40718,0.5729
40719,1.2305
40720,0.4183
40721,0.8006
40722,0.8874
40723,0.6636
40724,0.8672
40725,0.6102
40726,0.6319
40727,1.1974
40728,0.3821
40729,0.3024
40730,0.7601
40731,0.6481
40732,0.4079
40733,0.6973
40734,0.9051
40735,0.5419
40736,0.5913
40737,0.7310
40738,0.8953
40739,0.2344
40740,0.7338
40741,0.5753
40742,0.7604
40743,0.9117
40744,1.0151
40745,0.6588
40746,0.5376
40747,0.5304
40748,0.6396
40749,0.5095
40750,0.8454
40751,0.7301
40752,0.3902
40753,1.1339
40754,0.4545
40755,0.5440
40756,0.8098
40757,0.7524
40758,0.2713
40759,0.6966
40760,1.0830
40761,0.3076
40762,0.5684
40763,0.9917
40764,0.8837
40765,0.6483
40766,1.0024
40767,0.3353
40768,0.6186
40769,0.6978
40770,0.6062
40771,0.9900
40772,0.6014
40773,0.8363
40774,0.8774
40775,1.1101
40776,0.5163
40777,0.3970
40778,0.8089
40779,0.5558
40780,0.6219
40781,0.6058
40782,0.9154
40783,0.7813
40784,0.6636
40785,0.6522
40786,0.5139
40787,0.7934
40788,0.6191
40789,0.5633
40790,1.1310
40791,0.4616
40792,0.7355
40793,0.8557
40794,0.7849
40795,0.9766
40796,0.5486
40797,0.3903
40798,0.8107
40799,0.4442
40800,0.6200
40801,0.9631
40802,0.8461
40803,0.3167
40804,1.0426
40805,0.2893
40806,0.7230
40807,0.4695
40808,0.6993
40809,0.7746
40810,0.3827
40811,0.6798
40812,1.0164
40813,0.7063
40814,0.5444
40815,0.7937
40816,0.5987
40817,0.5687
40818,0.7159
40819,0.5591
40820,0.6140
40821,0.9575
40822,0.6326
40823,1.1882
40824,0.1107
40825,0.6343
40826,0.6091
40827,0.7020
40828,0.6163
40829,0.5868
40830,0.7572
40831,0.5438
40832,0.5566
40833,1.0620
40834,0.7346
40835,0.6908
40836,0.9780
40837,0.6473
40838,0.6623
40839,1.0297
40840,0.2442
40841,0.6509
40842,1.4900
40843,0.2247
40844,0.7004
40845,0.7163
40846,0.4774
40847,0.7307
40848,0.6156
40849,0.8908
40850,0.3802
40851,0.6351
40852,0.9283
40853,0.7984
40854,0.5976
40855,0.9213
40856,0.1291
40857,0.6510
40858,0.6240
40859,1.1361
40860,0.6060
40861,0.2514
40862,0.5196
40863,1.2903
40864,0.7032
40865,0.3780
40866,0.6106
40867,0.5873
40868,1.1018
40869,0.1085
40870,0.6833
40871,0.7376
40872,0.8587
40873,0.7406
40874,0.6295
40875,0.6300
40876,0.5764
40877,0.6486
40878,0.5712
40879,0.6330
40880,0.7625
40881,0.6109
40882,0.5635
40883,0.9900
40884,0.7659
40885,0.5292
40886,0.5688
40887,0.6290
40888,0.9274
40889,0.3885
40890,0.7878
40891,0.7403
40892,0.2978
40893,1.0069
40894,0.8150
40895,0.6212
40896,0.8434
40897,0.6315
40898,0.5836
40899,0.6562
40900,0.7431
40901,0.5215
40902,0.8160
40903,0.7878
40904,0.6966
40905,0.6916
40906,0.7363
40907,0.5563
40908,0.5761
40909,0.7325
40910,0.5621
40911,0.7058
40912,0.5937
40913,1.0019
40914,0.7185
40915,0.8596
40916,0.6142
40917,0.6662
40918,0.5682
40919,0.6315
40920,0.6492
40921,0.6574
40922,0.6934
40923,0.8668
40924,0.6586
40925,0.9947
40926,0.2167
40927,0.7658
40928,0.4835
40929,0.7036
40930,0.6287
40931,0.6921
40932,0.5391
40933,1.7273
40934,0.1991
40935,0.4324
40936,0.5865
40937,0.6739
40938,0.6730
40939,0.6025
40940,0.5844
40941,0.7446
40942,0.5219
40943,0.6480
40944,0.9391
40945,0.8103
40946,0.7774
40947,0.4920
40948,0.6612
40949,0.6321
40950,0.6344
40951,0.6485
40952,0.7574
40953,0.5686
40954,0.6783
40955,1.1384
40956,0.9897
40957,0.6831
40958,0.7655
40959,0.6088
40960,0.6199
40961,0.7654
40962,0.5956
40963,0.5578
40964,0.8897
40965,0.7126
40966,0.7232
40967,0.5224
40968,0.6447
40969,0.5273
40970,0.7064
40971,0.7503
40972,0.5877
40973,0.4981
40974,0.8014
40975,0.9423
40976,0.5326
40977,0.6171
40978,0.6333
40979,0.6544
40980,0.6044
40981,0.7210
40982,0.4993
40983,0.7403
40984,0.8040
40985,0.7835
40986,0.8838
40987,0.5231
40988,0.7004
40989,0.6421
40990,0.6307
40991,0.6135
40992,0.6004
40993,0.6788
40994,0.9706
40995,0.5946
40996,0.6261
40997,0.6498
40998,0.6667
40999,0.6351
41000,0.9956
41001,0.2097
41002,0.7128
41003,0.6082
41004,0.9946
41005,0.6664
41006,1.2192
41007,0.7684
41008,0.6292
41009,0.6829
41010,0.5671
41011,0.6298
41012,0.6719
41013,0.5707
41014,0.9711
41015,0.7252
41016,0.7210
41017,0.6013
41018,0.6432
41019,0.6669
41020,0.5937
41021,0.5811
41022,0.6957
41023,0.7263
41024,0.8544
41025,0.6849
41026,0.7598
41027,0.5640
41028,0.6813
41029,0.6137
41030,0.6672
41031,0.5611
41032,0.6371
41033,0.6541
41034,0.9628
41035,0.7405
41036,0.8671
41037,0.7104
41038,0.5600
41039,0.5897
41040,0.6603
41041,0.6486
41042,0.5784
41043,0.6462
41044,0.8910
41045,0.6984
41046,0.6964
41047,0.5592
41048,0.7576
41049,0.4669
41050,0.6779
41051,0.5954
41052,0.8452
41053,0.4515
41054,0.6328
41055,1.0180
41056,0.8009
41057,0.5076
41058,0.6645
41059,0.5992
41060,0.5644
41061,0.5744
41062,0.6847
41063,0.7034
41064,0.6129
41065,0.9367
41066,0.6896
41067,0.7118
41068,1.3434
41069,0.3783
41070,0.6977
41071,0.7140
41072,0.6425
41073,0.7337
41074,0.8328
41075,0.7147
41076,0.8938
41077,0.7540
41078,0.5805
41079,0.5987
41080,0.6774
41081,0.5856
41082,0.6098
41083,0.6488
41084,0.8955
41085,0.8205
41086,0.7055
41087,0.6008
41088,0.6699
41089,0.5625
41090,0.8075
41091,0.5426
41092,0.5939
41093,0.6487
41094,0.8489
41095,0.7813
41096,0.6298
41097,0.5589
41098,0.6409
41099,0.6316
41100,0.6707
41101,0.6079
41102,0.6578
41103,0.6161
41104,0.6357
41105,0.9261
41106,0.7559
41107,0.9442
41108,0.5623
41109,0.5460
41110,0.7213
41111,0.6177
41112,0.6591
41113,0.6634
41114,0.6635
41115,0.4975
41116,0.9790
41117,0.6552
41118,0.7728
41119,0.6299
41120,0.5974
41121,0.7837
41122,0.5092
41123,0.7356
41124,0.7295
41125,0.9468
41126,0.5844
41127,1.1808
41128,0.6901
41129,0.7306
41130,0.5461
41131,0.5847
41132,0.7341
41133,0.5591
41134,0.5933
41135,1.5452
41136,0.2147
41137,0.7494
41138,0.6772
41139,0.4960
41140,0.6588
41141,0.6376
41142,0.8086
41143,0.3553
41144,0.6951
41145,0.8902
41146,0.7306
41147,0.7577
41148,0.4756
41149,0.6495
41150,0.6369
41151,0.6129
41152,0.8429
41153,0.5472
41154,0.6889
41155,0.4786
41156,1.0196
41157,1.1613
41158,0.1951
41159,0.6240
41160,0.6727
41161,0.5246
41162,0.5741
41163,0.6284
41164,0.8473
41165,0.7547
41166,0.6525
41167,0.6689
41168,0.5450
41169,0.6225
41170,0.6599
41171,0.5798
41172,0.7900
41173,0.6833
41174,0.5061
41175,0.6309
41176,1.0009
41177,0.7185
41178,0.6255
41179,0.6216
41180,0.6366
41181,0.5990
41182,0.6456
41183,0.7017
41184,0.7591
41185,0.3979
41186,0.5947
41187,0.9719
41188,0.7822
41189,0.7677
41190,0.8419
41191,0.7118
41192,0.6417
41193,0.9680
41194,0.2792
41195,0.6517
41196,1.0413
41197,0.7335
41198,0.8489
41199,0.5945
41200,0.6410
41201,0.6275
41202,0.9636
41203,0.5077
41204,0.4384
41205,0.6341
41206,0.8903
41207,0.7470
41208,0.7643
41209,0.5060
41210,0.6168
41211,0.6867
41212,0.6189
41213,0.6511
41214,0.6688
41215,0.6685
41216,0.8557
41217,0.7633
41218,0.6728
41219,0.7039
41220,0.5300
41221,0.6805
41222,0.6723
41223,0.6104
41224,0.7658
41225,1.2293
41226,0.3134
41227,0.9956
41228,0.4890
41229,0.4789
41230,0.5953
41231,0.6122
41232,0.6352
41233,0.6877
41234,0.8250
41235,0.3781
41236,0.6545
41237,1.1008
41238,0.7535
41239,0.7362
41240,0.9373
41241,0.3887
41242,0.6241
41243,0.7205
41244,0.6243
41245,0.6466
41246,1.0351
41247,0.7054
41248,0.5240
41249,0.6387
41250,0.6909
41251,0.5321
41252,0.6806
41253,0.5702
41254,0.6553
41255,0.7368
41256,0.9186
41257,0.6901
41258,0.5872
41259,0.5465
41260,0.7099
41261,0.5290
41262,0.6543
41263,0.7436
41264,0.6296
41265,0.5078
41266,0.6795
41267,0.8980
41268,0.6445
41269,0.9131
41270,0.7095
41271,0.4394
41272,0.6587
41273,0.6931
41274,0.5804
41275,0.6563
41276,0.6497
41277,0.9101
41278,0.7692
41279,0.8613
41280,0.6379
41281,0.6224
41282,0.5609
41283,0.5891
41284,0.6700
41285,0.6594
41286,0.6029
41287,0.9467
41288,0.7170
41289,0.5978
41290,0.5639
41291,0.7950
41292,0.5006
41293,0.6672
41294,0.6162
41295,0.9986
41296,0.3593
41297,0.5330
41298,1.0482
41299,0.7216
41300,0.7532
41301,0.9655
41302,0.6398
41303,0.7024
41304,1.1780
41305,0.1319
41306,0.5995
41307,0.9180
41308,0.7297
41309,0.7964
41310,0.6152
41311,0.5642
41312,0.8559
41313,0.3814
41314,0.6942
41315,0.6973
41316,0.5253
41317,0.6558
41318,1.1226
41319,0.6263
41320,0.5688
41321,0.6566
41322,0.6165
41323,0.6844
41324,0.5547
41325,0.7583
41326,0.5746
41327,0.5946
41328,1.0925
41329,0.4431
41330,0.6163
41331,0.6597
41332,0.6358
41333,0.6186
41334,0.6264
41335,0.6248
41336,0.6201
41337,0.6025
41338,0.9783
41339,0.6015
41340,0.6183
41341,0.6931
41342,0.5949
41343,0.7042
41344,0.6461
41345,0.6334
41346,0.6945
41347,0.6457
41348,0.5331
41349,0.5910
41350,1.1061
41351,0.6758
41352,0.5623
41353,0.6525
41354,0.5945
41355,0.6433
41356,0.6456
41357,0.8143
41358,0.9781
41359,0.5650
41360,0.8849
41361,0.7276
41362,0.7420
41363,0.9493
41364,0.2822
41365,0.6200
41366,0.6405
41367,0.6847
41368,0.8556
41369,0.6699
41370,1.0398
41371,0.5161
41372,0.7643
41373,0.4913
41374,0.6349
41375,0.7275
41376,0.5754
41377,0.6563
41378,0.8617
41379,0.8578
41380,0.7428
41381,0.4978
41382,1.1378
41383,0.1049
41384,0.6568
41385,0.7059
41386,0.6957
41387,0.5524
41388,0.5851
41389,1.0866
41390,0.6853
41391,0.6195
41392,0.5754
41393,0.6555
41394,0.6491
41395,0.6762
41396,0.6874
41397,0.4871
41398,0.6097
41399,1.0379
41400,0.7480
41401,0.9661
41402,0.4918
41403,0.6070
41404,0.6150
41405,0.6787
41406,0.8165
41407,0.4494
41408,0.8720
41409,0.6896
41410,0.8974
41411,0.3690
41412,0.6649
41413,0.6088
41414,0.5686
41415,0.7719
41416,0.5707
41417,1.2199
41418,0.5832
41419,0.1933
41420,1.0771
41421,0.7542
41422,0.6603
41423,0.8190
41424,0.6086
41425,0.6572
41426,0.8754
41427,0.3931
41428,0.6472
41429,0.9121
41430,0.7097
41431,0.9707
41432,0.3807
41433,0.7525
41434,0.4541
41435,0.7407
41436,0.6386
41437,0.5761
41438,0.6258
41439,0.9792
41440,0.6842
41441,0.9380
41442,0.7619
41443,0.5572
41444,0.6496
41445,0.5644
41446,0.6653
41447,0.5872
41448,0.6237
41449,0.9787
41450,0.6266
41451,0.6815
41452,0.5516
41453,0.7870
41454,0.5007
41455,0.6912
41456,0.6015
41457,0.6558
41458,0.7427
41459,1.1159
41460,0.2694
41461,0.9342
41462,0.5331
41463,0.6910
41464,0.5354
41465,0.6747
41466,0.6210
41467,0.6293
41468,0.6044
41469,0.6311
41470,1.0691
41471,0.6158
41472,0.6927
41473,0.5836
41474,0.6910
41475,0.6708
41476,0.7629
41477,0.4786
41478,0.7218
41479,0.5555
41480,0.5715
41481,1.1528
41482,0.7644
41483,0.7370
41484,0.7826
41485,0.5656
41486,0.6144
41487,0.8350
41488,0.5262
41489,0.7628
41490,0.8790
41491,0.6859
41492,0.6880
41493,0.7241
41494,0.5063
41495,0.7438
41496,0.5843
41497,0.7429
41498,1.1236
41499,0.2146
41500,0.8649
41501,0.5524
41502,0.6876
41503,0.6238
41504,0.5865
41505,0.6361
41506,0.6304
41507,0.6623
41508,0.6054
41509,0.6650
41510,0.9424
41511,0.5815
41512,0.7017
41513,0.5788
41514,0.6324
41515,0.6252
41516,0.6174
41517,0.7436
41518,0.5226
41519,0.5789
41520,0.6658
41521,0.9955
41522,0.7274
41523,0.5970
41524,0.6585
41525,0.5406
41526,0.6938
41527,0.6153
41528,0.7701
41529,0.4755
41530,0.6031
41531,0.9818
41532,0.7568
41533,0.7659
41534,0.6447
41535,0.4907
41536,0.6778
41537,0.6992
41538,0.6689
41539,0.5825
41540,0.5237
41541,1.0921
41542,0.6453
41543,1.2504
41544,0.7023
41545,0.6938
41546,0.5589
41547,0.5971
41548,0.7806
41549,0.5268
41550,0.6037
41551,0.9496
41552,0.7186
41553,0.7885
41554,0.6021
41555,0.6719
41556,0.6074
41557,0.5992
41558,0.8603
41559,0.3993
41560,0.6227
41561,1.0668
41562,0.6502
41563,0.6613
41564,0.6548
41565,0.5559
41566,0.6880
41567,0.7320
41568,0.4438
41569,0.6807
41570,0.6360
41571,0.8672
41572,0.7648
41573,0.7435
41574,0.5717
41575,0.7250
41576,0.6257
41577,0.6927
41578,0.5499
41579,0.6724
41580,0.6330
41581,0.8657
41582,0.7705
41583,0.6907
41584,0.6387
41585,0.6475
41586,0.6228
41587,0.6514
41588,0.5802
41589,0.9189
41590,0.3436
41591,0.6509
41592,1.0492
41593,1.2713
41594,0.1290
41595,0.8092
41596,0.8404
41597,0.7641
41598,0.7336
41599,0.6020
41600,0.6587
41601,0.9835
41602,0.6821
41603,0.6216
41604,0.5479
41605,0.6856
41606,0.6693
41607,0.5511
41608,0.5838
41609,0.6276
41610,0.6907
41611,1.0422
41612,0.6146
41613,0.6889
41614,0.6679
41615,0.6057
41616,0.6379
41617,0.6434
41618,0.6615
41619,0.7231
41620,0.6055
41621,0.6630
41622,0.4998
41623,1.0279
41624,0.5905
41625,0.6126
41626,0.6236
41627,0.6249
41628,0.6194
41629,0.6585
41630,0.6172
41631,0.7268
41632,0.9627
41633,0.6031
41634,0.7056
41635,0.6124
41636,0.6703
41637,0.7549
41638,0.4938
41639,0.8073
41640,0.4728
41641,0.6713
41642,0.6377
41643,0.6439
41644,0.9213
41645,0.9347
41646,0.6585
41647,0.6430
41648,0.6309
41649,0.5929
41650,0.7586
41651,0.4586
41652,1.0286
41653,0.7224
41654,0.9485
41655,0.7663
41656,0.8129
41657,0.4124
41658,0.6316
41659,0.7282
41660,0.5599
41661,0.5847
41662,1.1735
41663,0.7047
41664,0.5734
41665,0.6391
41666,0.7245
41667,0.4853
41668,0.6481
41669,0.6506
41670,0.6181
41671,0.6593
41672,1.0206
41673,0.5424
41674,0.6153
41675,0.6403
41676,0.6001
41677,0.6418
41678,0.6327
41679,0.7076
41680,0.8062
41681,0.5941
41682,0.3767
41683,0.5644
41684,1.0442
41685,0.6640
41686,0.5697
41687,0.7573
41688,0.6629
41689,0.5896
41690,0.7331
41691,0.4420
41692,0.6422
41693,0.9631
41694,0.6655
41695,0.6441
41696,0.6604
41697,0.6179
41698,0.5436
41699,0.7246
41700,0.5879
41701,0.6178
41702,0.7284
41703,0.9327
41704,0.7337
41705,0.6601
41706,0.4799
41707,0.6180
41708,0.6251
41709,0.6649
41710,0.6156
41711,0.7592
41712,0.5079
41713,0.6063
41714,1.0069
41715,0.7330
41716,0.7035
41717,0.9853
41718,0.6888
41719,0.7356
41720,0.5640
41721,0.6647
41722,0.6586
41723,0.9216
41724,0.7366
41725,0.8652
41726,0.4504
41727,0.7114
41728,0.5690
41729,0.6323
41730,0.6123
41731,0.7482
41732,0.5164
41733,0.8374
41734,0.8656
41735,0.8782
41736,0.6256
41737,0.6090
41738,0.6481
41739,0.6274
41740,0.6202
41741,0.6508
41742,0.6532
41743,0.9644
41744,0.5971
41745,0.5912
41746,1.0068
41747,0.4500
41748,0.4620
41749,0.6766
41750,0.5694
41751,0.5868
41752,0.7224
41753,0.6043
41754,0.9508
41755,0.5690
41756,0.9019
41757,0.5503
41758,0.5837
41759,0.8478
41760,0.4732
41761,0.6225
41762,0.6856
41763,0.6403
41764,1.0543
41765,0.7004
41766,0.6212
41767,0.5272
41768,0.7202
41769,0.5884
41770,0.7948
41771,0.4779
41772,0.6209
41773,0.6445
41774,0.9106
41775,0.6802
41776,0.6833
41777,0.9210
41778,0.6289
41779,0.8638
41780,0.5729
41781,0.8940
41782,0.4542
41783,0.6487
41784,0.9979
41785,0.7689
41786,0.5321
41787,0.6791
41788,0.6205
41789,0.6306
41790,0.6267
41791,0.5215
41792,1.4156
41793,0.2102
41794,0.7442
41795,0.7353
41796,0.5020
41797,0.7302
41798,0.4978
41799,0.6238
41800,0.6937
41801,0.6234
41802,0.6070
41803,0.6170
41804,0.6673
41805,1.0505
41806,0.6092
41807,0.7391
41808,0.5337
41809,0.5696
41810,0.7124
41811,0.5869
41812,0.6577
41813,0.6960
41814,0.5692
41815,0.8851
41816,0.6694
41817,0.9426
41818,0.5828
41819,0.5715
41820,0.6626
41821,0.6105
41822,0.5817
41823,0.7429
41824,0.6342
41825,0.8987
41826,0.7397
41827,0.7126
41828,0.7447
41829,0.8726
41830,0.7124
41831,0.7792
41832,0.6816
41833,0.7064
41834,0.7881
41835,0.7194
41836,0.8629
41837,0.8479
41838,0.4040
41839,0.6873
41840,0.6158
41841,0.6988
41842,0.5478
41843,0.6393
41844,0.9014
41845,0.7264
41846,0.6367
41847,0.6721
41848,0.5411
41849,0.6204
41850,0.6066
41851,0.5944
41852,0.8273
41853,0.5660
41854,0.7158
41855,0.9330
41856,0.6940
41857,0.5519
41858,0.6394
41859,0.6371
41860,0.5658
41861,0.7174
41862,0.7995
41863,0.4647
41864,0.6427
41865,0.9152
41866,0.6433
41867,0.6348
41868,0.5845
41869,0.7051
41870,0.5910
41871,0.6052
41872,0.6624
41873,0.7271
41874,0.5747
41875,0.6010
41876,0.9155
41877,0.6980
41878,0.6466
41879,0.6775
41880,0.5339
41881,0.5930
41882,0.6935
41883,0.5568
41884,0.6499
41885,1.1449
41886,0.5901
41887,0.6961
41888,1.1234
41889,0.7577
41890,0.6533
41891,0.7142
41892,0.5251
41893,0.6386
41894,0.6446
41895,0.9513
41896,0.6692
41897,0.5765
41898,0.6794
41899,0.5785
41900,0.6449
41901,0.6425
41902,0.5586
41903,0.8644
41904,0.4150
41905,0.6127
41906,1.0898
41907,0.6853
41908,0.5978
41909,0.6598
41910,0.6722
41911,0.6063
41912,0.6128
41913,0.6118
41914,0.6020
41915,0.6621
41916,0.9316
41917,0.6421
41918,0.7584
41919,0.6618
41920,0.6416
41921,0.5794
41922,0.6434
41923,0.6067
41924,0.6494
41925,0.6551
41926,0.7604
41927,0.9370
41928,1.1761
41929,0.1299
41930,0.7069
41931,0.5543
41932,0.5259
41933,0.7460
41934,0.6690
41935,0.5448
41936,0.6270
41937,1.0662
41938,0.6197
41939,0.5506
41940,0.6847
41941,0.5934
41942,0.6066
41943,0.6186
41944,0.6722
41945,0.6412
41946,1.0301
41947,0.7201
41948,0.8974
41949,0.6763
41950,0.6756
41951,0.6634
41952,0.6132
41953,0.6826
41954,1.7891
41955,0.1142
41956,0.7068
41957,1.0358
41958,0.5368
41959,0.5926
41960,0.6888
41961,0.6196
41962,0.6472
41963,0.5868
41964,0.6004
41965,1.0331
41966,0.7519
41967,0.5749
41968,0.5628
41969,0.6627
41970,0.6683
41971,0.6254
41972,0.6802
41973,0.6125
41974,0.7443
41975,0.5811
41976,1.0012
41977,0.6476
41978,0.6965
41979,0.5869
41980,0.6033
41981,0.6874
41982,0.5626
41983,0.5630
41984,0.9043
41985,0.4782
41986,0.6308
41987,0.9363
41988,0.6943
41989,0.7670
41990,0.5393
41991,0.6245
41992,0.6239
41993,0.6520
41994,0.7816
41995,0.5107
41996,0.6242
41997,1.0156
41998,0.5566
41999,0.7520
42000,0.7537
42001,0.4921
42002,0.7462
42003,0.5958
42004,0.5611
42005,0.7208
42006,0.5605
42007,1.0112
42008,0.6763
42009,1.2503
42010,0.6541
42011,0.7113
42012,0.5590
42013,0.5904
42014,0.8286
42015,0.4859
42016,0.6964
42017,0.9029
42018,1.4214
42019,0.2648
42020,0.4920
42021,0.4868
42022,0.7553
42023,0.5688
42024,0.6961
42025,0.6246
42026,0.7254
42027,0.8144
42028,1.0486
42029,0.5786
42030,0.7767
42031,0.6478
42032,0.5817
42033,0.6058
42034,1.7926
42035,0.1247
42036,0.5648
42037,0.6295
42038,0.6344
42039,0.6978
42040,0.5037
42041,0.7292
42042,0.5454
42043,0.7869
42044,0.4972
42045,0.6718
42046,1.0907
42047,0.7069
42048,0.5398
42049,0.5964
42050,0.7163
42051,0.5593
42052,0.5612
42053,0.7250
42054,0.7114
42055,0.7722
42056,1.0693
42057,0.1964
42058,0.8709
42059,0.9160
42060,0.7544
42061,0.6503
42062,0.7571
42063,0.6225
42064,0.5955
42065,0.6668
42066,0.8962
42067,0.6453
42068,0.7025
42069,0.6321
42070,0.5534
42071,0.5989
42072,0.6984
42073,0.6111
42074,0.7305
42075,0.5655
42076,0.6297
42077,0.9952
42078,0.6444
42079,0.7190
42080,0.6615
42081,0.5442
42082,0.6178
42083,0.6670
42084,0.8254
42085,0.4898
42086,0.5555
42087,3.4647
42088,0.2178
42089,0.5399
42090,0.7588
42091,0.4421
42092,0.6777
42093,0.6690
42094,1.0257
42095,0.6274
42096,0.6328
42097,0.5950
42098,0.7746
42099,0.5375
42100,0.6459
42101,0.6653
42102,0.6009
42103,0.6683
42104,0.8498
42105,0.7869
42106,0.5031
42107,0.7089
42108,0.5685
42109,0.6783
42110,0.6137
42111,0.6276
42112,0.6830
42113,1.2596
42114,0.3579
42115,0.6021
42116,1.0303
42117,0.6454
42118,0.7520
42119,0.6276
42120,0.6229
42121,0.6248
42122,0.6856
42123,0.5799
42124,0.6151
42125,1.0690
42126,0.7110
42127,0.5199
42128,0.6716
42129,0.6600
42130,0.6641
42131,0.5353
42132,0.6479
42133,0.7027
42134,0.5432
42135,0.9669
42136,0.7091
42137,0.6370
42138,0.6060
42139,0.7160
42140,0.5683
42141,0.6195
42142,0.7199
42143,0.6539
42144,0.5198
42145,0.5443
42146,1.1531
42147,0.6533
42148,0.6231
42149,0.6966
42150,0.6041
42151,0.6020
42152,0.6346
42153,1.9094
42154,0.3324
42155,0.2905
42156,0.5306
42157,0.6259
42158,0.6993
42159,0.6523
42160,0.5792
42161,0.5640
42162,0.6917
42163,0.7491
42164,0.4699
42165,0.6796
42166,0.9976
42167,0.5913
42168,1.0526
42169,0.5596
42170,0.6587
42171,0.6194
42172,0.7661
42173,0.5058
42174,0.6461
42175,1.1573
42176,0.5344
42177,0.8745
42178,0.7364
42179,0.6505
42180,0.6206
42181,0.7028
42182,0.8216
42183,0.4230
42184,0.8624
42185,0.6949
42186,0.7124
42187,0.6075
42188,0.6201
42189,0.6087
42190,0.6403
42191,0.5242
42192,0.6957
42193,0.6030
42194,0.7537
42195,0.8532
42196,0.7684
42197,0.8649
42198,0.6923
42199,0.8719
42200,0.5734
42201,0.4934
42202,1.0321
42203,0.7288
42204,0.1428
42205,0.6919
42206,0.5757
42207,0.9875
42208,0.5905
42209,0.7876
42210,0.7553
42211,0.5039
42212,0.6213
42213,0.9024
42214,0.3939
42215,0.7083
42216,0.8363
42217,0.7979
42218,0.9088
42219,0.6189
42220,0.6135
42221,1.3297
42222,0.1894
42223,0.5230
42224,0.5661
42225,0.5489
42226,0.6805
42227,0.9237
42228,0.6656
42229,0.5783
42230,0.6263
42231,0.6338
42232,0.6286
42233,0.5812
42234,0.7069
42235,0.6031
42236,1.2033
42237,0.3450
42238,0.8561
42239,1.0045
42240,0.6640
42241,0.7816
42242,0.5982
42243,0.6531
42244,0.7615
42245,0.4401
42246,0.6304
42247,1.0204
42248,0.7080
42249,0.6008
42250,0.5141
42251,0.7207
42252,0.5886
42253,0.7635
42254,0.5910
42255,0.5877
42256,0.7549
42257,0.9764
42258,0.6310
42259,0.4557
42260,0.7550
42261,0.5727
42262,0.6330
42263,0.6161
42264,0.6316
42265,0.6752
42266,1.2571
42267,0.4427
42268,0.5837
42269,0.7919
42270,0.4705
42271,0.6070
42272,0.6601
42273,0.5982
42274,0.8445
42275,0.4455
42276,0.6348
42277,0.8822
42278,0.7222
42279,0.6271
42280,0.6402
42281,0.5764
42282,0.6337
42283,0.6334
42284,0.6605
42285,0.6880
42286,0.5994
42287,1.1299
42288,0.7168
42289,1.4806
42290,0.2721
42291,0.7028
42292,0.5277
42293,0.7240
42294,0.6478
42295,0.7078
42296,0.8399
42297,0.7285
42298,0.5499
42299,0.7411
42300,0.4479
42301,0.6495
42302,0.6189
42303,0.7819
42304,0.7371
42305,0.4660
42306,0.6002
42307,0.8855
42308,0.8525
42309,0.6405
42310,0.7302
42311,0.5258
42312,0.6417
42313,0.6663
42314,0.6642
42315,0.5590
42316,0.6744
42317,0.9333
42318,0.7040
42319,0.8610
42320,0.6894
42321,0.9328
42322,0.2157
42323,0.7056
42324,0.6565
42325,0.5801
42326,0.6545
42327,0.9148
42328,0.6339
42329,0.6899
42330,0.5876
42331,0.5723
42332,0.8066
42333,0.5397
42334,0.7654
42335,0.4947
42336,0.6432
42337,0.5960
42338,0.6761
42339,1.1237
42340,0.5117
42341,0.6792
42342,0.6206
42343,0.5738
42344,0.6399
42345,0.6878
42346,0.6937
42347,1.0051
42348,0.6575
42349,0.9452
42350,0.7040
42351,0.6023
42352,0.6463
42353,0.6216
42354,0.5873
42355,0.7866
42356,1.1538
42357,0.6451
42358,0.3145
42359,0.8051
42360,0.5335
42361,0.5540
42362,0.6186
42363,0.6630
42364,0.5612
42365,0.6706
42366,0.5671
42367,0.6584
42368,0.5492
42369,1.2238
42370,0.6754
42371,0.5236
42372,0.6618
42373,0.4901
42374,0.6868
42375,0.7680
42376,0.5002
42377,0.6229
42378,0.9668
42379,1.3617
42380,0.1793
42381,0.6293
42382,0.6454
42383,0.5706
42384,0.6229
42385,0.7312
42386,0.5774
42387,0.6445
42388,0.8599
42389,0.7361
42390,0.9625
42391,0.5804
42392,0.6943
42393,0.6053
42394,0.6691
42395,0.6477
42396,0.7417
42397,0.6307
42398,0.8804
42399,0.5628
42400,0.6192
42401,0.6717
42402,0.6071
42403,0.6258
42404,0.5950
42405,0.6117
42406,0.7977
42407,0.5393
42408,0.5989
42409,1.0497
42410,0.7805
42411,0.7686
42412,0.8477
42413,0.6902
42414,0.6911
42415,0.7895
42416,0.4646
42417,0.5855
42418,0.9588
42419,0.7706
42420,0.5941
42421,0.6408
42422,0.6422
42423,0.6361
42424,0.5821
42425,0.6637
42426,0.6627
42427,0.7471
42428,0.4557
42429,0.7164
42430,0.9531
42431,0.5069
42432,0.6569
42433,0.6776
42434,0.5893
42435,0.6597
42436,0.6060
42437,0.6297
42438,0.6298
42439,1.0517
42440,0.6829
42441,0.5637
42442,0.6759
42443,0.5957
42444,0.5901
42445,0.6537
42446,0.5775
42447,0.6554
42448,0.5983
42449,1.0384
42450,0.6510
42451,0.7605
42452,0.4142
42453,0.7299
42454,0.5182
42455,0.7261
42456,0.5230
42457,0.7032
42458,0.6473
42459,0.8733
42460,0.7638
42461,0.9292
42462,0.6817
42463,0.5918
42464,0.6114
42465,0.6652
42466,0.6489
42467,0.7003
42468,0.5086
42469,0.6251
42470,0.9077
42471,0.8080
42472,0.7803
42473,1.0492
42474,0.5404
42475,0.6875
42476,0.6133
42477,0.6294
42478,0.7436
42479,0.8341
42480,0.6823
42481,0.6049
42482,0.6705
42483,0.5954
42484,0.6615
42485,0.5467
42486,0.6079
42487,0.6917
42488,0.6482
42489,0.6160
42490,1.0160
42491,0.7087
42492,0.6488
42493,0.5511
42494,0.6365
42495,0.6246
42496,0.8034
42497,0.4562
42498,0.6245
42499,0.6919
42500,0.8797
42501,0.6715
42502,0.8159
42503,0.6607
42504,0.6611
42505,0.5472
42506,0.6301
42507,0.6371
42508,0.9432
42509,0.3903
42510,0.5841
42511,1.1238
42512,0.5227
42513,0.5822
42514,0.6533
42515,0.6108
42516,0.6878
42517,0.6598
42518,0.6359
42519,1.1188
42520,0.4430
42521,0.7924
42522,0.7472
42523,0.7291
42524,0.7726
42525,0.5972
42526,0.6618
42527,0.5962
42528,0.6560
42529,0.6807
42530,1.0277
42531,0.7039
42532,0.5718
42533,0.6969
42534,0.5571
42535,0.6242
42536,0.6073
42537,0.6683
42538,0.6967
42539,0.5524
42540,0.5908
42541,0.9515
42542,0.7000
42543,0.6001
42544,0.6564
42545,0.5952
42546,0.6974
42547,0.6290
42548,0.5322
42549,0.7269
42550,0.6229
42551,0.9482
42552,0.6558
42553,0.6499
42554,0.6439
42555,0.6058
42556,0.6118
42557,0.6694
42558,0.5568
42559,0.7883
42560,0.4957
42561,0.6326
42562,1.0247
42563,0.7483
42564,0.5738
42565,0.5703
42566,0.7495
42567,0.5930
42568,0.6394
42569,0.9084
42570,0.3629
42571,0.6130
42572,0.9469
42573,0.6799
42574,0.7088
42575,0.6629
42576,0.5840
42577,0.6498
42578,0.7536
42579,0.5283
42580,1.1972
42581,0.4561
42582,0.7173
42583,1.1693
42584,0.7136
42585,0.7037
42586,0.5985
42587,0.5720
42588,0.6364
42589,0.8818
42590,0.3956
42591,0.6326
42592,0.8845
42593,0.7314
42594,0.7019
42595,0.7730
42596,0.7157
42597,0.4730
42598,0.6623
42599,0.7927
42600,0.4913
42601,0.5855
42602,0.9289
42603,0.6624
42604,0.6052
42605,0.6079
42606,0.7155
42607,0.5928
42608,0.5743
42609,0.6040
42610,0.7195
42611,0.8258
42612,0.9692
42613,0.4530
42614,0.9936
42615,0.5616
42616,0.6047
42617,0.6334
42618,0.5952
42619,0.6923
42620,0.6140
42621,0.6136
42622,0.9349
42623,0.7079
42624,0.7584
42625,0.6526
42626,0.6626
42627,0.5807
42628,0.6520
42629,0.5575
42630,0.8033
42631,0.9230
42632,0.6280
42633,0.6087
42634,1.0359
42635,0.3836
42636,0.6771
42637,0.6782
42638,0.4744
42639,0.8873
42640,0.6674
42641,0.4650
42642,0.6085
42643,0.9817
42644,0.7137
42645,0.8106
42646,0.8212
42647,0.7249
42648,0.6326
42649,0.8576
42650,0.4873
42651,1.2583
42652,0.2854
42653,0.8314
42654,0.9126
42655,0.5728
42656,0.7791
42657,0.4704
42658,0.6459
42659,0.6943
42660,0.5501
42661,0.5954
42662,1.0315
42663,0.5261
42664,0.6194
42665,0.7214
42666,0.6017
42667,0.6432
42668,0.6968
42669,0.6481
42670,0.5181
42671,0.6127
42672,1.0692
42673,0.6600
42674,0.7245
42675,0.5964
42676,0.7327
42677,0.4648
42678,0.6202
42679,0.7297
42680,1.3629
42681,0.1106
42682,0.8589
42683,0.7799
42684,0.7368
42685,0.5282
42686,0.6416
42687,0.6379
42688,0.6004
42689,0.6448
42690,0.6338
42691,0.7952
42692,0.8429
42693,0.6720
42694,0.5885
42695,0.6079
42696,0.5920
42697,0.8772
42698,0.3707
42699,0.7525
42700,0.7114
42701,0.5496
42702,0.6066
42703,1.0192
42704,0.6171
42705,0.8405
42706,0.7353
42707,0.6443
42708,0.9151
42709,0.7613
42710,0.7249
42711,0.7007
42712,0.7913
42713,0.7641
42714,0.5873
42715,0.6598
42716,0.6187
42717,0.6070
42718,0.6448
42719,0.4900
42720,0.7404
42721,0.6660
42722,0.5314
42723,0.9491
42724,0.6951
42725,0.6073
42726,0.6465
42727,0.6106
42728,0.6910
42729,0.6263
42730,0.7580
42731,0.3889
42732,0.7105
42733,1.0242
42734,0.7315
42735,0.6597
42736,0.5560
42737,0.6258
42738,0.6514
42739,0.6643
42740,0.4795
42741,0.6804
42742,0.6872
42743,0.9195
42744,0.7649
42745,0.7764
42746,0.5149
42747,0.7651
42748,1.3164
42749,0.1544
42750,0.2725
42751,0.6763
42752,1.0352
42753,0.6009
42754,0.7947
42755,0.9873
42756,0.6990
42757,0.7461
42758,0.7092
42759,0.5557
42760,0.7720
42761,0.4874
42762,0.5413
42763,0.9836
42764,0.7344
42765,0.7821
42766,0.6986
42767,0.5413
42768,0.6125
42769,0.5926
42770,0.9027
42771,0.4721
42772,1.5932
42773,0.1419
42774,0.6530
42775,0.5274
42776,0.6812
42777,0.6012
42778,0.6281
42779,0.5342
42780,0.7168
42781,0.6549
42782,0.5838
42783,1.1034
42784,0.5069
42785,0.7702
42786,0.6996
42787,0.5807
42788,0.5662
42789,0.6963
42790,0.5789
42791,0.6799
42792,0.6864
42793,1.3501
42794,0.1258
42795,0.6974
42796,0.5283
42797,0.6244
42798,0.7163
42799,0.7328
42800,0.4717
42801,0.8004
42802,0.4927
42803,0.6530
42804,1.0392
42805,0.7758
42806,0.4590
42807,0.6539
42808,0.6407
42809,0.7039
42810,0.5638
42811,0.7761
42812,0.4571
42813,0.6340
42814,1.0840
42815,0.6966
42816,0.8661
42817,0.7390
42818,0.6383
42819,0.6724
42820,0.6645
42821,0.6580
42822,0.5078
42823,0.6488
42824,1.1014
42825,0.6969
42826,0.7294
42827,0.4466
42828,0.6067
42829,0.6859
42830,0.6748
42831,0.5542
42832,0.6444
42833,0.6555
42834,0.8932
42835,0.6956
42836,0.6762
42837,0.5987
42838,0.5957
42839,1.2027
42840,0.2595
42841,0.4747
42842,0.8433
42843,0.5707
42844,0.6586
42845,0.9635
42846,0.6719
42847,0.5285
42848,0.7127
42849,0.6164
42850,0.6634
42851,0.6104
42852,0.5541
42853,0.7417
42854,0.5876
42855,0.8810
42856,0.7542
42857,0.8685
42858,0.6278
42859,0.6808
42860,0.5222
42861,0.7069
42862,0.6881
42863,0.7902
42864,0.7959
42865,0.7382
42866,0.4921
42867,0.6665
42868,0.6153
42869,0.5601
42870,0.6423
42871,0.6725
42872,0.5982
42873,0.6884
42874,0.6162
42875,1.1023
42876,0.7492
42877,0.9748
42878,0.6345
42879,0.7198
42880,0.5400
42881,0.7098
42882,0.6387
42883,0.6418
42884,0.6281
42885,0.9144
42886,0.9705
42887,0.5564
42888,0.5554
42889,0.6285
42890,0.5448
42891,0.7387
42892,0.5247
42893,0.6856
42894,0.6461
42895,0.9728
42896,0.8211
42897,0.8195
42898,0.6402
42899,0.5763
42900,0.6483
42901,0.5809
42902,0.7154
42903,0.5820
42904,0.7245
42905,0.9455
42906,0.6714
42907,0.7051
42908,1.0057
42909,0.2085
42910,0.6254
42911,0.8266
42912,0.4180
42913,0.6733
42914,0.7132
42915,0.8358
42916,0.8154
42917,0.5310
42918,0.5616
42919,0.6019
42920,0.6915
42921,0.5861
42922,0.6859
42923,0.8046
42924,0.4807
42925,0.6245
42926,1.0206
42927,0.6745
42928,0.7665
42929,0.6395
42930,0.6619
42931,0.7260
42932,0.4456
42933,0.8803
42934,0.4075
42935,0.8003
42936,0.8263
42937,0.6852
42938,0.6848
42939,0.7689
42940,0.8954
42941,0.7287
42942,0.8173
42943,0.9922
42944,0.5963
42945,0.6982
42946,1.0642
42947,0.4687
42948,0.6286
42949,0.6642
42950,0.5226
42951,0.6827
42952,0.6454
42953,1.1058
42954,0.4986
42955,0.6876
42956,0.4991
42957,0.6891
42958,0.6979
42959,0.5623
42960,0.6445
42961,0.5299
42962,0.6664
42963,0.6269
42964,0.6494
42965,0.9133
42966,0.6815
42967,0.6866
42968,0.5703
42969,0.6270
42970,0.6738
42971,0.6854
42972,0.5705
42973,0.8541
42974,0.5672
42975,0.5205
42976,0.6312
42977,1.0887
42978,0.5663
42979,0.6035
42980,0.6380
42981,0.6692
42982,0.5782
42983,0.6319
42984,0.6985
42985,0.5916
42986,0.9049
42987,0.6505
42988,0.7510
42989,0.8778
42990,0.6362
42991,0.8016
42992,0.6347
42993,0.6900
42994,0.6301
42995,0.9278
42996,0.6233
42997,0.9550
42998,0.7082
42999,0.5361
43000,0.6431
43001,0.6530
43002,0.6483
43003,0.8272
43004,0.3917
43005,0.6410
43006,1.0094
43007,0.6009
43008,0.5626
43009,0.7020
43010,0.6067
43011,0.6345
43012,0.5434
43013,0.6945
43014,0.5659
43015,0.6391
43016,1.0778
43017,0.7068
43018,0.6650
43019,0.6271
43020,0.6008
43021,1.2686
43022,0.1940
43023,0.3955
43024,0.7288
43025,0.6280
43026,0.5822
43027,0.9220
43028,0.7123
43029,0.8753
43030,0.5165
43031,0.9212
43032,0.4902
43033,0.7135
43034,0.4594
43035,0.5836
43036,0.5860
43037,0.9318
43038,0.6941
43039,0.7166
43040,0.5315
43041,0.7117
43042,0.5592
43043,0.6105
43044,0.6584
43045,0.7861
43046,0.7053
43047,0.7773
43048,0.7370
43049,1.1968
43050,0.6089
43051,0.8261
43052,0.5348
43053,0.7169
43054,0.5474
43055,0.7124
43056,0.5548
43057,0.6789
43058,0.9508
43059,0.6214
43060,0.5306
43061,0.8355
43062,0.4974
43063,0.6716
43064,0.6198
43065,0.5393
43066,0.8852
43067,0.8470
43068,0.7062
43069,0.5624
43070,0.6081
43071,0.6166
43072,0.6741
43073,0.5683
43074,0.6288
43075,0.7186
43076,0.6395
43077,0.9070
43078,0.6685
43079,0.7236
43080,0.6477
43081,0.6501
43082,0.6496
43083,0.6280
43084,0.5935
43085,0.8161
43086,0.3977
43087,0.6571
43088,1.0766
43089,0.5264
43090,0.7687
43091,0.5991
43092,0.6439
43093,0.6967
43094,0.5969
43095,0.5911
43096,0.8686
43097,0.8465
43098,0.5466
43099,0.6997
43100,0.8896
43101,0.6840
43102,0.6239
43103,0.6125
43104,0.6262
43105,0.8406
43106,0.6313
43107,0.5203
43108,1.0016
43109,0.7980
43110,0.7053
43111,1.2525
43112,0.2049
43113,0.7079
43114,0.5348
43115,0.6487
43116,0.6106
43117,0.6052
43118,1.0108
43119,0.7463
43120,0.4911
43121,0.6427
43122,0.6942
43123,0.5977
43124,0.6566
43125,0.6066
43126,0.6402
43127,0.6128
43128,0.9052
43129,0.7284
43130,0.7145
43131,0.5192
43132,0.6225
43133,0.6048
43134,0.6721
43135,0.6653
43136,0.8111
43137,0.4673
43138,0.6119
43139,1.0472
43140,0.6531
43141,0.5974
43142,0.6357
43143,0.6241
43144,0.6281
43145,0.7296
43146,0.6346
43147,0.5806
43148,0.5463
43149,0.9145
43150,0.7421
43151,0.8649
43152,0.5713
43153,0.5810
43154,0.6356
43155,0.6624
43156,0.7266
43157,0.5474
43158,0.5728
43159,1.2973
43160,0.3998
43161,0.6456
43162,0.5737
43163,0.5865
43164,0.6670
43165,0.6227
43166,0.6188
43167,0.7038
43168,0.5790
43169,1.0262
43170,0.6395
43171,1.1315
43172,0.7002
43173,0.7109
43174,0.5767
43175,0.7348
43176,1.0957
43177,0.4453
43178,0.3248
43179,0.6906
43180,1.5590
43181,0.1430
43182,0.4099
43183,0.6511
43184,0.6084
43185,0.5814
43186,0.7414
43187,0.5706
43188,0.6153
43189,1.0871
43190,0.6915
43191,0.5900
43192,0.5685
43193,0.8315
43194,0.4588
43195,0.6824
43196,0.5101
43197,0.6986
43198,0.6556
43199,0.9404
43200,0.6638
43201,0.6801
43202,0.5918
43203,0.5688
43204,0.6894
43205,0.7553
43206,0.4736
43207,0.7588
43208,0.4751
43209,0.8395
43210,0.9191
43211,0.4704
43212,0.8508
43213,0.5795
43214,0.6017
43215,0.6898
43216,0.5182
43217,0.9113
43218,0.8973
43219,0.4766
43220,0.7367
43221,1.1172
43222,0.8214
43223,0.8525
43224,0.6106
43225,0.3893
43226,0.6818
43227,0.6613
43228,0.5928
43229,0.9481
43230,0.6414
43231,0.6655
43232,0.5204
43233,0.6440
43234,0.6043
43235,0.7162
43236,0.6747
43237,0.9385
43238,0.2566
43239,0.6826
43240,0.8907
43241,0.6122
43242,1.0923
43243,0.5873
43244,0.5716
43245,0.6984
43246,0.6977
43247,1.5437
43248,0.0914
43249,0.7231
43250,0.8709
43251,0.6715
43252,0.6708
43253,0.5287
43254,0.7094
43255,0.6241
43256,0.5931
43257,0.6509
43258,0.5985
43259,0.6655
43260,1.0372
43261,0.6862
43262,0.6324
43263,0.6801
43264,0.5639
43265,0.5713
43266,0.6664
43267,0.6853
43268,0.6393
43269,0.5921
43270,0.6858
43271,0.8541
43272,1.2083
43273,0.1623
43274,0.5570
43275,0.6716
43276,0.5840
43277,0.6746
43278,0.6656
43279,0.6377
43280,0.9552
43281,0.6144
43282,0.9589
43283,0.7346
43284,0.6445
43285,0.6815
43286,0.6300
43287,0.7109
43288,0.5666
43289,0.5825
43290,0.6255
43291,1.0539
43292,0.7267
43293,1.0336
43294,0.3471
43295,0.5870
43296,0.6289
43297,0.5480
43298,1.0440
43299,0.4694
43300,0.5476
43301,0.9954
43302,0.6283
43303,0.5609
43304,0.5626
43305,0.6761
43306,0.6255
43307,0.5830
43308,0.7586
43309,0.5428
43310,0.8078
43311,0.8194
43312,0.7218
43313,0.6314
43314,0.6026
43315,0.6405
43316,0.6170
43317,1.0906
43318,0.3066
43319,0.4770
43320,0.7033
43321,0.8324
43322,0.8720
43323,0.5884
43324,0.6761
43325,0.6527
43326,0.6564
43327,0.6044
43328,0.6711
43329,0.6431
43330,0.5866
43331,0.9412
43332,0.6691
43333,0.6415
43334,0.5725
43335,0.6696
43336,0.6188
43337,0.5755
43338,0.6929
43339,0.6916
43340,0.6405
43341,0.7449
43342,0.6455
43343,1.3685
43344,0.6836
43345,0.6582
43346,0.5698
43347,0.7193
43348,0.7498
43349,0.4253
43350,0.6017
43351,0.9691
43352,0.7650
43353,0.5937
43354,0.7219
43355,0.6270
43356,0.5132
43357,0.5817
43358,0.7631
43359,0.5809
43360,0.6474
43361,0.8608
43362,0.8238
43363,0.9183
43364,0.5340
43365,0.5595
43366,0.6825
43367,0.6759
43368,0.5839
43369,0.6147
43370,0.6467
43371,0.8749
43372,0.6940
43373,0.6178
43374,0.6654
43375,0.5797
43376,0.6820
43377,0.5873
43378,0.6138
43379,0.7363
43380,0.6650
43381,0.6097
43382,0.6929
43383,0.7818
43384,0.9958
43385,0.7129
43386,0.7477
43387,0.4341
43388,0.6308
43389,0.7690
43390,0.4571
43391,0.6717
43392,0.9525
43393,0.6842
43394,0.7612
43395,0.6237
43396,0.6118
43397,0.5707
43398,0.6217
43399,0.7824
43400,0.5315
43401,0.7208
43402,1.4124
43403,0.1639
43404,0.9909
43405,0.6570
43406,0.8704
43407,0.7303
43408,0.7128
43409,0.7027
43410,0.5248
43411,0.7430
43412,0.8734
43413,0.9034
43414,0.7057
43415,0.7917
43416,0.6080
43417,0.6340
43418,0.6989
43419,0.5844
43420,0.5314
43421,0.5880
43422,1.0258
43423,0.6428
43424,0.6207
43425,0.6091
43426,0.5897
43427,0.6308
43428,0.6551
43429,0.6741
43430,0.5712
43431,1.1191
43432,0.5959
43433,0.8445
43434,0.6687
43435,0.5082
43436,0.6605
43437,0.6740
43438,0.6255
43439,0.7375
43440,0.5051
43441,0.6248
43442,0.9601
43443,0.7065
43444,0.6021
43445,0.6136
43446,0.5397
43447,0.7264
43448,0.5527
43449,0.7399
43450,0.5570
43451,0.5999
43452,1.0822
43453,0.8990
43454,0.6351
43455,0.8266
43456,0.7434
43457,0.4826
43458,0.6948
43459,0.7615
43460,0.5364
43461,0.6233
43462,0.9825
43463,0.7441
43464,0.5257
43465,0.5936
43466,0.6404
43467,0.7286
43468,0.6237
43469,0.5213
43470,0.6868
43471,0.6635
43472,0.9350
43473,0.7021
43474,0.6498
43475,0.7106
43476,0.5298
43477,0.5431
43478,0.7329
43479,0.6641
43480,0.5602
43481,0.6335
43482,1.0327
43483,0.8164
43484,0.4837
43485,0.6773
43486,0.7058
43487,0.4961
43488,0.6610
43489,0.6010
43490,0.8680
43491,0.4705
43492,0.6177
43493,0.9353
43494,0.7477
43495,0.6919
43496,0.6419
43497,0.6372
43498,0.6782
43499,0.5683
43500,0.6209
43501,0.6832
43502,0.5683
43503,0.9022
43504,0.6673
43505,0.9917
43506,0.6474
43507,0.7220
43508,0.5334
43509,0.6223
43510,0.6835
